,Date,Time,Teams,Winners,Links
0,"Dec 19, Wed",1:45 PM,"BRISBANE HEAT vs ADELAIDE STRIKERS, 1st Match",Adelaide Strikers won by 5 wkts,https://www.cricbuzz.com/cricket-scores/20642/brh-vs-ads-1st-match-big-bash-league-2018-19
1,"Dec 20, Thu",1:45 PM,"MELBOURNE RENEGADES vs PERTH SCORCHERS, 2nd Match",Melbourne Renegades won by 4 wkts,https://www.cricbuzz.com/cricket-scores/20643/mlr-vs-prs-2nd-match-big-bash-league-2018-19
2,"Dec 21, Fri",1:45 PM,"SYDNEY THUNDER vs MELBOURNE STARS, 3rd Match",Sydney Thunder won by 15 runs (DLS method-Match reduced to 8 ovs due to rain target 90),https://www.cricbuzz.com/cricket-scores/20644/syt-vs-mls-3rd-match-big-bash-league-2018-19
3,"Dec 22, Sat",10:00 AM,"SYDNEY SIXERS vs PERTH SCORCHERS, 4th Match",Sydney Sixers won by 17 runs,https://www.cricbuzz.com/cricket-scores/20645/sys-vs-prs-4th-match-big-bash-league-2018-19
4,,1:30 PM,"BRISBANE HEAT vs HOBART HURRICANES, 5th Match",Hobart Hurricanes won by 15 runs,https://www.cricbuzz.com/cricket-scores/20646/brh-vs-hbh-5th-match-big-bash-league-2018-19
5,"Dec 23, Sun",1:45 PM,"ADELAIDE STRIKERS vs MELBOURNE RENEGADES, 6th Match",Melbourne Renegades won by 5 wkts,https://www.cricbuzz.com/cricket-scores/20647/ads-vs-mlr-6th-match-big-bash-league-2018-19
6,"Dec 24, Mon",10:15 AM,"HOBART HURRICANES vs MELBOURNE STARS, 7th Match",Hobart Hurricanes won by 6 wkts,https://www.cricbuzz.com/cricket-scores/20648/hbh-vs-mls-7th-match-big-bash-league-2018-19
7,,1:45 PM,"SYDNEY THUNDER vs SYDNEY SIXERS, 8th Match",Sydney Thunder won by 21 runs,https://www.cricbuzz.com/cricket-scores/20649/syt-vs-sys-8th-match-big-bash-league-2018-19
8,"Dec 26, Wed",1:45 PM,"PERTH SCORCHERS vs ADELAIDE STRIKERS, 9th Match",Perth Scorchers won by 7 wkts,https://www.cricbuzz.com/cricket-scores/20650/prs-vs-ads-9th-match-big-bash-league-2018-19
9,"Dec 27, Thu",1:45 PM,"SYDNEY SIXERS vs MELBOURNE STARS, 10th Match",Melbourne Stars won by 5 wkts,https://www.cricbuzz.com/cricket-scores/20651/sys-vs-mls-10th-match-big-bash-league-2018-19
10,"Dec 28, Fri",1:45 PM,"HOBART HURRICANES vs SYDNEY THUNDER, 11th Match",Hobart Hurricanes won by 7 wkts,https://www.cricbuzz.com/cricket-scores/20652/hbh-vs-syt-11th-match-big-bash-league-2018-19
11,"Dec 29, Sat",1:30 PM,"MELBOURNE RENEGADES vs SYDNEY SIXERS, 12th Match",Sydney Sixers won by 33 runs,https://www.cricbuzz.com/cricket-scores/20653/mlr-vs-sys-12th-match-big-bash-league-2018-19
12,"Dec 30, Sun",1:45 PM,"HOBART HURRICANES vs PERTH SCORCHERS, 13th Match",Hobart Hurricanes won by 6 wkts,https://www.cricbuzz.com/cricket-scores/20654/hbh-vs-prs-13th-match-big-bash-league-2018-19
13,"Dec 31, Mon",1:45 PM,"ADELAIDE STRIKERS vs SYDNEY THUNDER, 14th Match",Adelaide Strikers won by 20 runs,https://www.cricbuzz.com/cricket-scores/20655/ads-vs-syt-14th-match-big-bash-league-2018-19
14,"Jan 01, Tue",9:30 AM,"BRISBANE HEAT vs SYDNEY SIXERS, 15th Match",Sydney Sixers won by 5 wkts,https://www.cricbuzz.com/cricket-scores/20656/brh-vs-sys-15th-match-big-bash-league-2018-19
15,,1:45 PM,"MELBOURNE STARS vs MELBOURNE RENEGADES, 16th Match",Melbourne Stars won by 7 wkts,https://www.cricbuzz.com/cricket-scores/20657/mls-vs-mlr-16th-match-big-bash-league-2018-19
16,"Jan 02, Wed",1:45 PM,"SYDNEY THUNDER vs PERTH SCORCHERS, 17th Match",Sydney Thunder won by 1 run,https://www.cricbuzz.com/cricket-scores/20658/syt-vs-prs-17th-match-big-bash-league-2018-19
17,"Jan 03, Thu",1:45 PM,"MELBOURNE RENEGADES vs ADELAIDE STRIKERS, 18th Match",Adelaide Strikers won by 32 runs,https://www.cricbuzz.com/cricket-scores/20659/mlr-vs-ads-18th-match-big-bash-league-2018-19
18,"Jan 04, Fri",1:45 PM,"HOBART HURRICANES vs SYDNEY SIXERS, 19th Match",Hobart Hurricanes won by 5 wkts,https://www.cricbuzz.com/cricket-scores/20660/hbh-vs-sys-19th-match-big-bash-league-2018-19
19,"Jan 05, Sat",12:45 PM,"MELBOURNE STARS vs SYDNEY THUNDER, 20th Match",Melbourne Stars won by 8 wkts,https://www.cricbuzz.com/cricket-scores/20661/mls-vs-syt-20th-match-big-bash-league-2018-19
20,,4:00 PM,"PERTH SCORCHERS vs BRISBANE HEAT, 21st Match",Brisbane Heat won by 5 wkts,https://www.cricbuzz.com/cricket-scores/20662/prs-vs-brh-21st-match-big-bash-league-2018-19
21,"Jan 06, Sun",1:45 PM,"ADELAIDE STRIKERS vs SYDNEY SIXERS, 22nd Match",Sydney Sixers won by 6 wkts,https://www.cricbuzz.com/cricket-scores/20663/ads-vs-sys-22nd-match-big-bash-league-2018-19
22,"Jan 07, Mon",1:45 PM,"MELBOURNE RENEGADES vs HOBART HURRICANES, 23rd Match",Melbourne Renegades won by 6 wkts,https://www.cricbuzz.com/cricket-scores/20664/mlr-vs-hbh-23rd-match-big-bash-league-2018-19
23,"Jan 08, Tue",1:45 PM,"SYDNEY THUNDER vs BRISBANE HEAT, 24th Match",Brisbane Heat won by 15 runs (DLS method),https://www.cricbuzz.com/cricket-scores/20665/syt-vs-brh-24th-match-big-bash-league-2018-19
24,"Jan 09, Wed",1:45 PM,"MELBOURNE STARS vs PERTH SCORCHERS, 25th Match",Perth Scorchers won by 6 wkts,https://www.cricbuzz.com/cricket-scores/20666/mls-vs-prs-25th-match-big-bash-league-2018-19
25,"Jan 10, Thu",1:45 PM,"BRISBANE HEAT vs MELBOURNE RENEGADES, 26th Match",Melbourne Renegades won by 8 wkts,https://www.cricbuzz.com/cricket-scores/20667/brh-vs-mlr-26th-match-big-bash-league-2018-19
26,"Jan 11, Fri",1:30 PM,"ADELAIDE STRIKERS vs MELBOURNE STARS, 27th Match",Adelaide Strikers won by 41 runs,https://www.cricbuzz.com/cricket-scores/20668/ads-vs-mls-27th-match-big-bash-league-2018-19
27,"Jan 13, Sun",9:15 AM,"SYDNEY THUNDER vs ADELAIDE STRIKERS, 28th Match",Sydney Thunder won by 71 runs,https://www.cricbuzz.com/cricket-scores/20669/syt-vs-ads-28th-match-big-bash-league-2018-19
28,,1:05 PM,"MELBOURNE RENEGADES vs BRISBANE HEAT, 29th Match",Brisbane Heat won by 101 runs,https://www.cricbuzz.com/cricket-scores/20670/mlr-vs-brh-29th-match-big-bash-league-2018-19
29,,4:05 PM,"PERTH SCORCHERS vs SYDNEY SIXERS, 30th Match",Perth Scorchers won by 7 wkts,https://www.cricbuzz.com/cricket-scores/20671/prs-vs-sys-30th-match-big-bash-league-2018-19
30,"Jan 14, Mon",1:45 PM,"MELBOURNE STARS vs HOBART HURRICANES, 31st Match",Hobart Hurricanes won by 59 runs,https://www.cricbuzz.com/cricket-scores/20672/mls-vs-hbh-31st-match-big-bash-league-2018-19
31,"Jan 16, Wed",1:45 PM,"SYDNEY SIXERS vs MELBOURNE RENEGADES, 32nd Match",Melbourne Renegades won by 7 wkts,https://www.cricbuzz.com/cricket-scores/20673/sys-vs-mlr-32nd-match-big-bash-league-2018-19
32,"Jan 17, Thu",1:45 PM,"BRISBANE HEAT vs SYDNEY THUNDER, 33rd Match",No result - Due to floodlight failure,https://www.cricbuzz.com/cricket-scores/20674/brh-vs-syt-33rd-match-big-bash-league-2018-19
33,"Jan 18, Fri",4:00 PM,"PERTH SCORCHERS vs HOBART HURRICANES, 34th Match",Hobart Hurricanes won by 4 wkts,https://www.cricbuzz.com/cricket-scores/20675/prs-vs-hbh-34th-match-big-bash-league-2018-19
34,"Jan 19, Sat",1:15 PM,"MELBOURNE RENEGADES vs MELBOURNE STARS, 35th Match",Melbourne Stars won by 6 wkts,https://www.cricbuzz.com/cricket-scores/20676/mlr-vs-mls-35th-match-big-bash-league-2018-19
35,"Jan 20, Sun",1:45 PM,"SYDNEY SIXERS vs BRISBANE HEAT, 36th Match",Sydney Sixers won by 79 runs,https://www.cricbuzz.com/cricket-scores/20677/sys-vs-brh-36th-match-big-bash-league-2018-19
36,"Jan 21, Mon",1:45 PM,"ADELAIDE STRIKERS vs HOBART HURRICANES, 37th Match",Hobart Hurricanes won by 10 wkts,https://www.cricbuzz.com/cricket-scores/20678/ads-vs-hbh-37th-match-big-bash-league-2018-19
37,"Jan 22, Tue",1:45 PM,"SYDNEY THUNDER vs MELBOURNE RENEGADES, 38th Match",Melbourne Renegades won by 12 runs,https://www.cricbuzz.com/cricket-scores/20679/syt-vs-mlr-38th-match-big-bash-league-2018-19
38,"Jan 23, Wed",9:30 AM,"MELBOURNE STARS vs ADELAIDE STRIKERS, 39th Match",Melbourne Stars won by 44 runs,https://www.cricbuzz.com/cricket-scores/20680/mls-vs-ads-39th-match-big-bash-league-2018-19
39,,1:45 PM,"SYDNEY SIXERS vs HOBART HURRICANES, 40th Match",Sydney Sixers won by 9 wkts,https://www.cricbuzz.com/cricket-scores/20681/sys-vs-hbh-40th-match-big-bash-league-2018-19
40,"Jan 24, Thu",4:10 PM,"PERTH SCORCHERS vs SYDNEY THUNDER, 41st Match",Sydney Thunder won by 6 wkts,https://www.cricbuzz.com/cricket-scores/20682/prs-vs-syt-41st-match-big-bash-league-2018-19
41,"Jan 27, Sun",1:45 PM,"MELBOURNE STARS vs BRISBANE HEAT, 42nd Match",Melbourne Stars won by 5 runs,https://www.cricbuzz.com/cricket-scores/20683/mls-vs-brh-42nd-match-big-bash-league-2018-19
42,"Jan 28, Mon",3:45 PM,"PERTH SCORCHERS vs MELBOURNE RENEGADES, 43rd Match",Melbourne Renegades won by 78 runs,https://www.cricbuzz.com/cricket-scores/20684/prs-vs-mlr-43rd-match-big-bash-league-2018-19
43,"Jan 29, Tue",10:30 AM,"HOBART HURRICANES vs BRISBANE HEAT, 44th Match",Hobart Hurricanes won by 9 wkts,https://www.cricbuzz.com/cricket-scores/20685/hbh-vs-brh-44th-match-big-bash-league-2018-19
44,,1:30 PM,"SYDNEY SIXERS vs ADELAIDE STRIKERS, 45th Match",Sydney Sixers won by 8 wkts,https://www.cricbuzz.com/cricket-scores/20686/sys-vs-ads-45th-match-big-bash-league-2018-19
45,"Jan 30, Wed",1:45 PM,"MELBOURNE RENEGADES vs SYDNEY THUNDER, 46th Match",Melbourne Renegades won by 27 runs,https://www.cricbuzz.com/cricket-scores/20687/mlr-vs-syt-46th-match-big-bash-league-2018-19
46,"Jan 31, Thu",2:00 PM,"HOBART HURRICANES vs ADELAIDE STRIKERS, 47th Match",Adelaide Strikers won by 7 wkts,https://www.cricbuzz.com/cricket-scores/20688/hbh-vs-ads-47th-match-big-bash-league-2018-19
47,"Feb 01, Fri",3:10 PM,"BRISBANE HEAT vs PERTH SCORCHERS, 48th Match",Brisbane Heat won by 6 wkts,https://www.cricbuzz.com/cricket-scores/20689/brh-vs-prs-48th-match-big-bash-league-2018-19
48,"Feb 02, Sat",1:30 PM,"SYDNEY SIXERS vs SYDNEY THUNDER, 49th Match",Sydney Sixers won by 9 wkts,https://www.cricbuzz.com/cricket-scores/20690/sys-vs-syt-49th-match-big-bash-league-2018-19
49,"Feb 03, Sun",12:45 PM,"ADELAIDE STRIKERS vs BRISBANE HEAT, 50th Match",Brisbane Heat won by 6 wkts,https://www.cricbuzz.com/cricket-scores/20691/ads-vs-brh-50th-match-big-bash-league-2018-19
50,,3:45 PM,"PERTH SCORCHERS vs MELBOURNE STARS, 51st Match",Perth Scorchers won by 27 runs,https://www.cricbuzz.com/cricket-scores/20692/prs-vs-mls-51st-match-big-bash-league-2018-19
51,"Feb 07, Thu",2:00 PM,"HOBART HURRICANES vs MELBOURNE RENEGADES, 52nd Match",Hobart Hurricanes won by 16 runs,https://www.cricbuzz.com/cricket-scores/20693/hbh-vs-mlr-52nd-match-big-bash-league-2018-19
52,"Feb 08, Fri",3:10 PM,"BRISBANE HEAT vs MELBOURNE STARS, 53rd Match",Brisbane Heat won by 10 wkts,https://www.cricbuzz.com/cricket-scores/20694/brh-vs-mls-53rd-match-big-bash-league-2018-19
53,"Feb 09, Sat",9:30 AM,"ADELAIDE STRIKERS vs PERTH SCORCHERS, 54th Match",Adelaide Strikers won by 5 wkts,https://www.cricbuzz.com/cricket-scores/20695/ads-vs-prs-54th-match-big-bash-league-2018-19
54,,12:45 PM,"SYDNEY THUNDER vs HOBART HURRICANES, 55th Match",Sydney Thunder won by 4 wkts - 19 overs game due to rain (DLS Method),https://www.cricbuzz.com/cricket-scores/20696/syt-vs-hbh-55th-match-big-bash-league-2018-19
55,"Feb 10, Sun",9:15 AM,"MELBOURNE STARS vs SYDNEY SIXERS, 56th Match",Melbourne Stars won by 94 runs,https://www.cricbuzz.com/cricket-scores/20697/mls-vs-sys-56th-match-big-bash-league-2018-19
56,"Feb 14, Thu",2:00 PM,"HOBART HURRICANES vs MELBOURNE STARS, 1st Semi-Final",Melbourne Stars won by 6 wkts,https://www.cricbuzz.com/cricket-scores/20698/hbh-vs-mls-1st-semi-final-big-bash-league-2018-19
57,"Feb 15, Fri",2:10 PM,"MELBOURNE RENEGADES vs SYDNEY SIXERS, 2nd Semi-Final",Melbourne Renegades won by 3 wkts,https://www.cricbuzz.com/cricket-scores/20699/mlr-vs-sys-2nd-semi-final-big-bash-league-2018-19
58,"Feb 17, Sun",9:15 AM,"MELBOURNE RENEGADES vs MELBOURNE STARS, Final",Melbourne Renegades won by 13 runs,https://www.cricbuzz.com/cricket-scores/20700/mlr-vs-mls-final-big-bash-league-2018-19
