,Date,Time,Stadium,City,Match Details,Team Bowling,Total Runs Conceeded,Total Wickets Taken,Bowler Name,Overs,Maidens,Runs,Wickets,No Balls,Wides,Economies
0,"Dec 17, ",07:40 PM,"Sydney Showground Stadium, ",Sydney,"Sydney Thunder vs Sydney Sixers, 1st Match - Live Cricket Score, Commentary",Sydney Sixers Innings,158,4,Jackson Bird,3,0,29,0,0,0,9.67
1,"Dec 17, ",07:40 PM,"Sydney Showground Stadium, ",Sydney,"Sydney Thunder vs Sydney Sixers, 1st Match - Live Cricket Score, Commentary",Sydney Sixers Innings,158,4,Doug Bollinger,4,0,33,1,0,0,8.25
2,"Dec 17, ",07:40 PM,"Sydney Showground Stadium, ",Sydney,"Sydney Thunder vs Sydney Sixers, 1st Match - Live Cricket Score, Commentary",Sydney Sixers Innings,158,4,Johan Botha,4,0,27,0,0,0,6.75
3,"Dec 17, ",07:40 PM,"Sydney Showground Stadium, ",Sydney,"Sydney Thunder vs Sydney Sixers, 1st Match - Live Cricket Score, Commentary",Sydney Sixers Innings,158,4,Sean Abbott,3,0,28,1,0,0,9.33
4,"Dec 17, ",07:40 PM,"Sydney Showground Stadium, ",Sydney,"Sydney Thunder vs Sydney Sixers, 1st Match - Live Cricket Score, Commentary",Sydney Sixers Innings,158,4,Nathan Lyon,4,0,28,1,0,0,7.00
5,"Dec 17, ",07:40 PM,"Sydney Showground Stadium, ",Sydney,"Sydney Thunder vs Sydney Sixers, 1st Match - Live Cricket Score, Commentary",Sydney Sixers Innings,158,4,Trent Lawford,2,0,12,1,0,0,6.00
6,"Dec 17, ",07:40 PM,"Sydney Showground Stadium, ",Sydney,"Sydney Thunder vs Sydney Sixers, 1st Match - Live Cricket Score, Commentary",Sydney Thunder Innings,122,10,Chris Green,2,0,14,1,0,0,7.00
7,"Dec 17, ",07:40 PM,"Sydney Showground Stadium, ",Sydney,"Sydney Thunder vs Sydney Sixers, 1st Match - Live Cricket Score, Commentary",Sydney Thunder Innings,122,10,Gurinder Sandhu,3,0,30,0,0,3,10.00
8,"Dec 17, ",07:40 PM,"Sydney Showground Stadium, ",Sydney,"Sydney Thunder vs Sydney Sixers, 1st Match - Live Cricket Score, Commentary",Sydney Thunder Innings,122,10,Clint McKay,2.5,0,11,2,0,0,4.40
9,"Dec 17, ",07:40 PM,"Sydney Showground Stadium, ",Sydney,"Sydney Thunder vs Sydney Sixers, 1st Match - Live Cricket Score, Commentary",Sydney Thunder Innings,122,10,Andre Russell,4,1,13,3,0,0,3.25
10,"Dec 17, ",07:40 PM,"Sydney Showground Stadium, ",Sydney,"Sydney Thunder vs Sydney Sixers, 1st Match - Live Cricket Score, Commentary",Sydney Thunder Innings,122,10,Jacques Kallis,3,0,16,1,0,1,5.33
11,"Dec 17, ",07:40 PM,"Sydney Showground Stadium, ",Sydney,"Sydney Thunder vs Sydney Sixers, 1st Match - Live Cricket Score, Commentary",Sydney Thunder Innings,122,10,Fawad Ahmed,3,0,22,0,0,0,7.33
12,"Dec 17, ",07:40 PM,"Sydney Showground Stadium, ",Sydney,"Sydney Thunder vs Sydney Sixers, 1st Match - Live Cricket Score, Commentary",Sydney Thunder Innings,122,10,Shane Watson,2,0,13,3,0,1,6.50
13,"Dec 18, ",07:10 PM,"Adelaide Oval, ",Adelaide,"Adelaide Strikers vs Melbourne Stars, 2nd Match - Live Cricket Score, Commentary",Melbourne Stars Innings,187,5,Michael Beer,4,0,32,1,0,2,8.00
14,"Dec 18, ",07:10 PM,"Adelaide Oval, ",Adelaide,"Adelaide Strikers vs Melbourne Stars, 2nd Match - Live Cricket Score, Commentary",Melbourne Stars Innings,187,5,James Faulkner,4,0,21,1,0,0,5.25
15,"Dec 18, ",07:10 PM,"Adelaide Oval, ",Adelaide,"Adelaide Strikers vs Melbourne Stars, 2nd Match - Live Cricket Score, Commentary",Melbourne Stars Innings,187,5,Scott Boland,4,0,55,2,0,0,13.75
16,"Dec 18, ",07:10 PM,"Adelaide Oval, ",Adelaide,"Adelaide Strikers vs Melbourne Stars, 2nd Match - Live Cricket Score, Commentary",Melbourne Stars Innings,187,5,Adam Zampa,4,0,36,0,0,1,9.00
17,"Dec 18, ",07:10 PM,"Adelaide Oval, ",Adelaide,"Adelaide Strikers vs Melbourne Stars, 2nd Match - Live Cricket Score, Commentary",Melbourne Stars Innings,187,5,John Hastings,4,0,40,1,1,0,10.00
18,"Dec 18, ",07:10 PM,"Adelaide Oval, ",Adelaide,"Adelaide Strikers vs Melbourne Stars, 2nd Match - Live Cricket Score, Commentary",Adelaide Strikers Innings,168,7,Jon Holland,4,0,36,0,0,0,9.00
19,"Dec 18, ",07:10 PM,"Adelaide Oval, ",Adelaide,"Adelaide Strikers vs Melbourne Stars, 2nd Match - Live Cricket Score, Commentary",Adelaide Strikers Innings,168,7,Kane Richardson,4,0,22,3,0,1,5.50
20,"Dec 18, ",07:10 PM,"Adelaide Oval, ",Adelaide,"Adelaide Strikers vs Melbourne Stars, 2nd Match - Live Cricket Score, Commentary",Adelaide Strikers Innings,168,7,Michael Neser,3,0,39,0,0,1,13.00
21,"Dec 18, ",07:10 PM,"Adelaide Oval, ",Adelaide,"Adelaide Strikers vs Melbourne Stars, 2nd Match - Live Cricket Score, Commentary",Adelaide Strikers Innings,168,7,Ben Laughlin,4,0,38,2,0,1,9.50
22,"Dec 18, ",07:10 PM,"Adelaide Oval, ",Adelaide,"Adelaide Strikers vs Melbourne Stars, 2nd Match - Live Cricket Score, Commentary",Adelaide Strikers Innings,168,7,Adil Rashid,4,0,27,2,0,4,6.75
23,"Dec 18, ",07:10 PM,"Adelaide Oval, ",Adelaide,"Adelaide Strikers vs Melbourne Stars, 2nd Match - Live Cricket Score, Commentary",Adelaide Strikers Innings,168,7,Craig Simmons,1,0,3,0,0,0,3.00
24,"Dec 19, ",06:10 PM,"The Gabba, ",Brisbane,"Brisbane Heat vs Melbourne Renegades, 3rd Match - Live Cricket Score, Commentary",Melbourne Renegades Innings,180,5,Chris Tremain,4,0,32,1,0,1,8.00
25,"Dec 19, ",06:10 PM,"The Gabba, ",Brisbane,"Brisbane Heat vs Melbourne Renegades, 3rd Match - Live Cricket Score, Commentary",Melbourne Renegades Innings,180,5,Nathan Rimmington,4,0,33,1,0,0,8.25
26,"Dec 19, ",06:10 PM,"The Gabba, ",Brisbane,"Brisbane Heat vs Melbourne Renegades, 3rd Match - Live Cricket Score, Commentary",Melbourne Renegades Innings,180,5,Guy Walker,3,0,47,0,0,2,15.67
27,"Dec 19, ",06:10 PM,"The Gabba, ",Brisbane,"Brisbane Heat vs Melbourne Renegades, 3rd Match - Live Cricket Score, Commentary",Melbourne Renegades Innings,180,5,Dwayne Bravo,4,0,30,1,0,2,7.50
28,"Dec 19, ",06:10 PM,"The Gabba, ",Brisbane,"Brisbane Heat vs Melbourne Renegades, 3rd Match - Live Cricket Score, Commentary",Melbourne Renegades Innings,180,5,Xavier Doherty,4,0,29,2,0,0,7.25
29,"Dec 19, ",06:10 PM,"The Gabba, ",Brisbane,"Brisbane Heat vs Melbourne Renegades, 3rd Match - Live Cricket Score, Commentary",Melbourne Renegades Innings,180,5,Chris Gayle,1,0,6,0,0,0,6.00
30,"Dec 19, ",06:10 PM,"The Gabba, ",Brisbane,"Brisbane Heat vs Melbourne Renegades, 3rd Match - Live Cricket Score, Commentary",Brisbane Heat Innings,184,3,Josh Lalor,2,0,18,0,0,0,9.00
31,"Dec 19, ",06:10 PM,"The Gabba, ",Brisbane,"Brisbane Heat vs Melbourne Renegades, 3rd Match - Live Cricket Score, Commentary",Brisbane Heat Innings,184,3,Mark Steketee,4,0,40,1,0,2,10.00
32,"Dec 19, ",06:10 PM,"The Gabba, ",Brisbane,"Brisbane Heat vs Melbourne Renegades, 3rd Match - Live Cricket Score, Commentary",Brisbane Heat Innings,184,3,Andrew Fekete,4,0,44,2,0,1,11.00
33,"Dec 19, ",06:10 PM,"The Gabba, ",Brisbane,"Brisbane Heat vs Melbourne Renegades, 3rd Match - Live Cricket Score, Commentary",Brisbane Heat Innings,184,3,Ben Cutting,3,0,31,0,0,1,10.33
34,"Dec 19, ",06:10 PM,"The Gabba, ",Brisbane,"Brisbane Heat vs Melbourne Renegades, 3rd Match - Live Cricket Score, Commentary",Brisbane Heat Innings,184,3,Samuel Badree,4,0,20,0,0,0,5.00
35,"Dec 19, ",06:10 PM,"The Gabba, ",Brisbane,"Brisbane Heat vs Melbourne Renegades, 3rd Match - Live Cricket Score, Commentary",Brisbane Heat Innings,184,3,James Hopes,2.3,0,27,0,0,0,11.74
36,"Dec 20, ",04:20 PM,"Sydney Cricket Ground, ",Sydney,"Sydney Sixers vs Hobart Hurricanes, 4th Match - Live Cricket Score, Commentary",Hobart Hurricanes Innings,186,7,Shaun Tait,4,0,33,2,0,0,8.25
37,"Dec 20, ",04:20 PM,"Sydney Cricket Ground, ",Sydney,"Sydney Sixers vs Hobart Hurricanes, 4th Match - Live Cricket Score, Commentary",Hobart Hurricanes Innings,186,7,Sam Rainbird,2,0,17,0,0,1,8.50
38,"Dec 20, ",04:20 PM,"Sydney Cricket Ground, ",Sydney,"Sydney Sixers vs Hobart Hurricanes, 4th Match - Live Cricket Score, Commentary",Hobart Hurricanes Innings,186,7,Ben Dunk,1,0,10,0,0,0,10.00
39,"Dec 20, ",04:20 PM,"Sydney Cricket Ground, ",Sydney,"Sydney Sixers vs Hobart Hurricanes, 4th Match - Live Cricket Score, Commentary",Hobart Hurricanes Innings,186,7,Daren Sammy,2,0,32,0,0,0,16.00
40,"Dec 20, ",04:20 PM,"Sydney Cricket Ground, ",Sydney,"Sydney Sixers vs Hobart Hurricanes, 4th Match - Live Cricket Score, Commentary",Hobart Hurricanes Innings,186,7,Joe Mennie,3,0,38,1,0,2,12.67
41,"Dec 20, ",04:20 PM,"Sydney Cricket Ground, ",Sydney,"Sydney Sixers vs Hobart Hurricanes, 4th Match - Live Cricket Score, Commentary",Hobart Hurricanes Innings,186,7,Cameron Boyce,4,0,25,2,0,1,6.25
42,"Dec 20, ",04:20 PM,"Sydney Cricket Ground, ",Sydney,"Sydney Sixers vs Hobart Hurricanes, 4th Match - Live Cricket Score, Commentary",Hobart Hurricanes Innings,186,7,Daniel Christian,4,0,24,0,0,1,6.00
43,"Dec 20, ",04:20 PM,"Sydney Cricket Ground, ",Sydney,"Sydney Sixers vs Hobart Hurricanes, 4th Match - Live Cricket Score, Commentary",Sydney Sixers Innings,91,10,Nathan Lyon,3.5,0,23,5,0,0,6.57
44,"Dec 20, ",04:20 PM,"Sydney Cricket Ground, ",Sydney,"Sydney Sixers vs Hobart Hurricanes, 4th Match - Live Cricket Score, Commentary",Sydney Sixers Innings,91,10,Johan Botha,2,0,12,0,0,2,6.00
45,"Dec 20, ",04:20 PM,"Sydney Cricket Ground, ",Sydney,"Sydney Sixers vs Hobart Hurricanes, 4th Match - Live Cricket Score, Commentary",Sydney Sixers Innings,91,10,Doug Bollinger,2,0,3,1,0,0,1.50
46,"Dec 20, ",04:20 PM,"Sydney Cricket Ground, ",Sydney,"Sydney Sixers vs Hobart Hurricanes, 4th Match - Live Cricket Score, Commentary",Sydney Sixers Innings,91,10,Jackson Bird,3,0,26,0,0,0,8.67
47,"Dec 20, ",04:20 PM,"Sydney Cricket Ground, ",Sydney,"Sydney Sixers vs Hobart Hurricanes, 4th Match - Live Cricket Score, Commentary",Sydney Sixers Innings,91,10,Steve OKeefe,4,0,17,2,0,0,4.25
48,"Dec 20, ",04:20 PM,"Sydney Cricket Ground, ",Sydney,"Sydney Sixers vs Hobart Hurricanes, 4th Match - Live Cricket Score, Commentary",Sydney Sixers Innings,91,10,Sean Abbott,1,0,5,1,0,0,5.00
49,"Dec 20, ",07:25 PM,"Melbourne Cricket Ground, ",Melbourne,"Melbourne Stars vs Sydney Thunder, 5th Match - Live Cricket Score, Commentary",Melbourne Stars Innings,178,6,Ben Hilfenhaus,2,0,22,0,0,1,11.00
50,"Dec 20, ",07:25 PM,"Melbourne Cricket Ground, ",Melbourne,"Melbourne Stars vs Sydney Thunder, 5th Match - Live Cricket Score, Commentary",Melbourne Stars Innings,178,6,James Faulkner,4,0,49,0,1,2,12.25
51,"Dec 20, ",07:25 PM,"Melbourne Cricket Ground, ",Melbourne,"Melbourne Stars vs Sydney Thunder, 5th Match - Live Cricket Score, Commentary",Melbourne Stars Innings,178,6,Scott Boland,3,0,18,1,0,0,6.00
52,"Dec 20, ",07:25 PM,"Melbourne Cricket Ground, ",Melbourne,"Melbourne Stars vs Sydney Thunder, 5th Match - Live Cricket Score, Commentary",Melbourne Stars Innings,178,6,John Hastings,4,0,32,2,0,2,8.00
53,"Dec 20, ",07:25 PM,"Melbourne Cricket Ground, ",Melbourne,"Melbourne Stars vs Sydney Thunder, 5th Match - Live Cricket Score, Commentary",Melbourne Stars Innings,178,6,Glenn Maxwell,4,0,28,2,0,0,7.00
54,"Dec 20, ",07:25 PM,"Melbourne Cricket Ground, ",Melbourne,"Melbourne Stars vs Sydney Thunder, 5th Match - Live Cricket Score, Commentary",Melbourne Stars Innings,178,6,Adam Zampa,3,0,27,1,0,0,9.00
55,"Dec 20, ",07:25 PM,"Melbourne Cricket Ground, ",Melbourne,"Melbourne Stars vs Sydney Thunder, 5th Match - Live Cricket Score, Commentary",Sydney Thunder Innings,177,5,Andre Russell,4,0,28,2,2,0,7.00
56,"Dec 20, ",07:25 PM,"Melbourne Cricket Ground, ",Melbourne,"Melbourne Stars vs Sydney Thunder, 5th Match - Live Cricket Score, Commentary",Sydney Thunder Innings,177,5,Gurinder Sandhu,3,0,37,0,1,0,12.33
57,"Dec 20, ",07:25 PM,"Melbourne Cricket Ground, ",Melbourne,"Melbourne Stars vs Sydney Thunder, 5th Match - Live Cricket Score, Commentary",Sydney Thunder Innings,177,5,Clint McKay,3,0,27,1,0,0,9.00
58,"Dec 20, ",07:25 PM,"Melbourne Cricket Ground, ",Melbourne,"Melbourne Stars vs Sydney Thunder, 5th Match - Live Cricket Score, Commentary",Sydney Thunder Innings,177,5,Jacques Kallis,4,0,34,1,0,1,8.50
59,"Dec 20, ",07:25 PM,"Melbourne Cricket Ground, ",Melbourne,"Melbourne Stars vs Sydney Thunder, 5th Match - Live Cricket Score, Commentary",Sydney Thunder Innings,177,5,Shane Watson,3,0,29,1,0,3,9.67
60,"Dec 20, ",07:25 PM,"Melbourne Cricket Ground, ",Melbourne,"Melbourne Stars vs Sydney Thunder, 5th Match - Live Cricket Score, Commentary",Sydney Thunder Innings,177,5,Fawad Ahmed,3,0,20,0,0,0,6.67
61,"Dec 21, ",04:10 PM,"W.A.C.A. Ground, ",Perth,"Perth Scorchers vs Adelaide Strikers, 6th Match - Live Cricket Score, Commentary",Adelaide Strikers Innings,151,6,Michael Neser,4,0,26,1,0,1,6.50
62,"Dec 21, ",04:10 PM,"W.A.C.A. Ground, ",Perth,"Perth Scorchers vs Adelaide Strikers, 6th Match - Live Cricket Score, Commentary",Adelaide Strikers Innings,151,6,Jon Holland,3,0,29,0,0,0,9.67
63,"Dec 21, ",04:10 PM,"W.A.C.A. Ground, ",Perth,"Perth Scorchers vs Adelaide Strikers, 6th Match - Live Cricket Score, Commentary",Adelaide Strikers Innings,151,6,Kane Richardson,4,0,43,0,0,0,10.75
64,"Dec 21, ",04:10 PM,"W.A.C.A. Ground, ",Perth,"Perth Scorchers vs Adelaide Strikers, 6th Match - Live Cricket Score, Commentary",Adelaide Strikers Innings,151,6,Ben Laughlin,3,0,20,2,0,1,6.67
65,"Dec 21, ",04:10 PM,"W.A.C.A. Ground, ",Perth,"Perth Scorchers vs Adelaide Strikers, 6th Match - Live Cricket Score, Commentary",Adelaide Strikers Innings,151,6,Travis Head,2,0,8,1,0,0,4.00
66,"Dec 21, ",04:10 PM,"W.A.C.A. Ground, ",Perth,"Perth Scorchers vs Adelaide Strikers, 6th Match - Live Cricket Score, Commentary",Adelaide Strikers Innings,151,6,Adil Rashid,4,0,21,2,0,0,5.25
67,"Dec 21, ",04:10 PM,"W.A.C.A. Ground, ",Perth,"Perth Scorchers vs Adelaide Strikers, 6th Match - Live Cricket Score, Commentary",Perth Scorchers Innings,152,6,Joel Paris,4,0,39,2,0,1,9.75
68,"Dec 21, ",04:10 PM,"W.A.C.A. Ground, ",Perth,"Perth Scorchers vs Adelaide Strikers, 6th Match - Live Cricket Score, Commentary",Perth Scorchers Innings,152,6,Nathan Coulter-Nile,3,0,18,1,0,0,6.00
69,"Dec 21, ",04:10 PM,"W.A.C.A. Ground, ",Perth,"Perth Scorchers vs Adelaide Strikers, 6th Match - Live Cricket Score, Commentary",Perth Scorchers Innings,152,6,David Willey,4,0,24,2,0,1,6.00
70,"Dec 21, ",04:10 PM,"W.A.C.A. Ground, ",Perth,"Perth Scorchers vs Adelaide Strikers, 6th Match - Live Cricket Score, Commentary",Perth Scorchers Innings,152,6,Mitchell Marsh,2,0,16,0,0,1,8.00
71,"Dec 21, ",04:10 PM,"W.A.C.A. Ground, ",Perth,"Perth Scorchers vs Adelaide Strikers, 6th Match - Live Cricket Score, Commentary",Perth Scorchers Innings,152,6,Brad Hogg,4,0,24,0,0,0,6.00
72,"Dec 21, ",04:10 PM,"W.A.C.A. Ground, ",Perth,"Perth Scorchers vs Adelaide Strikers, 6th Match - Live Cricket Score, Commentary",Perth Scorchers Innings,152,6,Andrew Tye,2.1,0,25,1,1,5,11.90
73,"Dec 22, ",07:10 PM,"Bellerive Oval, ",Hobart,"Hobart Hurricanes vs Brisbane Heat, 7th Match - Live Cricket Score, Commentary",Brisbane Heat Innings,184,3,Josh Lalor,4,0,32,0,1,0,8.00
74,"Dec 22, ",07:10 PM,"Bellerive Oval, ",Hobart,"Hobart Hurricanes vs Brisbane Heat, 7th Match - Live Cricket Score, Commentary",Brisbane Heat Innings,184,3,Jason Floros,2,0,12,0,0,0,6.00
75,"Dec 22, ",07:10 PM,"Bellerive Oval, ",Hobart,"Hobart Hurricanes vs Brisbane Heat, 7th Match - Live Cricket Score, Commentary",Brisbane Heat Innings,184,3,Samuel Badree,4,0,37,0,0,0,9.25
76,"Dec 22, ",07:10 PM,"Bellerive Oval, ",Hobart,"Hobart Hurricanes vs Brisbane Heat, 7th Match - Live Cricket Score, Commentary",Brisbane Heat Innings,184,3,Andrew Fekete,3,0,32,1,0,1,10.67
77,"Dec 22, ",07:10 PM,"Bellerive Oval, ",Hobart,"Hobart Hurricanes vs Brisbane Heat, 7th Match - Live Cricket Score, Commentary",Brisbane Heat Innings,184,3,James Hopes,3,0,37,0,0,0,12.33
78,"Dec 22, ",07:10 PM,"Bellerive Oval, ",Hobart,"Hobart Hurricanes vs Brisbane Heat, 7th Match - Live Cricket Score, Commentary",Brisbane Heat Innings,184,3,Ben Cutting,4,0,32,1,0,0,8.00
79,"Dec 22, ",07:10 PM,"Bellerive Oval, ",Hobart,"Hobart Hurricanes vs Brisbane Heat, 7th Match - Live Cricket Score, Commentary",Hobart Hurricanes Innings,164,8,Shaun Tait,4,0,25,1,0,2,6.25
80,"Dec 22, ",07:10 PM,"Bellerive Oval, ",Hobart,"Hobart Hurricanes vs Brisbane Heat, 7th Match - Live Cricket Score, Commentary",Hobart Hurricanes Innings,164,8,Sam Rainbird,4,0,37,3,0,0,9.25
81,"Dec 22, ",07:10 PM,"Bellerive Oval, ",Hobart,"Hobart Hurricanes vs Brisbane Heat, 7th Match - Live Cricket Score, Commentary",Hobart Hurricanes Innings,164,8,Clive Rose,4,0,33,1,0,1,8.25
82,"Dec 22, ",07:10 PM,"Bellerive Oval, ",Hobart,"Hobart Hurricanes vs Brisbane Heat, 7th Match - Live Cricket Score, Commentary",Hobart Hurricanes Innings,164,8,Daniel Christian,4,0,22,2,0,0,5.50
83,"Dec 22, ",07:10 PM,"Bellerive Oval, ",Hobart,"Hobart Hurricanes vs Brisbane Heat, 7th Match - Live Cricket Score, Commentary",Hobart Hurricanes Innings,164,8,Cameron Boyce,3,0,31,1,0,0,10.33
84,"Dec 22, ",07:10 PM,"Bellerive Oval, ",Hobart,"Hobart Hurricanes vs Brisbane Heat, 7th Match - Live Cricket Score, Commentary",Hobart Hurricanes Innings,164,8,Daren Sammy,1,0,10,0,0,0,10.00
85,"Dec 23, ",07:10 PM,"Docklands Stadium, ",Melbourne,"Melbourne Renegades vs Sydney Sixers, 8th Match - Live Cricket Score, Commentary",Sydney Sixers Innings,172,4,Doug Bollinger,4,0,40,1,1,0,10.00
86,"Dec 23, ",07:10 PM,"Docklands Stadium, ",Melbourne,"Melbourne Renegades vs Sydney Sixers, 8th Match - Live Cricket Score, Commentary",Sydney Sixers Innings,172,4,Jackson Bird,4,0,30,0,0,0,7.50
87,"Dec 23, ",07:10 PM,"Docklands Stadium, ",Melbourne,"Melbourne Renegades vs Sydney Sixers, 8th Match - Live Cricket Score, Commentary",Sydney Sixers Innings,172,4,Trent Lawford,3,0,27,0,0,0,9.00
88,"Dec 23, ",07:10 PM,"Docklands Stadium, ",Melbourne,"Melbourne Renegades vs Sydney Sixers, 8th Match - Live Cricket Score, Commentary",Sydney Sixers Innings,172,4,Moises Henriques,4,0,27,1,0,4,6.75
89,"Dec 23, ",07:10 PM,"Docklands Stadium, ",Melbourne,"Melbourne Renegades vs Sydney Sixers, 8th Match - Live Cricket Score, Commentary",Sydney Sixers Innings,172,4,Sean Abbott,3,0,33,1,0,1,11.00
90,"Dec 23, ",07:10 PM,"Docklands Stadium, ",Melbourne,"Melbourne Renegades vs Sydney Sixers, 8th Match - Live Cricket Score, Commentary",Sydney Sixers Innings,172,4,Johan Botha,2,0,13,1,0,0,6.50
91,"Dec 23, ",07:10 PM,"Docklands Stadium, ",Melbourne,"Melbourne Renegades vs Sydney Sixers, 8th Match - Live Cricket Score, Commentary",Melbourne Renegades Innings,174,7,Chris Tremain,4,0,48,2,0,1,12.00
92,"Dec 23, ",07:10 PM,"Docklands Stadium, ",Melbourne,"Melbourne Renegades vs Sydney Sixers, 8th Match - Live Cricket Score, Commentary",Melbourne Renegades Innings,174,7,Nathan Rimmington,4,0,26,4,0,0,6.50
93,"Dec 23, ",07:10 PM,"Docklands Stadium, ",Melbourne,"Melbourne Renegades vs Sydney Sixers, 8th Match - Live Cricket Score, Commentary",Melbourne Renegades Innings,174,7,Chris Gayle,1,0,14,0,0,3,14.00
94,"Dec 23, ",07:10 PM,"Docklands Stadium, ",Melbourne,"Melbourne Renegades vs Sydney Sixers, 8th Match - Live Cricket Score, Commentary",Melbourne Renegades Innings,174,7,Dwayne Bravo,3.5,0,22,0,0,0,6.29
95,"Dec 23, ",07:10 PM,"Docklands Stadium, ",Melbourne,"Melbourne Renegades vs Sydney Sixers, 8th Match - Live Cricket Score, Commentary",Melbourne Renegades Innings,174,7,Xavier Doherty,4,0,42,0,0,0,10.50
96,"Dec 23, ",07:10 PM,"Docklands Stadium, ",Melbourne,"Melbourne Renegades vs Sydney Sixers, 8th Match - Live Cricket Score, Commentary",Melbourne Renegades Innings,174,7,Cameron Stevenson,2,0,20,0,0,0,10.00
97,"Dec 26, ",04:10 PM,"W.A.C.A. Ground, ",Perth,"Perth Scorchers vs Brisbane Heat, 9th Match - Live Cricket Score, Commentary",Perth Scorchers Innings,117,7,Jason Behrendorff,4,0,32,2,0,1,8.00
98,"Dec 26, ",04:10 PM,"W.A.C.A. Ground, ",Perth,"Perth Scorchers vs Brisbane Heat, 9th Match - Live Cricket Score, Commentary",Perth Scorchers Innings,117,7,Joel Paris,4,0,25,0,0,0,6.25
99,"Dec 26, ",04:10 PM,"W.A.C.A. Ground, ",Perth,"Perth Scorchers vs Brisbane Heat, 9th Match - Live Cricket Score, Commentary",Perth Scorchers Innings,117,7,David Willey,4,1,15,1,0,0,3.75
100,"Dec 26, ",04:10 PM,"W.A.C.A. Ground, ",Perth,"Perth Scorchers vs Brisbane Heat, 9th Match - Live Cricket Score, Commentary",Perth Scorchers Innings,117,7,Brad Hogg,4,0,15,1,0,0,3.75
101,"Dec 26, ",04:10 PM,"W.A.C.A. Ground, ",Perth,"Perth Scorchers vs Brisbane Heat, 9th Match - Live Cricket Score, Commentary",Perth Scorchers Innings,117,7,Andrew Tye,4,0,23,3,0,0,5.75
102,"Dec 26, ",04:10 PM,"W.A.C.A. Ground, ",Perth,"Perth Scorchers vs Brisbane Heat, 9th Match - Live Cricket Score, Commentary",Brisbane Heat Innings,118,1,Josh Lalor,3,0,19,0,0,1,6.33
103,"Dec 26, ",04:10 PM,"W.A.C.A. Ground, ",Perth,"Perth Scorchers vs Brisbane Heat, 9th Match - Live Cricket Score, Commentary",Brisbane Heat Innings,118,1,Mark Steketee,2,0,21,0,0,0,10.50
104,"Dec 26, ",04:10 PM,"W.A.C.A. Ground, ",Perth,"Perth Scorchers vs Brisbane Heat, 9th Match - Live Cricket Score, Commentary",Brisbane Heat Innings,118,1,Samuel Badree,4,0,26,0,0,0,6.50
105,"Dec 26, ",04:10 PM,"W.A.C.A. Ground, ",Perth,"Perth Scorchers vs Brisbane Heat, 9th Match - Live Cricket Score, Commentary",Brisbane Heat Innings,118,1,Andrew Fekete,2,0,16,1,0,0,8.00
106,"Dec 26, ",04:10 PM,"W.A.C.A. Ground, ",Perth,"Perth Scorchers vs Brisbane Heat, 9th Match - Live Cricket Score, Commentary",Brisbane Heat Innings,118,1,Ben Cutting,2,0,12,0,0,0,6.00
107,"Dec 26, ",04:10 PM,"W.A.C.A. Ground, ",Perth,"Perth Scorchers vs Brisbane Heat, 9th Match - Live Cricket Score, Commentary",Brisbane Heat Innings,118,1,Jason Floros,2.1,0,20,0,0,0,9.52
108,"Dec 27, ",07:10 PM,"Sydney Cricket Ground, ",Sydney,"Sydney Sixers vs Melbourne Stars, 10th Match - Live Cricket Score, Commentary",Melbourne Stars Innings,139,6,Michael Beer,4,0,16,1,0,0,4.00
109,"Dec 27, ",07:10 PM,"Sydney Cricket Ground, ",Sydney,"Sydney Sixers vs Melbourne Stars, 10th Match - Live Cricket Score, Commentary",Melbourne Stars Innings,139,6,James Faulkner,1,0,13,0,0,0,13.00
110,"Dec 27, ",07:10 PM,"Sydney Cricket Ground, ",Sydney,"Sydney Sixers vs Melbourne Stars, 10th Match - Live Cricket Score, Commentary",Melbourne Stars Innings,139,6,Glenn Maxwell,4,0,35,1,0,0,8.75
111,"Dec 27, ",07:10 PM,"Sydney Cricket Ground, ",Sydney,"Sydney Sixers vs Melbourne Stars, 10th Match - Live Cricket Score, Commentary",Melbourne Stars Innings,139,6,Scott Boland,4,0,26,1,0,0,6.50
112,"Dec 27, ",07:10 PM,"Sydney Cricket Ground, ",Sydney,"Sydney Sixers vs Melbourne Stars, 10th Match - Live Cricket Score, Commentary",Melbourne Stars Innings,139,6,Adam Zampa,4,0,23,1,0,0,5.75
113,"Dec 27, ",07:10 PM,"Sydney Cricket Ground, ",Sydney,"Sydney Sixers vs Melbourne Stars, 10th Match - Live Cricket Score, Commentary",Melbourne Stars Innings,139,6,Ben Hilfenhaus,3,0,25,2,1,2,8.33
114,"Dec 27, ",07:10 PM,"Sydney Cricket Ground, ",Sydney,"Sydney Sixers vs Melbourne Stars, 10th Match - Live Cricket Score, Commentary",Sydney Sixers Innings,143,5,Steve OKeefe,4,0,24,1,0,0,6.00
115,"Dec 27, ",07:10 PM,"Sydney Cricket Ground, ",Sydney,"Sydney Sixers vs Melbourne Stars, 10th Match - Live Cricket Score, Commentary",Sydney Sixers Innings,143,5,Jackson Bird,3,1,13,1,0,0,4.33
116,"Dec 27, ",07:10 PM,"Sydney Cricket Ground, ",Sydney,"Sydney Sixers vs Melbourne Stars, 10th Match - Live Cricket Score, Commentary",Sydney Sixers Innings,143,5,Doug Bollinger,3.4,0,31,2,0,1,9.12
117,"Dec 27, ",07:10 PM,"Sydney Cricket Ground, ",Sydney,"Sydney Sixers vs Melbourne Stars, 10th Match - Live Cricket Score, Commentary",Sydney Sixers Innings,143,5,Trent Lawford,2,0,21,0,0,0,10.50
118,"Dec 27, ",07:10 PM,"Sydney Cricket Ground, ",Sydney,"Sydney Sixers vs Melbourne Stars, 10th Match - Live Cricket Score, Commentary",Sydney Sixers Innings,143,5,Johan Botha,2,0,18,0,0,0,9.00
119,"Dec 27, ",07:10 PM,"Sydney Cricket Ground, ",Sydney,"Sydney Sixers vs Melbourne Stars, 10th Match - Live Cricket Score, Commentary",Sydney Sixers Innings,143,5,Sean Abbott,4,0,32,1,0,0,8.00
120,"Dec 28, ",07:10 PM,"Sydney Showground Stadium, ",Sydney,"Sydney Thunder vs Adelaide Strikers, 11th Match - Live Cricket Score, Commentary",Sydney Thunder Innings,117,9,Andre Russell,4,0,28,2,0,1,7.00
121,"Dec 28, ",07:10 PM,"Sydney Showground Stadium, ",Sydney,"Sydney Thunder vs Adelaide Strikers, 11th Match - Live Cricket Score, Commentary",Sydney Thunder Innings,117,9,Gurinder Sandhu,3,1,23,1,0,1,7.67
122,"Dec 28, ",07:10 PM,"Sydney Showground Stadium, ",Sydney,"Sydney Thunder vs Adelaide Strikers, 11th Match - Live Cricket Score, Commentary",Sydney Thunder Innings,117,9,Clint McKay,3,0,18,2,0,1,6.00
123,"Dec 28, ",07:10 PM,"Sydney Showground Stadium, ",Sydney,"Sydney Thunder vs Adelaide Strikers, 11th Match - Live Cricket Score, Commentary",Sydney Thunder Innings,117,9,Jacques Kallis,3,0,15,1,0,0,5.00
124,"Dec 28, ",07:10 PM,"Sydney Showground Stadium, ",Sydney,"Sydney Thunder vs Adelaide Strikers, 11th Match - Live Cricket Score, Commentary",Sydney Thunder Innings,117,9,Fawad Ahmed,4,0,14,1,0,0,3.50
125,"Dec 28, ",07:10 PM,"Sydney Showground Stadium, ",Sydney,"Sydney Thunder vs Adelaide Strikers, 11th Match - Live Cricket Score, Commentary",Sydney Thunder Innings,117,9,Shane Watson,2,0,13,0,0,0,6.50
126,"Dec 28, ",07:10 PM,"Sydney Showground Stadium, ",Sydney,"Sydney Thunder vs Adelaide Strikers, 11th Match - Live Cricket Score, Commentary",Sydney Thunder Innings,117,9,Chris Green,1,0,6,0,0,0,6.00
127,"Dec 28, ",07:10 PM,"Sydney Showground Stadium, ",Sydney,"Sydney Thunder vs Adelaide Strikers, 11th Match - Live Cricket Score, Commentary",Adelaide Strikers Innings,121,3,Michael Neser,3,0,15,0,0,0,5.00
128,"Dec 28, ",07:10 PM,"Sydney Showground Stadium, ",Sydney,"Sydney Thunder vs Adelaide Strikers, 11th Match - Live Cricket Score, Commentary",Adelaide Strikers Innings,121,3,Kane Richardson,2,0,11,0,0,0,5.50
129,"Dec 28, ",07:10 PM,"Sydney Showground Stadium, ",Sydney,"Sydney Thunder vs Adelaide Strikers, 11th Match - Live Cricket Score, Commentary",Adelaide Strikers Innings,121,3,Billy Stanlake,3,0,18,0,0,0,6.00
130,"Dec 28, ",07:10 PM,"Sydney Showground Stadium, ",Sydney,"Sydney Thunder vs Adelaide Strikers, 11th Match - Live Cricket Score, Commentary",Adelaide Strikers Innings,121,3,Travis Head,1,0,4,0,0,0,4.00
131,"Dec 28, ",07:10 PM,"Sydney Showground Stadium, ",Sydney,"Sydney Thunder vs Adelaide Strikers, 11th Match - Live Cricket Score, Commentary",Adelaide Strikers Innings,121,3,Ben Laughlin,2.3,0,22,2,0,0,9.57
132,"Dec 28, ",07:10 PM,"Sydney Showground Stadium, ",Sydney,"Sydney Thunder vs Adelaide Strikers, 11th Match - Live Cricket Score, Commentary",Adelaide Strikers Innings,121,3,Adil Rashid,4,0,39,0,0,0,9.75
133,"Dec 28, ",07:10 PM,"Sydney Showground Stadium, ",Sydney,"Sydney Thunder vs Adelaide Strikers, 11th Match - Live Cricket Score, Commentary",Adelaide Strikers Innings,121,3,Craig Simmons,1,0,5,1,0,0,5.00
134,"Dec 29, ",06:10 PM,"The Gabba, ",Brisbane,"Brisbane Heat vs Hobart Hurricanes, 12th Match - Live Cricket Score, Commentary",Brisbane Heat Innings,194,4,Josh Lalor,3,0,22,0,0,3,7.33
135,"Dec 29, ",06:10 PM,"The Gabba, ",Brisbane,"Brisbane Heat vs Hobart Hurricanes, 12th Match - Live Cricket Score, Commentary",Brisbane Heat Innings,194,4,Luke Feldman,4,0,53,1,2,2,13.25
136,"Dec 29, ",06:10 PM,"The Gabba, ",Brisbane,"Brisbane Heat vs Hobart Hurricanes, 12th Match - Live Cricket Score, Commentary",Brisbane Heat Innings,194,4,Mark Steketee,4,0,50,1,0,2,12.50
137,"Dec 29, ",06:10 PM,"The Gabba, ",Brisbane,"Brisbane Heat vs Hobart Hurricanes, 12th Match - Live Cricket Score, Commentary",Brisbane Heat Innings,194,4,Samuel Badree,4,0,27,2,0,1,6.75
138,"Dec 29, ",06:10 PM,"The Gabba, ",Brisbane,"Brisbane Heat vs Hobart Hurricanes, 12th Match - Live Cricket Score, Commentary",Brisbane Heat Innings,194,4,Ben Cutting,4,0,29,0,0,2,7.25
139,"Dec 29, ",06:10 PM,"The Gabba, ",Brisbane,"Brisbane Heat vs Hobart Hurricanes, 12th Match - Live Cricket Score, Commentary",Brisbane Heat Innings,194,4,Jason Floros,1,0,5,0,0,0,5.00
140,"Dec 29, ",06:10 PM,"The Gabba, ",Brisbane,"Brisbane Heat vs Hobart Hurricanes, 12th Match - Live Cricket Score, Commentary",Hobart Hurricanes Innings,179,9,Shaun Tait,4,0,54,1,0,2,13.50
141,"Dec 29, ",06:10 PM,"The Gabba, ",Brisbane,"Brisbane Heat vs Hobart Hurricanes, 12th Match - Live Cricket Score, Commentary",Hobart Hurricanes Innings,179,9,Jake Reed,4,0,31,3,0,4,7.75
142,"Dec 29, ",06:10 PM,"The Gabba, ",Brisbane,"Brisbane Heat vs Hobart Hurricanes, 12th Match - Live Cricket Score, Commentary",Hobart Hurricanes Innings,179,9,Clive Rose,3,0,22,0,0,0,7.33
143,"Dec 29, ",06:10 PM,"The Gabba, ",Brisbane,"Brisbane Heat vs Hobart Hurricanes, 12th Match - Live Cricket Score, Commentary",Hobart Hurricanes Innings,179,9,Daniel Christian,3,0,37,0,1,1,12.33
144,"Dec 29, ",06:10 PM,"The Gabba, ",Brisbane,"Brisbane Heat vs Hobart Hurricanes, 12th Match - Live Cricket Score, Commentary",Hobart Hurricanes Innings,179,9,Daren Sammy,2,0,8,1,0,0,4.00
145,"Dec 29, ",06:10 PM,"The Gabba, ",Brisbane,"Brisbane Heat vs Hobart Hurricanes, 12th Match - Live Cricket Score, Commentary",Hobart Hurricanes Innings,179,9,Cameron Boyce,4,0,22,2,0,0,5.50
146,"Dec 30, ",07:10 PM,"Docklands Stadium, ",Melbourne,"Melbourne Renegades vs Perth Scorchers, 13th Match - Live Cricket Score, Commentary",Perth Scorchers Innings,170,4,Jason Behrendorff,4,0,14,2,0,1,3.50
147,"Dec 30, ",07:10 PM,"Docklands Stadium, ",Melbourne,"Melbourne Renegades vs Perth Scorchers, 13th Match - Live Cricket Score, Commentary",Perth Scorchers Innings,170,4,Joel Paris,4,0,49,0,0,1,12.25
148,"Dec 30, ",07:10 PM,"Docklands Stadium, ",Melbourne,"Melbourne Renegades vs Perth Scorchers, 13th Match - Live Cricket Score, Commentary",Perth Scorchers Innings,170,4,David Willey,4,0,34,1,0,0,8.50
149,"Dec 30, ",07:10 PM,"Docklands Stadium, ",Melbourne,"Melbourne Renegades vs Perth Scorchers, 13th Match - Live Cricket Score, Commentary",Perth Scorchers Innings,170,4,Brad Hogg,4,0,44,0,0,0,11.00
150,"Dec 30, ",07:10 PM,"Docklands Stadium, ",Melbourne,"Melbourne Renegades vs Perth Scorchers, 13th Match - Live Cricket Score, Commentary",Perth Scorchers Innings,170,4,Andrew Tye,4,0,25,1,0,0,6.25
151,"Dec 31, ",06:40 PM,"Adelaide Oval, ",Adelaide,"Adelaide Strikers vs Sydney Sixers, 14th Match - Live Cricket Score, Commentary",Adelaide Strikers Innings,176,5,Travis Head,2,0,25,0,0,0,12.50
152,"Dec 31, ",06:40 PM,"Adelaide Oval, ",Adelaide,"Adelaide Strikers vs Sydney Sixers, 14th Match - Live Cricket Score, Commentary",Adelaide Strikers Innings,176,5,Kane Richardson,4,0,44,0,0,2,11.00
153,"Dec 31, ",06:40 PM,"Adelaide Oval, ",Adelaide,"Adelaide Strikers vs Sydney Sixers, 14th Match - Live Cricket Score, Commentary",Adelaide Strikers Innings,176,5,Hamish Kingston,2,0,23,1,1,1,11.50
154,"Dec 31, ",06:40 PM,"Adelaide Oval, ",Adelaide,"Adelaide Strikers vs Sydney Sixers, 14th Match - Live Cricket Score, Commentary",Adelaide Strikers Innings,176,5,Ben Laughlin,4,0,29,0,0,3,7.25
155,"Dec 31, ",06:40 PM,"Adelaide Oval, ",Adelaide,"Adelaide Strikers vs Sydney Sixers, 14th Match - Live Cricket Score, Commentary",Adelaide Strikers Innings,176,5,Adil Rashid,4,0,34,3,0,0,8.50
156,"Dec 31, ",06:40 PM,"Adelaide Oval, ",Adelaide,"Adelaide Strikers vs Sydney Sixers, 14th Match - Live Cricket Score, Commentary",Adelaide Strikers Innings,176,5,Jon Holland,4,0,21,1,0,0,5.25
157,"Dec 31, ",06:40 PM,"Adelaide Oval, ",Adelaide,"Adelaide Strikers vs Sydney Sixers, 14th Match - Live Cricket Score, Commentary",Sydney Sixers Innings,182,5,Jackson Bird,4,0,33,1,0,1,8.25
158,"Dec 31, ",06:40 PM,"Adelaide Oval, ",Adelaide,"Adelaide Strikers vs Sydney Sixers, 14th Match - Live Cricket Score, Commentary",Sydney Sixers Innings,182,5,Ben Dwarshuis,4,0,25,3,0,1,6.25
159,"Dec 31, ",06:40 PM,"Adelaide Oval, ",Adelaide,"Adelaide Strikers vs Sydney Sixers, 14th Match - Live Cricket Score, Commentary",Sydney Sixers Innings,182,5,Doug Bollinger,4,0,31,0,0,0,7.75
160,"Dec 31, ",06:40 PM,"Adelaide Oval, ",Adelaide,"Adelaide Strikers vs Sydney Sixers, 14th Match - Live Cricket Score, Commentary",Sydney Sixers Innings,182,5,Johan Botha,4,0,36,0,0,1,9.00
161,"Dec 31, ",06:40 PM,"Adelaide Oval, ",Adelaide,"Adelaide Strikers vs Sydney Sixers, 14th Match - Live Cricket Score, Commentary",Sydney Sixers Innings,182,5,Sean Abbott,3.3,0,57,1,0,1,17.27
162,"Jan 01, ",07:10 PM,"Bellerive Oval, ",Hobart,"Hobart Hurricanes vs Sydney Thunder, 15th Match - Live Cricket Score, Commentary",Sydney Thunder Innings,163,6,Chris Green,1,0,12,0,0,0,12.00
163,"Jan 01, ",07:10 PM,"Bellerive Oval, ",Hobart,"Hobart Hurricanes vs Sydney Thunder, 15th Match - Live Cricket Score, Commentary",Sydney Thunder Innings,163,6,Gurinder Sandhu,3,0,17,0,0,0,5.67
164,"Jan 01, ",07:10 PM,"Bellerive Oval, ",Hobart,"Hobart Hurricanes vs Sydney Thunder, 15th Match - Live Cricket Score, Commentary",Sydney Thunder Innings,163,6,Andre Russell,4,0,40,0,1,0,10.00
165,"Jan 01, ",07:10 PM,"Bellerive Oval, ",Hobart,"Hobart Hurricanes vs Sydney Thunder, 15th Match - Live Cricket Score, Commentary",Sydney Thunder Innings,163,6,Clint McKay,3,0,28,4,0,0,9.33
166,"Jan 01, ",07:10 PM,"Bellerive Oval, ",Hobart,"Hobart Hurricanes vs Sydney Thunder, 15th Match - Live Cricket Score, Commentary",Sydney Thunder Innings,163,6,Shane Watson,3,0,15,0,0,1,5.00
167,"Jan 01, ",07:10 PM,"Bellerive Oval, ",Hobart,"Hobart Hurricanes vs Sydney Thunder, 15th Match - Live Cricket Score, Commentary",Sydney Thunder Innings,163,6,Jacques Kallis,3,0,18,1,0,0,6.00
168,"Jan 01, ",07:10 PM,"Bellerive Oval, ",Hobart,"Hobart Hurricanes vs Sydney Thunder, 15th Match - Live Cricket Score, Commentary",Sydney Thunder Innings,163,6,Fawad Ahmed,3,0,32,1,0,0,10.67
169,"Jan 01, ",07:10 PM,"Bellerive Oval, ",Hobart,"Hobart Hurricanes vs Sydney Thunder, 15th Match - Live Cricket Score, Commentary",Hobart Hurricanes Innings,152,9,Shaun Tait,4,0,16,3,0,1,4.00
170,"Jan 01, ",07:10 PM,"Bellerive Oval, ",Hobart,"Hobart Hurricanes vs Sydney Thunder, 15th Match - Live Cricket Score, Commentary",Hobart Hurricanes Innings,152,9,Jake Reed,4,0,35,3,0,1,8.75
171,"Jan 01, ",07:10 PM,"Bellerive Oval, ",Hobart,"Hobart Hurricanes vs Sydney Thunder, 15th Match - Live Cricket Score, Commentary",Hobart Hurricanes Innings,152,9,Clive Rose,2,0,18,0,0,1,9.00
172,"Jan 01, ",07:10 PM,"Bellerive Oval, ",Hobart,"Hobart Hurricanes vs Sydney Thunder, 15th Match - Live Cricket Score, Commentary",Hobart Hurricanes Innings,152,9,Daniel Christian,3,0,23,0,0,0,7.67
173,"Jan 01, ",07:10 PM,"Bellerive Oval, ",Hobart,"Hobart Hurricanes vs Sydney Thunder, 15th Match - Live Cricket Score, Commentary",Hobart Hurricanes Innings,152,9,Cameron Boyce,4,0,24,2,0,0,6.00
174,"Jan 01, ",07:10 PM,"Bellerive Oval, ",Hobart,"Hobart Hurricanes vs Sydney Thunder, 15th Match - Live Cricket Score, Commentary",Hobart Hurricanes Innings,152,9,Daren Sammy,3,0,27,0,0,0,9.00
175,"Jan 02, ",06:10 PM,"Melbourne Cricket Ground, ",Melbourne,"Melbourne Stars vs Melbourne Renegades, 16th Match - Live Cricket Score, Commentary",Melbourne Stars Innings,161,7,James Faulkner,3,0,26,0,0,4,8.67
176,"Jan 02, ",06:10 PM,"Melbourne Cricket Ground, ",Melbourne,"Melbourne Stars vs Melbourne Renegades, 16th Match - Live Cricket Score, Commentary",Melbourne Stars Innings,161,7,Ben Hilfenhaus,4,0,33,1,0,0,8.25
177,"Jan 02, ",06:10 PM,"Melbourne Cricket Ground, ",Melbourne,"Melbourne Stars vs Melbourne Renegades, 16th Match - Live Cricket Score, Commentary",Melbourne Stars Innings,161,7,John Hastings,4,0,29,4,1,2,7.25
178,"Jan 02, ",06:10 PM,"Melbourne Cricket Ground, ",Melbourne,"Melbourne Stars vs Melbourne Renegades, 16th Match - Live Cricket Score, Commentary",Melbourne Stars Innings,161,7,Michael Beer,4,0,30,1,0,0,7.50
179,"Jan 02, ",06:10 PM,"Melbourne Cricket Ground, ",Melbourne,"Melbourne Stars vs Melbourne Renegades, 16th Match - Live Cricket Score, Commentary",Melbourne Stars Innings,161,7,Adam Zampa,3,0,30,0,0,0,10.00
180,"Jan 02, ",06:10 PM,"Melbourne Cricket Ground, ",Melbourne,"Melbourne Stars vs Melbourne Renegades, 16th Match - Live Cricket Score, Commentary",Melbourne Stars Innings,161,7,Marcus Stoinis,2,0,11,1,0,0,5.50
181,"Jan 02, ",06:10 PM,"Melbourne Cricket Ground, ",Melbourne,"Melbourne Stars vs Melbourne Renegades, 16th Match - Live Cricket Score, Commentary",Melbourne Renegades Innings,163,3,Xavier Doherty,4,0,43,0,0,0,10.75
182,"Jan 02, ",06:10 PM,"Melbourne Cricket Ground, ",Melbourne,"Melbourne Stars vs Melbourne Renegades, 16th Match - Live Cricket Score, Commentary",Melbourne Renegades Innings,163,3,Chris Tremain,4,0,22,1,0,2,5.50
183,"Jan 02, ",06:10 PM,"Melbourne Cricket Ground, ",Melbourne,"Melbourne Stars vs Melbourne Renegades, 16th Match - Live Cricket Score, Commentary",Melbourne Renegades Innings,163,3,Nathan Rimmington,3,0,33,0,0,1,11.00
184,"Jan 02, ",06:10 PM,"Melbourne Cricket Ground, ",Melbourne,"Melbourne Stars vs Melbourne Renegades, 16th Match - Live Cricket Score, Commentary",Melbourne Renegades Innings,163,3,Dwayne Bravo,4,0,28,1,0,0,7.00
185,"Jan 02, ",06:10 PM,"Melbourne Cricket Ground, ",Melbourne,"Melbourne Stars vs Melbourne Renegades, 16th Match - Live Cricket Score, Commentary",Melbourne Renegades Innings,163,3,Aaron Finch,1,0,8,0,0,0,8.00
186,"Jan 02, ",06:10 PM,"Melbourne Cricket Ground, ",Melbourne,"Melbourne Stars vs Melbourne Renegades, 16th Match - Live Cricket Score, Commentary",Melbourne Renegades Innings,163,3,Cameron Gannon,3.1,0,26,1,0,0,8.39
187,"Jan 02, ",06:15 PM,"W.A.C.A. Ground, ",Perth,"Perth Scorchers vs Sydney Sixers, 17th Match - Live Cricket Score, Commentary",Perth Scorchers Innings,112,8,Jason Behrendorff,4,0,24,2,0,1,6.00
188,"Jan 02, ",06:15 PM,"W.A.C.A. Ground, ",Perth,"Perth Scorchers vs Sydney Sixers, 17th Match - Live Cricket Score, Commentary",Perth Scorchers Innings,112,8,David Willey,4,0,22,3,0,1,5.50
189,"Jan 02, ",06:15 PM,"W.A.C.A. Ground, ",Perth,"Perth Scorchers vs Sydney Sixers, 17th Match - Live Cricket Score, Commentary",Perth Scorchers Innings,112,8,Joel Paris,4,0,23,1,0,0,5.75
190,"Jan 02, ",06:15 PM,"W.A.C.A. Ground, ",Perth,"Perth Scorchers vs Sydney Sixers, 17th Match - Live Cricket Score, Commentary",Perth Scorchers Innings,112,8,Andrew Tye,4,0,21,2,0,0,5.25
191,"Jan 02, ",06:15 PM,"W.A.C.A. Ground, ",Perth,"Perth Scorchers vs Sydney Sixers, 17th Match - Live Cricket Score, Commentary",Perth Scorchers Innings,112,8,Brad Hogg,4,0,20,0,0,0,5.00
192,"Jan 02, ",06:15 PM,"W.A.C.A. Ground, ",Perth,"Perth Scorchers vs Sydney Sixers, 17th Match - Live Cricket Score, Commentary",Sydney Sixers Innings,114,1,Jackson Bird,3,0,17,0,0,1,5.67
193,"Jan 02, ",06:15 PM,"W.A.C.A. Ground, ",Perth,"Perth Scorchers vs Sydney Sixers, 17th Match - Live Cricket Score, Commentary",Sydney Sixers Innings,114,1,Ben Dwarshuis,3.3,0,24,0,0,0,7.27
194,"Jan 02, ",06:15 PM,"W.A.C.A. Ground, ",Perth,"Perth Scorchers vs Sydney Sixers, 17th Match - Live Cricket Score, Commentary",Sydney Sixers Innings,114,1,Doug Bollinger,2,0,18,0,0,1,9.00
195,"Jan 02, ",06:15 PM,"W.A.C.A. Ground, ",Perth,"Perth Scorchers vs Sydney Sixers, 17th Match - Live Cricket Score, Commentary",Sydney Sixers Innings,114,1,William Somerville,2,0,15,0,0,0,7.50
196,"Jan 02, ",06:15 PM,"W.A.C.A. Ground, ",Perth,"Perth Scorchers vs Sydney Sixers, 17th Match - Live Cricket Score, Commentary",Sydney Sixers Innings,114,1,Johan Botha,3,0,23,0,0,0,7.67
197,"Jan 02, ",06:15 PM,"W.A.C.A. Ground, ",Perth,"Perth Scorchers vs Sydney Sixers, 17th Match - Live Cricket Score, Commentary",Sydney Sixers Innings,114,1,Sean Abbott,1,0,11,1,0,0,11.00
198,"Jan 03, ",06:10 PM,"The Gabba, ",Brisbane,"Brisbane Heat vs Sydney Thunder, 18th Match - Live Cricket Score, Commentary",Brisbane Heat Innings,186,5,James Hopes,4,0,33,1,0,5,8.25
199,"Jan 03, ",06:10 PM,"The Gabba, ",Brisbane,"Brisbane Heat vs Sydney Thunder, 18th Match - Live Cricket Score, Commentary",Brisbane Heat Innings,186,5,Mark Steketee,4,0,46,1,2,1,11.50
200,"Jan 03, ",06:10 PM,"The Gabba, ",Brisbane,"Brisbane Heat vs Sydney Thunder, 18th Match - Live Cricket Score, Commentary",Brisbane Heat Innings,186,5,Josh Lalor,4,0,33,1,0,1,8.25
201,"Jan 03, ",06:10 PM,"The Gabba, ",Brisbane,"Brisbane Heat vs Sydney Thunder, 18th Match - Live Cricket Score, Commentary",Brisbane Heat Innings,186,5,Samuel Badree,4,0,26,1,0,0,6.50
202,"Jan 03, ",06:10 PM,"The Gabba, ",Brisbane,"Brisbane Heat vs Sydney Thunder, 18th Match - Live Cricket Score, Commentary",Brisbane Heat Innings,186,5,Ben Cutting,4,0,37,0,0,1,9.25
203,"Jan 03, ",06:10 PM,"The Gabba, ",Brisbane,"Brisbane Heat vs Sydney Thunder, 18th Match - Live Cricket Score, Commentary",Sydney Thunder Innings,189,4,Andre Russell,4,0,28,2,0,0,7.00
204,"Jan 03, ",06:10 PM,"The Gabba, ",Brisbane,"Brisbane Heat vs Sydney Thunder, 18th Match - Live Cricket Score, Commentary",Sydney Thunder Innings,189,4,Gurinder Sandhu,4,0,55,0,1,1,13.75
205,"Jan 03, ",06:10 PM,"The Gabba, ",Brisbane,"Brisbane Heat vs Sydney Thunder, 18th Match - Live Cricket Score, Commentary",Sydney Thunder Innings,189,4,Clint McKay,3.3,0,41,0,0,3,12.42
206,"Jan 03, ",06:10 PM,"The Gabba, ",Brisbane,"Brisbane Heat vs Sydney Thunder, 18th Match - Live Cricket Score, Commentary",Sydney Thunder Innings,189,4,Fawad Ahmed,4,0,28,0,0,1,7.00
207,"Jan 03, ",06:10 PM,"The Gabba, ",Brisbane,"Brisbane Heat vs Sydney Thunder, 18th Match - Live Cricket Score, Commentary",Sydney Thunder Innings,189,4,Chris Green,2,0,15,1,0,0,7.50
208,"Jan 03, ",06:10 PM,"The Gabba, ",Brisbane,"Brisbane Heat vs Sydney Thunder, 18th Match - Live Cricket Score, Commentary",Sydney Thunder Innings,189,4,Shane Watson,2,0,20,1,0,1,10.00
209,"Jan 04, ",07:40 PM,"Bellerive Oval, ",Hobart,"Hobart Hurricanes vs Melbourne Renegades, 19th Match - Live Cricket Score, Commentary",Melbourne Renegades Innings,140,5,Tom Cooper,1,0,2,0,0,0,2.00
210,"Jan 04, ",07:40 PM,"Bellerive Oval, ",Hobart,"Hobart Hurricanes vs Melbourne Renegades, 19th Match - Live Cricket Score, Commentary",Melbourne Renegades Innings,140,5,Xavier Doherty,3,0,19,2,0,0,6.33
211,"Jan 04, ",07:40 PM,"Bellerive Oval, ",Hobart,"Hobart Hurricanes vs Melbourne Renegades, 19th Match - Live Cricket Score, Commentary",Melbourne Renegades Innings,140,5,Chris Tremain,4,1,11,1,0,0,2.75
212,"Jan 04, ",07:40 PM,"Bellerive Oval, ",Hobart,"Hobart Hurricanes vs Melbourne Renegades, 19th Match - Live Cricket Score, Commentary",Melbourne Renegades Innings,140,5,Cameron Gannon,4,1,31,2,0,1,7.75
213,"Jan 04, ",07:40 PM,"Bellerive Oval, ",Hobart,"Hobart Hurricanes vs Melbourne Renegades, 19th Match - Live Cricket Score, Commentary",Melbourne Renegades Innings,140,5,Nathan Rimmington,4,0,34,0,0,1,8.50
214,"Jan 04, ",07:40 PM,"Bellerive Oval, ",Hobart,"Hobart Hurricanes vs Melbourne Renegades, 19th Match - Live Cricket Score, Commentary",Melbourne Renegades Innings,140,5,Dwayne Bravo,4,0,41,0,0,1,10.25
215,"Jan 04, ",07:40 PM,"Bellerive Oval, ",Hobart,"Hobart Hurricanes vs Melbourne Renegades, 19th Match - Live Cricket Score, Commentary",Hobart Hurricanes Innings,144,5,Shaun Tait,4,0,38,0,0,2,9.50
216,"Jan 04, ",07:40 PM,"Bellerive Oval, ",Hobart,"Hobart Hurricanes vs Melbourne Renegades, 19th Match - Live Cricket Score, Commentary",Hobart Hurricanes Innings,144,5,Jake Reed,2,0,30,0,0,0,15.00
217,"Jan 04, ",07:40 PM,"Bellerive Oval, ",Hobart,"Hobart Hurricanes vs Melbourne Renegades, 19th Match - Live Cricket Score, Commentary",Hobart Hurricanes Innings,144,5,Sam Rainbird,4,0,34,2,1,0,8.50
218,"Jan 04, ",07:40 PM,"Bellerive Oval, ",Hobart,"Hobart Hurricanes vs Melbourne Renegades, 19th Match - Live Cricket Score, Commentary",Hobart Hurricanes Innings,144,5,Cameron Boyce,4,0,34,3,0,1,8.50
219,"Jan 05, ",07:10 PM,"Adelaide Oval, ",Adelaide,"Adelaide Strikers vs Perth Scorchers, 20th Match - Live Cricket Score, Commentary",Perth Scorchers Innings,174,2,Jason Behrendorff,4,0,27,1,0,1,6.75
220,"Jan 05, ",07:10 PM,"Adelaide Oval, ",Adelaide,"Adelaide Strikers vs Perth Scorchers, 20th Match - Live Cricket Score, Commentary",Perth Scorchers Innings,174,2,David Willey,4,0,54,0,0,0,13.50
221,"Jan 05, ",07:10 PM,"Adelaide Oval, ",Adelaide,"Adelaide Strikers vs Perth Scorchers, 20th Match - Live Cricket Score, Commentary",Perth Scorchers Innings,174,2,Ashton Agar,2,0,12,1,0,0,6.00
222,"Jan 05, ",07:10 PM,"Adelaide Oval, ",Adelaide,"Adelaide Strikers vs Perth Scorchers, 20th Match - Live Cricket Score, Commentary",Perth Scorchers Innings,174,2,Joel Paris,3,0,18,0,0,1,6.00
223,"Jan 05, ",07:10 PM,"Adelaide Oval, ",Adelaide,"Adelaide Strikers vs Perth Scorchers, 20th Match - Live Cricket Score, Commentary",Perth Scorchers Innings,174,2,Brad Hogg,3,0,27,0,0,0,9.00
224,"Jan 05, ",07:10 PM,"Adelaide Oval, ",Adelaide,"Adelaide Strikers vs Perth Scorchers, 20th Match - Live Cricket Score, Commentary",Perth Scorchers Innings,174,2,Andrew Tye,4,0,32,0,0,0,8.00
225,"Jan 05, ",07:10 PM,"Adelaide Oval, ",Adelaide,"Adelaide Strikers vs Perth Scorchers, 20th Match - Live Cricket Score, Commentary",Adelaide Strikers Innings,138,10,Billy Stanlake,4,0,28,2,1,0,7.00
226,"Jan 05, ",07:10 PM,"Adelaide Oval, ",Adelaide,"Adelaide Strikers vs Perth Scorchers, 20th Match - Live Cricket Score, Commentary",Adelaide Strikers Innings,138,10,Kane Richardson,3.3,0,21,2,0,0,6.36
227,"Jan 05, ",07:10 PM,"Adelaide Oval, ",Adelaide,"Adelaide Strikers vs Perth Scorchers, 20th Match - Live Cricket Score, Commentary",Adelaide Strikers Innings,138,10,Jon Holland,2,0,18,1,0,0,9.00
228,"Jan 05, ",07:10 PM,"Adelaide Oval, ",Adelaide,"Adelaide Strikers vs Perth Scorchers, 20th Match - Live Cricket Score, Commentary",Adelaide Strikers Innings,138,10,Ben Laughlin,3,0,19,1,0,0,6.33
229,"Jan 05, ",07:10 PM,"Adelaide Oval, ",Adelaide,"Adelaide Strikers vs Perth Scorchers, 20th Match - Live Cricket Score, Commentary",Adelaide Strikers Innings,138,10,Adil Rashid,4,0,23,3,0,0,5.75
230,"Jan 05, ",07:10 PM,"Adelaide Oval, ",Adelaide,"Adelaide Strikers vs Perth Scorchers, 20th Match - Live Cricket Score, Commentary",Adelaide Strikers Innings,138,10,Travis Head,1,0,21,1,0,4,21.00
231,"Jan 06, ",07:40 PM,"Melbourne Cricket Ground, ",Melbourne,"Melbourne Stars vs Hobart Hurricanes, 21st Match - Live Cricket Score, Commentary",Melbourne Stars Innings,124,10,Glenn Maxwell,3,0,25,1,0,4,8.33
232,"Jan 06, ",07:40 PM,"Melbourne Cricket Ground, ",Melbourne,"Melbourne Stars vs Hobart Hurricanes, 21st Match - Live Cricket Score, Commentary",Melbourne Stars Innings,124,10,Michael Beer,3,0,12,1,0,0,4.00
233,"Jan 06, ",07:40 PM,"Melbourne Cricket Ground, ",Melbourne,"Melbourne Stars vs Hobart Hurricanes, 21st Match - Live Cricket Score, Commentary",Melbourne Stars Innings,124,10,John Hastings,4,0,23,1,0,0,5.75
234,"Jan 06, ",07:40 PM,"Melbourne Cricket Ground, ",Melbourne,"Melbourne Stars vs Hobart Hurricanes, 21st Match - Live Cricket Score, Commentary",Melbourne Stars Innings,124,10,Scott Boland,4,0,26,2,0,0,6.50
235,"Jan 06, ",07:40 PM,"Melbourne Cricket Ground, ",Melbourne,"Melbourne Stars vs Hobart Hurricanes, 21st Match - Live Cricket Score, Commentary",Melbourne Stars Innings,124,10,Adam Zampa,4,0,18,2,0,0,4.50
236,"Jan 06, ",07:40 PM,"Melbourne Cricket Ground, ",Melbourne,"Melbourne Stars vs Hobart Hurricanes, 21st Match - Live Cricket Score, Commentary",Melbourne Stars Innings,124,10,James Faulkner,1,0,11,0,0,0,11.00
237,"Jan 06, ",07:40 PM,"Melbourne Cricket Ground, ",Melbourne,"Melbourne Stars vs Hobart Hurricanes, 21st Match - Live Cricket Score, Commentary",Melbourne Stars Innings,124,10,Marcus Stoinis,1,0,8,0,0,0,8.00
238,"Jan 06, ",07:40 PM,"Melbourne Cricket Ground, ",Melbourne,"Melbourne Stars vs Hobart Hurricanes, 21st Match - Live Cricket Score, Commentary",Hobart Hurricanes Innings,126,2,Clive Rose,2,0,15,0,0,0,7.50
239,"Jan 06, ",07:40 PM,"Melbourne Cricket Ground, ",Melbourne,"Melbourne Stars vs Hobart Hurricanes, 21st Match - Live Cricket Score, Commentary",Hobart Hurricanes Innings,126,2,Sam Rainbird,4,0,25,1,0,0,6.25
240,"Jan 06, ",07:40 PM,"Melbourne Cricket Ground, ",Melbourne,"Melbourne Stars vs Hobart Hurricanes, 21st Match - Live Cricket Score, Commentary",Hobart Hurricanes Innings,126,2,Shaun Tait,3,0,22,0,0,2,7.33
241,"Jan 06, ",07:40 PM,"Melbourne Cricket Ground, ",Melbourne,"Melbourne Stars vs Hobart Hurricanes, 21st Match - Live Cricket Score, Commentary",Hobart Hurricanes Innings,126,2,Daniel Christian,2,0,14,0,0,1,7.00
242,"Jan 06, ",07:40 PM,"Melbourne Cricket Ground, ",Melbourne,"Melbourne Stars vs Hobart Hurricanes, 21st Match - Live Cricket Score, Commentary",Hobart Hurricanes Innings,126,2,Cameron Boyce,3,0,40,0,0,1,13.33
243,"Jan 06, ",07:40 PM,"Melbourne Cricket Ground, ",Melbourne,"Melbourne Stars vs Hobart Hurricanes, 21st Match - Live Cricket Score, Commentary",Hobart Hurricanes Innings,126,2,Daren Sammy,1,0,6,0,0,0,6.00
244,"Jan 07, ",07:40 PM,"Sydney Showground Stadium, ",Sydney,"Sydney Thunder vs Perth Scorchers, 22nd Match - Live Cricket Score, Commentary",Sydney Thunder Innings,175,5,Andre Russell,4,0,31,2,0,2,7.75
245,"Jan 07, ",07:40 PM,"Sydney Showground Stadium, ",Sydney,"Sydney Thunder vs Perth Scorchers, 22nd Match - Live Cricket Score, Commentary",Sydney Thunder Innings,175,5,Clint McKay,4,1,20,1,0,0,5.00
246,"Jan 07, ",07:40 PM,"Sydney Showground Stadium, ",Sydney,"Sydney Thunder vs Perth Scorchers, 22nd Match - Live Cricket Score, Commentary",Sydney Thunder Innings,175,5,Jacques Kallis,2,0,26,0,0,0,13.00
247,"Jan 07, ",07:40 PM,"Sydney Showground Stadium, ",Sydney,"Sydney Thunder vs Perth Scorchers, 22nd Match - Live Cricket Score, Commentary",Sydney Thunder Innings,175,5,Shane Watson,4,0,38,0,0,1,9.50
248,"Jan 07, ",07:40 PM,"Sydney Showground Stadium, ",Sydney,"Sydney Thunder vs Perth Scorchers, 22nd Match - Live Cricket Score, Commentary",Sydney Thunder Innings,175,5,Fawad Ahmed,3,0,26,0,0,0,8.67
249,"Jan 07, ",07:40 PM,"Sydney Showground Stadium, ",Sydney,"Sydney Thunder vs Perth Scorchers, 22nd Match - Live Cricket Score, Commentary",Sydney Thunder Innings,175,5,Chris Green,1,0,13,0,0,0,13.00
250,"Jan 07, ",07:40 PM,"Sydney Showground Stadium, ",Sydney,"Sydney Thunder vs Perth Scorchers, 22nd Match - Live Cricket Score, Commentary",Sydney Thunder Innings,175,5,Andrew McDonald,2,0,21,1,0,0,10.50
251,"Jan 07, ",07:40 PM,"Sydney Showground Stadium, ",Sydney,"Sydney Thunder vs Perth Scorchers, 22nd Match - Live Cricket Score, Commentary",Perth Scorchers Innings,145,9,Jason Behrendorff,4,0,26,3,0,0,6.50
252,"Jan 07, ",07:40 PM,"Sydney Showground Stadium, ",Sydney,"Sydney Thunder vs Perth Scorchers, 22nd Match - Live Cricket Score, Commentary",Perth Scorchers Innings,145,9,David Willey,4,0,38,0,0,0,9.50
253,"Jan 07, ",07:40 PM,"Sydney Showground Stadium, ",Sydney,"Sydney Thunder vs Perth Scorchers, 22nd Match - Live Cricket Score, Commentary",Perth Scorchers Innings,145,9,Joel Paris,4,0,31,1,0,0,7.75
254,"Jan 07, ",07:40 PM,"Sydney Showground Stadium, ",Sydney,"Sydney Thunder vs Perth Scorchers, 22nd Match - Live Cricket Score, Commentary",Perth Scorchers Innings,145,9,Brad Hogg,4,0,25,2,0,0,6.25
255,"Jan 07, ",07:40 PM,"Sydney Showground Stadium, ",Sydney,"Sydney Thunder vs Perth Scorchers, 22nd Match - Live Cricket Score, Commentary",Perth Scorchers Innings,145,9,Andrew Tye,4,0,22,3,1,0,5.50
256,"Jan 08, ",06:40 PM,"The Gabba, ",Brisbane,"Brisbane Heat vs Adelaide Strikers, 23rd Match - Live Cricket Score, Commentary",Adelaide Strikers Innings,175,6,Billy Stanlake,3,0,30,0,1,0,10.00
257,"Jan 08, ",06:40 PM,"The Gabba, ",Brisbane,"Brisbane Heat vs Adelaide Strikers, 23rd Match - Live Cricket Score, Commentary",Adelaide Strikers Innings,175,6,Michael Neser,4,0,38,1,0,3,9.50
258,"Jan 08, ",06:40 PM,"The Gabba, ",Brisbane,"Brisbane Heat vs Adelaide Strikers, 23rd Match - Live Cricket Score, Commentary",Adelaide Strikers Innings,175,6,Jon Holland,3,0,43,0,0,0,14.33
259,"Jan 08, ",06:40 PM,"The Gabba, ",Brisbane,"Brisbane Heat vs Adelaide Strikers, 23rd Match - Live Cricket Score, Commentary",Adelaide Strikers Innings,175,6,Ben Laughlin,4,0,33,1,0,2,8.25
260,"Jan 08, ",06:40 PM,"The Gabba, ",Brisbane,"Brisbane Heat vs Adelaide Strikers, 23rd Match - Live Cricket Score, Commentary",Adelaide Strikers Innings,175,6,Adil Rashid,4,0,17,2,0,1,4.25
261,"Jan 08, ",06:40 PM,"The Gabba, ",Brisbane,"Brisbane Heat vs Adelaide Strikers, 23rd Match - Live Cricket Score, Commentary",Adelaide Strikers Innings,175,6,Travis Head,2,0,12,1,0,0,6.00
262,"Jan 08, ",06:40 PM,"The Gabba, ",Brisbane,"Brisbane Heat vs Adelaide Strikers, 23rd Match - Live Cricket Score, Commentary",Brisbane Heat Innings,179,2,James Hopes,4,0,34,0,0,0,8.50
263,"Jan 08, ",06:40 PM,"The Gabba, ",Brisbane,"Brisbane Heat vs Adelaide Strikers, 23rd Match - Live Cricket Score, Commentary",Brisbane Heat Innings,179,2,Andrew Fekete,2,0,40,0,0,0,20.00
264,"Jan 08, ",06:40 PM,"The Gabba, ",Brisbane,"Brisbane Heat vs Adelaide Strikers, 23rd Match - Live Cricket Score, Commentary",Brisbane Heat Innings,179,2,Josh Lalor,4,0,33,0,0,4,8.25
265,"Jan 08, ",06:40 PM,"The Gabba, ",Brisbane,"Brisbane Heat vs Adelaide Strikers, 23rd Match - Live Cricket Score, Commentary",Brisbane Heat Innings,179,2,Samuel Badree,4,0,25,1,0,0,6.25
266,"Jan 08, ",06:40 PM,"The Gabba, ",Brisbane,"Brisbane Heat vs Adelaide Strikers, 23rd Match - Live Cricket Score, Commentary",Brisbane Heat Innings,179,2,Ben Cutting,3.4,0,37,1,0,1,10.88
267,"Jan 08, ",06:40 PM,"The Gabba, ",Brisbane,"Brisbane Heat vs Adelaide Strikers, 23rd Match - Live Cricket Score, Commentary",Brisbane Heat Innings,179,2,Jason Floros,1,0,10,0,0,0,10.00
268,"Jan 09, ",07:10 PM,"Docklands Stadium, ",Melbourne,"Melbourne Renegades vs Melbourne Stars, 24th Match - Live Cricket Score, Commentary",Melbourne Stars Innings,155,6,Michael Beer,3,0,18,0,0,1,6.00
269,"Jan 09, ",07:10 PM,"Docklands Stadium, ",Melbourne,"Melbourne Renegades vs Melbourne Stars, 24th Match - Live Cricket Score, Commentary",Melbourne Stars Innings,155,6,Ben Hilfenhaus,4,0,20,1,0,1,5.00
270,"Jan 09, ",07:10 PM,"Docklands Stadium, ",Melbourne,"Melbourne Renegades vs Melbourne Stars, 24th Match - Live Cricket Score, Commentary",Melbourne Stars Innings,155,6,John Hastings,4,0,46,0,0,0,11.50
271,"Jan 09, ",07:10 PM,"Docklands Stadium, ",Melbourne,"Melbourne Renegades vs Melbourne Stars, 24th Match - Live Cricket Score, Commentary",Melbourne Stars Innings,155,6,Adam Zampa,4,0,35,1,0,2,8.75
272,"Jan 09, ",07:10 PM,"Docklands Stadium, ",Melbourne,"Melbourne Renegades vs Melbourne Stars, 24th Match - Live Cricket Score, Commentary",Melbourne Stars Innings,155,6,Evan Gulbis,3,0,23,0,0,2,7.67
273,"Jan 09, ",07:10 PM,"Docklands Stadium, ",Melbourne,"Melbourne Renegades vs Melbourne Stars, 24th Match - Live Cricket Score, Commentary",Melbourne Stars Innings,155,6,Marcus Stoinis,2,0,11,3,0,0,5.50
274,"Jan 09, ",07:10 PM,"Docklands Stadium, ",Melbourne,"Melbourne Renegades vs Melbourne Stars, 24th Match - Live Cricket Score, Commentary",Melbourne Renegades Innings,156,2,Xavier Doherty,4,0,27,0,0,0,6.75
275,"Jan 09, ",07:10 PM,"Docklands Stadium, ",Melbourne,"Melbourne Renegades vs Melbourne Stars, 24th Match - Live Cricket Score, Commentary",Melbourne Renegades Innings,156,2,Chris Tremain,4,0,34,0,0,0,8.50
276,"Jan 09, ",07:10 PM,"Docklands Stadium, ",Melbourne,"Melbourne Renegades vs Melbourne Stars, 24th Match - Live Cricket Score, Commentary",Melbourne Renegades Innings,156,2,Cameron Gannon,3,0,29,0,0,0,9.67
277,"Jan 09, ",07:10 PM,"Docklands Stadium, ",Melbourne,"Melbourne Renegades vs Melbourne Stars, 24th Match - Live Cricket Score, Commentary",Melbourne Renegades Innings,156,2,Dwayne Bravo,4,0,38,1,0,0,9.50
278,"Jan 09, ",07:10 PM,"Docklands Stadium, ",Melbourne,"Melbourne Renegades vs Melbourne Stars, 24th Match - Live Cricket Score, Commentary",Melbourne Renegades Innings,156,2,Cameron Stevenson,3,0,28,1,0,0,9.33
279,"Jan 10, ",07:25 PM,"Sydney Cricket Ground, ",Sydney,"Sydney Sixers vs Brisbane Heat, 26th Match - Live Cricket Score, Commentary",Sydney Sixers Innings,162,8,Doug Bollinger,4,0,23,1,0,1,5.75
280,"Jan 10, ",07:25 PM,"Sydney Cricket Ground, ",Sydney,"Sydney Sixers vs Brisbane Heat, 26th Match - Live Cricket Score, Commentary",Sydney Sixers Innings,162,8,Jackson Bird,4,0,35,1,0,1,8.75
281,"Jan 10, ",07:25 PM,"Sydney Cricket Ground, ",Sydney,"Sydney Sixers vs Brisbane Heat, 26th Match - Live Cricket Score, Commentary",Sydney Sixers Innings,162,8,Nathan Lyon,4,0,27,0,0,0,6.75
282,"Jan 10, ",07:25 PM,"Sydney Cricket Ground, ",Sydney,"Sydney Sixers vs Brisbane Heat, 26th Match - Live Cricket Score, Commentary",Sydney Sixers Innings,162,8,Johan Botha,4,0,45,1,0,0,11.25
283,"Jan 10, ",07:25 PM,"Sydney Cricket Ground, ",Sydney,"Sydney Sixers vs Brisbane Heat, 26th Match - Live Cricket Score, Commentary",Sydney Sixers Innings,162,8,Ben Dwarshuis,2,0,22,1,0,1,11.00
284,"Jan 10, ",07:25 PM,"Sydney Cricket Ground, ",Sydney,"Sydney Sixers vs Brisbane Heat, 26th Match - Live Cricket Score, Commentary",Sydney Sixers Innings,162,8,Sean Abbott,2,0,8,3,0,1,4.00
285,"Jan 10, ",07:25 PM,"Sydney Cricket Ground, ",Sydney,"Sydney Sixers vs Brisbane Heat, 26th Match - Live Cricket Score, Commentary",Brisbane Heat Innings,156,8,James Hopes,4,0,31,1,0,0,7.75
286,"Jan 10, ",07:25 PM,"Sydney Cricket Ground, ",Sydney,"Sydney Sixers vs Brisbane Heat, 26th Match - Live Cricket Score, Commentary",Brisbane Heat Innings,156,8,Samuel Badree,4,0,21,0,0,2,5.25
287,"Jan 10, ",07:25 PM,"Sydney Cricket Ground, ",Sydney,"Sydney Sixers vs Brisbane Heat, 26th Match - Live Cricket Score, Commentary",Brisbane Heat Innings,156,8,Josh Lalor,4,0,26,1,0,2,6.50
288,"Jan 10, ",07:25 PM,"Sydney Cricket Ground, ",Sydney,"Sydney Sixers vs Brisbane Heat, 26th Match - Live Cricket Score, Commentary",Brisbane Heat Innings,156,8,Mitchell Swepson,3,0,26,2,0,0,8.67
289,"Jan 10, ",07:25 PM,"Sydney Cricket Ground, ",Sydney,"Sydney Sixers vs Brisbane Heat, 26th Match - Live Cricket Score, Commentary",Brisbane Heat Innings,156,8,Ben Cutting,4,0,41,2,0,0,10.25
290,"Jan 10, ",07:25 PM,"Sydney Cricket Ground, ",Sydney,"Sydney Sixers vs Brisbane Heat, 26th Match - Live Cricket Score, Commentary",Brisbane Heat Innings,156,8,Jason Floros,1,0,10,1,0,0,10.00
291,"Jan 11, ",07:40 PM,"Sydney Showground Stadium, ",Sydney,"Sydney Thunder vs Melbourne Renegades, 27th Match - Live Cricket Score, Commentary",Melbourne Renegades Innings,173,5,Tom Cooper,2,0,13,1,0,0,6.50
292,"Jan 11, ",07:40 PM,"Sydney Showground Stadium, ",Sydney,"Sydney Thunder vs Melbourne Renegades, 27th Match - Live Cricket Score, Commentary",Melbourne Renegades Innings,173,5,Xavier Doherty,2,0,31,0,0,0,15.50
293,"Jan 11, ",07:40 PM,"Sydney Showground Stadium, ",Sydney,"Sydney Thunder vs Melbourne Renegades, 27th Match - Live Cricket Score, Commentary",Melbourne Renegades Innings,173,5,Chris Tremain,4,0,38,0,1,0,9.50
294,"Jan 11, ",07:40 PM,"Sydney Showground Stadium, ",Sydney,"Sydney Thunder vs Melbourne Renegades, 27th Match - Live Cricket Score, Commentary",Melbourne Renegades Innings,173,5,Nathan Rimmington,4,0,31,1,0,1,7.75
295,"Jan 11, ",07:40 PM,"Sydney Showground Stadium, ",Sydney,"Sydney Thunder vs Melbourne Renegades, 27th Match - Live Cricket Score, Commentary",Melbourne Renegades Innings,173,5,Cameron Gannon,4,0,29,1,0,0,7.25
296,"Jan 11, ",07:40 PM,"Sydney Showground Stadium, ",Sydney,"Sydney Thunder vs Melbourne Renegades, 27th Match - Live Cricket Score, Commentary",Melbourne Renegades Innings,173,5,Dwayne Bravo,4,0,26,2,0,0,6.50
297,"Jan 11, ",07:40 PM,"Sydney Showground Stadium, ",Sydney,"Sydney Thunder vs Melbourne Renegades, 27th Match - Live Cricket Score, Commentary",Sydney Thunder Innings,176,5,Andre Russell,4,0,42,2,1,0,10.50
298,"Jan 11, ",07:40 PM,"Sydney Showground Stadium, ",Sydney,"Sydney Thunder vs Melbourne Renegades, 27th Match - Live Cricket Score, Commentary",Sydney Thunder Innings,176,5,Shane Watson,3.2,0,36,0,0,0,11.25
299,"Jan 11, ",07:40 PM,"Sydney Showground Stadium, ",Sydney,"Sydney Thunder vs Melbourne Renegades, 27th Match - Live Cricket Score, Commentary",Sydney Thunder Innings,176,5,Gurinder Sandhu,3,0,38,0,0,0,12.67
300,"Jan 11, ",07:40 PM,"Sydney Showground Stadium, ",Sydney,"Sydney Thunder vs Melbourne Renegades, 27th Match - Live Cricket Score, Commentary",Sydney Thunder Innings,176,5,Clint McKay,4,0,29,1,0,1,7.25
301,"Jan 11, ",07:40 PM,"Sydney Showground Stadium, ",Sydney,"Sydney Thunder vs Melbourne Renegades, 27th Match - Live Cricket Score, Commentary",Sydney Thunder Innings,176,5,Jacques Kallis,3,0,11,0,0,0,3.67
302,"Jan 11, ",07:40 PM,"Sydney Showground Stadium, ",Sydney,"Sydney Thunder vs Melbourne Renegades, 27th Match - Live Cricket Score, Commentary",Sydney Thunder Innings,176,5,Fawad Ahmed,2,0,19,1,0,0,9.50
303,"Jan 13, ",07:10 PM,"Adelaide Oval, ",Adelaide,"Adelaide Strikers vs Hobart Hurricanes, 28th Match - Live Cricket Score, Commentary",Adelaide Strikers Innings,143,10,Jon Holland,3,0,34,0,0,3,11.33
304,"Jan 13, ",07:10 PM,"Adelaide Oval, ",Adelaide,"Adelaide Strikers vs Hobart Hurricanes, 28th Match - Live Cricket Score, Commentary",Adelaide Strikers Innings,143,10,Michael Neser,3.3,0,26,3,0,0,7.88
305,"Jan 13, ",07:10 PM,"Adelaide Oval, ",Adelaide,"Adelaide Strikers vs Hobart Hurricanes, 28th Match - Live Cricket Score, Commentary",Adelaide Strikers Innings,143,10,Greg West,4,0,24,2,0,2,6.00
306,"Jan 13, ",07:10 PM,"Adelaide Oval, ",Adelaide,"Adelaide Strikers vs Hobart Hurricanes, 28th Match - Live Cricket Score, Commentary",Adelaide Strikers Innings,143,10,Travis Head,1,0,11,0,0,0,11.00
307,"Jan 13, ",07:10 PM,"Adelaide Oval, ",Adelaide,"Adelaide Strikers vs Hobart Hurricanes, 28th Match - Live Cricket Score, Commentary",Adelaide Strikers Innings,143,10,Ben Laughlin,4,0,31,2,0,0,7.75
308,"Jan 13, ",07:10 PM,"Adelaide Oval, ",Adelaide,"Adelaide Strikers vs Hobart Hurricanes, 28th Match - Live Cricket Score, Commentary",Adelaide Strikers Innings,143,10,Adil Rashid,4,0,16,2,0,0,4.00
309,"Jan 13, ",07:10 PM,"Adelaide Oval, ",Adelaide,"Adelaide Strikers vs Hobart Hurricanes, 28th Match - Live Cricket Score, Commentary",Hobart Hurricanes Innings,146,4,Clive Rose,4,0,14,0,0,2,3.50
310,"Jan 13, ",07:10 PM,"Adelaide Oval, ",Adelaide,"Adelaide Strikers vs Hobart Hurricanes, 28th Match - Live Cricket Score, Commentary",Hobart Hurricanes Innings,146,4,Shaun Tait,4,0,30,1,0,0,7.50
311,"Jan 13, ",07:10 PM,"Adelaide Oval, ",Adelaide,"Adelaide Strikers vs Hobart Hurricanes, 28th Match - Live Cricket Score, Commentary",Hobart Hurricanes Innings,146,4,Sam Rainbird,3,0,23,0,1,1,7.67
312,"Jan 13, ",07:10 PM,"Adelaide Oval, ",Adelaide,"Adelaide Strikers vs Hobart Hurricanes, 28th Match - Live Cricket Score, Commentary",Hobart Hurricanes Innings,146,4,Simon Milenko,4,0,25,3,0,0,6.25
313,"Jan 13, ",07:10 PM,"Adelaide Oval, ",Adelaide,"Adelaide Strikers vs Hobart Hurricanes, 28th Match - Live Cricket Score, Commentary",Hobart Hurricanes Innings,146,4,Daniel Christian,1,0,15,0,0,1,15.00
314,"Jan 13, ",07:10 PM,"Adelaide Oval, ",Adelaide,"Adelaide Strikers vs Hobart Hurricanes, 28th Match - Live Cricket Score, Commentary",Hobart Hurricanes Innings,146,4,Cameron Boyce,4,0,36,0,0,1,9.00
315,"Jan 14, ",07:40 PM,"Melbourne Cricket Ground, ",Melbourne,"Melbourne Stars vs Brisbane Heat, 29th Match - Live Cricket Score, Commentary",Melbourne Stars Innings,188,7,Michael Beer,4,0,34,1,1,1,8.50
316,"Jan 14, ",07:40 PM,"Melbourne Cricket Ground, ",Melbourne,"Melbourne Stars vs Brisbane Heat, 29th Match - Live Cricket Score, Commentary",Melbourne Stars Innings,188,7,Daniel Worrall,4,0,44,1,0,3,11.00
317,"Jan 14, ",07:40 PM,"Melbourne Cricket Ground, ",Melbourne,"Melbourne Stars vs Brisbane Heat, 29th Match - Live Cricket Score, Commentary",Melbourne Stars Innings,188,7,Ben Hilfenhaus,3,0,42,2,0,1,14.00
318,"Jan 14, ",07:40 PM,"Melbourne Cricket Ground, ",Melbourne,"Melbourne Stars vs Brisbane Heat, 29th Match - Live Cricket Score, Commentary",Melbourne Stars Innings,188,7,Evan Gulbis,4,0,27,0,0,0,6.75
319,"Jan 14, ",07:40 PM,"Melbourne Cricket Ground, ",Melbourne,"Melbourne Stars vs Brisbane Heat, 29th Match - Live Cricket Score, Commentary",Melbourne Stars Innings,188,7,Adam Zampa,4,0,31,2,0,1,7.75
320,"Jan 14, ",07:40 PM,"Melbourne Cricket Ground, ",Melbourne,"Melbourne Stars vs Brisbane Heat, 29th Match - Live Cricket Score, Commentary",Melbourne Stars Innings,188,7,Marcus Stoinis,1,0,6,0,0,0,6.00
321,"Jan 14, ",07:40 PM,"Melbourne Cricket Ground, ",Melbourne,"Melbourne Stars vs Brisbane Heat, 29th Match - Live Cricket Score, Commentary",Brisbane Heat Innings,132,9,Samuel Badree,4,0,22,5,0,0,5.50
322,"Jan 14, ",07:40 PM,"Melbourne Cricket Ground, ",Melbourne,"Melbourne Stars vs Brisbane Heat, 29th Match - Live Cricket Score, Commentary",Brisbane Heat Innings,132,9,James Hopes,4,0,17,0,0,0,4.25
323,"Jan 14, ",07:40 PM,"Melbourne Cricket Ground, ",Melbourne,"Melbourne Stars vs Brisbane Heat, 29th Match - Live Cricket Score, Commentary",Brisbane Heat Innings,132,9,Andrew Fekete,2,0,20,0,0,0,10.00
324,"Jan 14, ",07:40 PM,"Melbourne Cricket Ground, ",Melbourne,"Melbourne Stars vs Brisbane Heat, 29th Match - Live Cricket Score, Commentary",Brisbane Heat Innings,132,9,Josh Lalor,4,0,21,2,0,0,5.25
325,"Jan 14, ",07:40 PM,"Melbourne Cricket Ground, ",Melbourne,"Melbourne Stars vs Brisbane Heat, 29th Match - Live Cricket Score, Commentary",Brisbane Heat Innings,132,9,Mitchell Swepson,4,0,29,2,0,5,7.25
326,"Jan 14, ",07:40 PM,"Melbourne Cricket Ground, ",Melbourne,"Melbourne Stars vs Brisbane Heat, 29th Match - Live Cricket Score, Commentary",Brisbane Heat Innings,132,9,Ben Cutting,2,0,20,0,0,0,10.00
327,"Jan 16, ",06:10 PM,"Sydney Cricket Ground, ",Sydney,"Sydney Sixers vs Sydney Thunder, 30th Match - Live Cricket Score, Commentary",Sydney Sixers Innings,202,5,Ben Dwarshuis,4,0,42,1,0,1,10.50
328,"Jan 16, ",06:10 PM,"Sydney Cricket Ground, ",Sydney,"Sydney Sixers vs Sydney Thunder, 30th Match - Live Cricket Score, Commentary",Sydney Sixers Innings,202,5,Doug Bollinger,3,0,40,1,0,2,13.33
329,"Jan 16, ",06:10 PM,"Sydney Cricket Ground, ",Sydney,"Sydney Sixers vs Sydney Thunder, 30th Match - Live Cricket Score, Commentary",Sydney Sixers Innings,202,5,Jackson Bird,3,0,27,0,0,0,9.00
330,"Jan 16, ",06:10 PM,"Sydney Cricket Ground, ",Sydney,"Sydney Sixers vs Sydney Thunder, 30th Match - Live Cricket Score, Commentary",Sydney Sixers Innings,202,5,Johan Botha,2,0,16,0,0,0,8.00
331,"Jan 16, ",06:10 PM,"Sydney Cricket Ground, ",Sydney,"Sydney Sixers vs Sydney Thunder, 30th Match - Live Cricket Score, Commentary",Sydney Sixers Innings,202,5,Sean Abbott,4,0,41,2,0,1,10.25
332,"Jan 16, ",06:10 PM,"Sydney Cricket Ground, ",Sydney,"Sydney Sixers vs Sydney Thunder, 30th Match - Live Cricket Score, Commentary",Sydney Sixers Innings,202,5,Nathan Lyon,4,0,33,1,0,0,8.25
333,"Jan 16, ",06:10 PM,"Sydney Cricket Ground, ",Sydney,"Sydney Sixers vs Sydney Thunder, 30th Match - Live Cricket Score, Commentary",Sydney Thunder Innings,156,10,Andre Russell,3,0,31,1,0,0,10.33
334,"Jan 16, ",06:10 PM,"Sydney Cricket Ground, ",Sydney,"Sydney Sixers vs Sydney Thunder, 30th Match - Live Cricket Score, Commentary",Sydney Thunder Innings,156,10,Clint McKay,2.3,0,16,3,0,0,6.96
335,"Jan 16, ",06:10 PM,"Sydney Cricket Ground, ",Sydney,"Sydney Sixers vs Sydney Thunder, 30th Match - Live Cricket Score, Commentary",Sydney Thunder Innings,156,10,Nathan McAndrew,2,0,21,0,0,3,10.50
336,"Jan 16, ",06:10 PM,"Sydney Cricket Ground, ",Sydney,"Sydney Sixers vs Sydney Thunder, 30th Match - Live Cricket Score, Commentary",Sydney Thunder Innings,156,10,Shane Watson,2,0,22,0,0,0,11.00
337,"Jan 16, ",06:10 PM,"Sydney Cricket Ground, ",Sydney,"Sydney Sixers vs Sydney Thunder, 30th Match - Live Cricket Score, Commentary",Sydney Thunder Innings,156,10,Fawad Ahmed,4,0,39,3,0,0,9.75
338,"Jan 16, ",06:10 PM,"Sydney Cricket Ground, ",Sydney,"Sydney Sixers vs Sydney Thunder, 30th Match - Live Cricket Score, Commentary",Sydney Thunder Innings,156,10,Chris Green,4,0,27,3,0,0,6.75
339,"Jan 16, ",06:15 PM,"W.A.C.A. Ground, ",Perth,"Perth Scorchers vs Melbourne Stars, 31st Match - Live Cricket Score, Commentary",Perth Scorchers Innings,146,9,David Willey,4,0,23,1,0,2,5.75
340,"Jan 16, ",06:15 PM,"W.A.C.A. Ground, ",Perth,"Perth Scorchers vs Melbourne Stars, 31st Match - Live Cricket Score, Commentary",Perth Scorchers Innings,146,9,Matt Dixon,4,0,32,3,0,0,8.00
341,"Jan 16, ",06:15 PM,"W.A.C.A. Ground, ",Perth,"Perth Scorchers vs Melbourne Stars, 31st Match - Live Cricket Score, Commentary",Perth Scorchers Innings,146,9,Ashton Turner,1,0,2,1,0,0,2.00
342,"Jan 16, ",06:15 PM,"W.A.C.A. Ground, ",Perth,"Perth Scorchers vs Melbourne Stars, 31st Match - Live Cricket Score, Commentary",Perth Scorchers Innings,146,9,Andrew Tye,4,0,25,2,0,1,6.25
343,"Jan 16, ",06:15 PM,"W.A.C.A. Ground, ",Perth,"Perth Scorchers vs Melbourne Stars, 31st Match - Live Cricket Score, Commentary",Perth Scorchers Innings,146,9,Jhye Richardson,2,0,22,0,0,5,11.00
344,"Jan 16, ",06:15 PM,"W.A.C.A. Ground, ",Perth,"Perth Scorchers vs Melbourne Stars, 31st Match - Live Cricket Score, Commentary",Perth Scorchers Innings,146,9,Brad Hogg,4,0,36,1,0,0,9.00
345,"Jan 16, ",06:15 PM,"W.A.C.A. Ground, ",Perth,"Perth Scorchers vs Melbourne Stars, 31st Match - Live Cricket Score, Commentary",Perth Scorchers Innings,146,9,Ashton Agar,1,0,4,0,0,0,4.00
346,"Jan 16, ",06:15 PM,"W.A.C.A. Ground, ",Perth,"Perth Scorchers vs Melbourne Stars, 31st Match - Live Cricket Score, Commentary",Melbourne Stars Innings,94,10,Daniel Worrall,4,0,11,3,0,1,2.75
347,"Jan 16, ",06:15 PM,"W.A.C.A. Ground, ",Perth,"Perth Scorchers vs Melbourne Stars, 31st Match - Live Cricket Score, Commentary",Melbourne Stars Innings,94,10,Ben Hilfenhaus,3,0,17,3,0,1,5.67
348,"Jan 16, ",06:15 PM,"W.A.C.A. Ground, ",Perth,"Perth Scorchers vs Melbourne Stars, 31st Match - Live Cricket Score, Commentary",Melbourne Stars Innings,94,10,Michael Beer,3,0,15,0,0,1,5.00
349,"Jan 16, ",06:15 PM,"W.A.C.A. Ground, ",Perth,"Perth Scorchers vs Melbourne Stars, 31st Match - Live Cricket Score, Commentary",Melbourne Stars Innings,94,10,Evan Gulbis,3,0,20,1,0,0,6.67
350,"Jan 16, ",06:15 PM,"W.A.C.A. Ground, ",Perth,"Perth Scorchers vs Melbourne Stars, 31st Match - Live Cricket Score, Commentary",Melbourne Stars Innings,94,10,Adam Zampa,4,0,16,2,0,0,4.00
351,"Jan 16, ",06:15 PM,"W.A.C.A. Ground, ",Perth,"Perth Scorchers vs Melbourne Stars, 31st Match - Live Cricket Score, Commentary",Melbourne Stars Innings,94,10,Marcus Stoinis,2,0,8,1,0,2,4.00
352,"Jan 18, ",07:40 PM,"Docklands Stadium, ",Melbourne,"Melbourne Renegades vs Adelaide Strikers, 32nd Match - Live Cricket Score, Commentary",Melbourne Renegades Innings,170,5,Xavier Doherty,4,0,30,2,0,1,7.50
353,"Jan 18, ",07:40 PM,"Docklands Stadium, ",Melbourne,"Melbourne Renegades vs Adelaide Strikers, 32nd Match - Live Cricket Score, Commentary",Melbourne Renegades Innings,170,5,Chris Tremain,4,0,26,1,0,0,6.50
354,"Jan 18, ",07:40 PM,"Docklands Stadium, ",Melbourne,"Melbourne Renegades vs Adelaide Strikers, 32nd Match - Live Cricket Score, Commentary",Melbourne Renegades Innings,170,5,Nathan Rimmington,4,0,35,1,0,1,8.75
355,"Jan 18, ",07:40 PM,"Docklands Stadium, ",Melbourne,"Melbourne Renegades vs Adelaide Strikers, 32nd Match - Live Cricket Score, Commentary",Melbourne Renegades Innings,170,5,Cameron Gannon,4,0,39,0,0,1,9.75
356,"Jan 18, ",07:40 PM,"Docklands Stadium, ",Melbourne,"Melbourne Renegades vs Adelaide Strikers, 32nd Match - Live Cricket Score, Commentary",Melbourne Renegades Innings,170,5,Dwayne Bravo,4,0,36,1,0,0,9.00
357,"Jan 18, ",07:40 PM,"Docklands Stadium, ",Melbourne,"Melbourne Renegades vs Adelaide Strikers, 32nd Match - Live Cricket Score, Commentary",Adelaide Strikers Innings,143,10,Greg West,2,0,38,0,0,1,19.00
358,"Jan 18, ",07:40 PM,"Docklands Stadium, ",Melbourne,"Melbourne Renegades vs Adelaide Strikers, 32nd Match - Live Cricket Score, Commentary",Adelaide Strikers Innings,143,10,Michael Neser,3,0,15,2,0,0,5.00
359,"Jan 18, ",07:40 PM,"Docklands Stadium, ",Melbourne,"Melbourne Renegades vs Adelaide Strikers, 32nd Match - Live Cricket Score, Commentary",Adelaide Strikers Innings,143,10,Ben Laughlin,2.3,0,29,1,1,0,12.61
360,"Jan 18, ",07:40 PM,"Docklands Stadium, ",Melbourne,"Melbourne Renegades vs Adelaide Strikers, 32nd Match - Live Cricket Score, Commentary",Adelaide Strikers Innings,143,10,Travis Head,2,0,16,3,0,1,8.00
361,"Jan 18, ",07:40 PM,"Docklands Stadium, ",Melbourne,"Melbourne Renegades vs Adelaide Strikers, 32nd Match - Live Cricket Score, Commentary",Adelaide Strikers Innings,143,10,Jon Holland,3,0,24,2,0,0,8.00
362,"Jan 18, ",07:40 PM,"Docklands Stadium, ",Melbourne,"Melbourne Renegades vs Adelaide Strikers, 32nd Match - Live Cricket Score, Commentary",Adelaide Strikers Innings,143,10,Adil Rashid,3,0,21,1,0,0,7.00
363,"Jan 21, ",07:10 PM,"Adelaide Oval, ",Adelaide,"Adelaide Strikers vs Sydney Thunder, 1st Semi-Final - Live Cricket Score, Commentary",Sydney Thunder Innings,159,7,Andre Russell,4,0,31,1,1,5,7.75
364,"Jan 21, ",07:10 PM,"Adelaide Oval, ",Adelaide,"Adelaide Strikers vs Sydney Thunder, 1st Semi-Final - Live Cricket Score, Commentary",Sydney Thunder Innings,159,7,Shane Watson,4,0,28,2,0,2,7.00
365,"Jan 21, ",07:10 PM,"Adelaide Oval, ",Adelaide,"Adelaide Strikers vs Sydney Thunder, 1st Semi-Final - Live Cricket Score, Commentary",Sydney Thunder Innings,159,7,Clint McKay,4,0,44,3,0,2,11.00
366,"Jan 21, ",07:10 PM,"Adelaide Oval, ",Adelaide,"Adelaide Strikers vs Sydney Thunder, 1st Semi-Final - Live Cricket Score, Commentary",Sydney Thunder Innings,159,7,Nathan McAndrew,2,0,14,0,0,0,7.00
367,"Jan 21, ",07:10 PM,"Adelaide Oval, ",Adelaide,"Adelaide Strikers vs Sydney Thunder, 1st Semi-Final - Live Cricket Score, Commentary",Sydney Thunder Innings,159,7,Chris Green,4,0,20,1,0,0,5.00
368,"Jan 21, ",07:10 PM,"Adelaide Oval, ",Adelaide,"Adelaide Strikers vs Sydney Thunder, 1st Semi-Final - Live Cricket Score, Commentary",Sydney Thunder Innings,159,7,Fawad Ahmed,2,0,22,0,0,0,11.00
369,"Jan 21, ",07:10 PM,"Adelaide Oval, ",Adelaide,"Adelaide Strikers vs Sydney Thunder, 1st Semi-Final - Live Cricket Score, Commentary",Adelaide Strikers Innings,160,2,Gary Putland,4,0,37,0,1,1,9.25
370,"Jan 21, ",07:10 PM,"Adelaide Oval, ",Adelaide,"Adelaide Strikers vs Sydney Thunder, 1st Semi-Final - Live Cricket Score, Commentary",Adelaide Strikers Innings,160,2,Jon Holland,2,0,19,0,0,0,9.50
371,"Jan 21, ",07:10 PM,"Adelaide Oval, ",Adelaide,"Adelaide Strikers vs Sydney Thunder, 1st Semi-Final - Live Cricket Score, Commentary",Adelaide Strikers Innings,160,2,Michael Neser,3,0,33,0,0,0,11.00
372,"Jan 21, ",07:10 PM,"Adelaide Oval, ",Adelaide,"Adelaide Strikers vs Sydney Thunder, 1st Semi-Final - Live Cricket Score, Commentary",Adelaide Strikers Innings,160,2,Ben Laughlin,3,0,21,1,0,0,7.00
373,"Jan 21, ",07:10 PM,"Adelaide Oval, ",Adelaide,"Adelaide Strikers vs Sydney Thunder, 1st Semi-Final - Live Cricket Score, Commentary",Adelaide Strikers Innings,160,2,Travis Head,2,0,21,0,0,0,10.50
374,"Jan 21, ",07:10 PM,"Adelaide Oval, ",Adelaide,"Adelaide Strikers vs Sydney Thunder, 1st Semi-Final - Live Cricket Score, Commentary",Adelaide Strikers Innings,160,2,Adil Rashid,3.4,0,28,1,0,0,8.24
375,"Jan 22, ",07:40 PM,"Melbourne Cricket Ground, ",Melbourne,"Melbourne Stars vs Perth Scorchers, 2nd Semi-Final - Live Cricket Score, Commentary",Melbourne Stars Innings,139,7,Daniel Worrall,4,0,25,3,2,1,6.25
376,"Jan 22, ",07:40 PM,"Melbourne Cricket Ground, ",Melbourne,"Melbourne Stars vs Perth Scorchers, 2nd Semi-Final - Live Cricket Score, Commentary",Melbourne Stars Innings,139,7,Ben Hilfenhaus,4,0,28,1,0,1,7.00
377,"Jan 22, ",07:40 PM,"Melbourne Cricket Ground, ",Melbourne,"Melbourne Stars vs Perth Scorchers, 2nd Semi-Final - Live Cricket Score, Commentary",Melbourne Stars Innings,139,7,Michael Beer,4,0,22,1,0,0,5.50
378,"Jan 22, ",07:40 PM,"Melbourne Cricket Ground, ",Melbourne,"Melbourne Stars vs Perth Scorchers, 2nd Semi-Final - Live Cricket Score, Commentary",Melbourne Stars Innings,139,7,Evan Gulbis,1,0,14,0,0,0,14.00
379,"Jan 22, ",07:40 PM,"Melbourne Cricket Ground, ",Melbourne,"Melbourne Stars vs Perth Scorchers, 2nd Semi-Final - Live Cricket Score, Commentary",Melbourne Stars Innings,139,7,Adam Zampa,4,0,22,1,0,1,5.50
380,"Jan 22, ",07:40 PM,"Melbourne Cricket Ground, ",Melbourne,"Melbourne Stars vs Perth Scorchers, 2nd Semi-Final - Live Cricket Score, Commentary",Melbourne Stars Innings,139,7,Marcus Stoinis,3,0,24,1,0,0,8.00
381,"Jan 22, ",07:40 PM,"Melbourne Cricket Ground, ",Melbourne,"Melbourne Stars vs Perth Scorchers, 2nd Semi-Final - Live Cricket Score, Commentary",Perth Scorchers Innings,140,3,Jason Behrendorff,4,0,28,0,0,0,7.00
382,"Jan 22, ",07:40 PM,"Melbourne Cricket Ground, ",Melbourne,"Melbourne Stars vs Perth Scorchers, 2nd Semi-Final - Live Cricket Score, Commentary",Perth Scorchers Innings,140,3,David Willey,3,0,22,1,0,1,7.33
383,"Jan 22, ",07:40 PM,"Melbourne Cricket Ground, ",Melbourne,"Melbourne Stars vs Perth Scorchers, 2nd Semi-Final - Live Cricket Score, Commentary",Perth Scorchers Innings,140,3,Andrew Tye,3,0,29,0,0,0,9.67
384,"Jan 22, ",07:40 PM,"Melbourne Cricket Ground, ",Melbourne,"Melbourne Stars vs Perth Scorchers, 2nd Semi-Final - Live Cricket Score, Commentary",Perth Scorchers Innings,140,3,Ashton Agar,2,0,15,0,0,0,7.50
385,"Jan 22, ",07:40 PM,"Melbourne Cricket Ground, ",Melbourne,"Melbourne Stars vs Perth Scorchers, 2nd Semi-Final - Live Cricket Score, Commentary",Perth Scorchers Innings,140,3,Brad Hogg,4,0,20,1,0,1,5.00
386,"Jan 22, ",07:40 PM,"Melbourne Cricket Ground, ",Melbourne,"Melbourne Stars vs Perth Scorchers, 2nd Semi-Final - Live Cricket Score, Commentary",Perth Scorchers Innings,140,3,Joel Paris,2.1,0,24,1,0,1,11.43
387,"Jan 24, ",07:20 PM,"Melbourne Cricket Ground, ",Melbourne,"Sydney Thunder vs Melbourne Stars, Final - Live Cricket Score, Commentary",Sydney Thunder Innings,176,9,Andre Russell,4,0,30,1,0,5,7.50
388,"Jan 24, ",07:20 PM,"Melbourne Cricket Ground, ",Melbourne,"Sydney Thunder vs Melbourne Stars, Final - Live Cricket Score, Commentary",Sydney Thunder Innings,176,9,Shane Watson,3,0,17,2,0,0,5.67
389,"Jan 24, ",07:20 PM,"Melbourne Cricket Ground, ",Melbourne,"Sydney Thunder vs Melbourne Stars, Final - Live Cricket Score, Commentary",Sydney Thunder Innings,176,9,Clint McKay,4,0,40,1,0,1,10.00
390,"Jan 24, ",07:20 PM,"Melbourne Cricket Ground, ",Melbourne,"Sydney Thunder vs Melbourne Stars, Final - Live Cricket Score, Commentary",Sydney Thunder Innings,176,9,Jacques Kallis,3,0,24,1,0,0,8.00
391,"Jan 24, ",07:20 PM,"Melbourne Cricket Ground, ",Melbourne,"Sydney Thunder vs Melbourne Stars, Final - Live Cricket Score, Commentary",Sydney Thunder Innings,176,9,Fawad Ahmed,2,0,24,0,0,0,12.00
392,"Jan 24, ",07:20 PM,"Melbourne Cricket Ground, ",Melbourne,"Sydney Thunder vs Melbourne Stars, Final - Live Cricket Score, Commentary",Sydney Thunder Innings,176,9,Chris Green,4,0,37,2,0,1,9.25
393,"Jan 24, ",07:20 PM,"Melbourne Cricket Ground, ",Melbourne,"Sydney Thunder vs Melbourne Stars, Final - Live Cricket Score, Commentary",Melbourne Stars Innings,181,7,Daniel Worrall,3.3,0,42,0,0,2,12.73
394,"Jan 24, ",07:20 PM,"Melbourne Cricket Ground, ",Melbourne,"Sydney Thunder vs Melbourne Stars, Final - Live Cricket Score, Commentary",Melbourne Stars Innings,181,7,Ben Hilfenhaus,2,0,21,0,0,0,10.50
395,"Jan 24, ",07:20 PM,"Melbourne Cricket Ground, ",Melbourne,"Sydney Thunder vs Melbourne Stars, Final - Live Cricket Score, Commentary",Melbourne Stars Innings,181,7,Michael Beer,3,0,25,0,0,0,8.33
396,"Jan 24, ",07:20 PM,"Melbourne Cricket Ground, ",Melbourne,"Sydney Thunder vs Melbourne Stars, Final - Live Cricket Score, Commentary",Melbourne Stars Innings,181,7,Evan Gulbis,2,0,19,0,0,1,9.50
397,"Jan 24, ",07:20 PM,"Melbourne Cricket Ground, ",Melbourne,"Sydney Thunder vs Melbourne Stars, Final - Live Cricket Score, Commentary",Melbourne Stars Innings,181,7,Adam Zampa,4,0,32,2,1,2,8.00
398,"Jan 24, ",07:20 PM,"Melbourne Cricket Ground, ",Melbourne,"Sydney Thunder vs Melbourne Stars, Final - Live Cricket Score, Commentary",Melbourne Stars Innings,181,7,Marcus Stoinis,4,0,30,3,0,3,7.50
399,"Jan 24, ",07:20 PM,"Melbourne Cricket Ground, ",Melbourne,"Sydney Thunder vs Melbourne Stars, Final - Live Cricket Score, Commentary",Melbourne Stars Innings,181,7,David Hussey,1,0,9,1,0,0,9.00
