,Date,Time,Teams,Winners,Links
0,"Dec 17, Thu",2:10 PM,"SYDNEY THUNDER vs SYDNEY SIXERS, 1st Match",Sydney Thunder won by 36 runs,https://www.cricbuzz.com/cricket-scores/15098/syt-vs-sys-1st-match-big-bash-league-2015-16
1,"Dec 18, Fri",2:10 PM,"ADELAIDE STRIKERS vs MELBOURNE STARS, 2nd Match",Adelaide Strikers won by 19 runs,https://www.cricbuzz.com/cricket-scores/15099/ads-vs-mls-2nd-match-big-bash-league-2015-16
2,"Dec 19, Sat",1:40 PM,"BRISBANE HEAT vs MELBOURNE RENEGADES, 3rd Match",Melbourne Renegades won by 7 wkts,https://www.cricbuzz.com/cricket-scores/15100/brh-vs-mlr-3rd-match-big-bash-league-2015-16
3,"Dec 20, Sun",10:50 AM,"SYDNEY SIXERS vs HOBART HURRICANES, 4th Match",Sydney Sixers won by 95 runs,https://www.cricbuzz.com/cricket-scores/15101/sys-vs-hbh-4th-match-big-bash-league-2015-16
4,,1:55 PM,"MELBOURNE STARS vs SYDNEY THUNDER, 5th Match",Sydney Thunder won by 1 run,https://www.cricbuzz.com/cricket-scores/15102/mls-vs-syt-5th-match-big-bash-league-2015-16
5,"Dec 21, Mon",1:40 PM,"PERTH SCORCHERS vs ADELAIDE STRIKERS, 6th Match",Adelaide Strikers won by 4 wkts,https://www.cricbuzz.com/cricket-scores/15103/prs-vs-ads-6th-match-big-bash-league-2015-16
6,"Dec 22, Tue",1:40 PM,"HOBART HURRICANES vs BRISBANE HEAT, 7th Match",Hobart Hurricanes won by 20 runs,https://www.cricbuzz.com/cricket-scores/15104/hbh-vs-brh-7th-match-big-bash-league-2015-16
7,"Dec 23, Wed",1:40 PM,"MELBOURNE RENEGADES vs SYDNEY SIXERS, 8th Match",Sydney Sixers won by 3 wkts,https://www.cricbuzz.com/cricket-scores/15105/mlr-vs-sys-8th-match-big-bash-league-2015-16
8,"Dec 26, Sat",1:40 PM,"PERTH SCORCHERS vs BRISBANE HEAT, 9th Match",Perth Scorchers won by 9 wkts,https://www.cricbuzz.com/cricket-scores/15106/prs-vs-brh-9th-match-big-bash-league-2015-16
9,"Dec 27, Sun",1:40 PM,"SYDNEY SIXERS vs MELBOURNE STARS, 10th Match",Melbourne Stars won by 5 wkts,https://www.cricbuzz.com/cricket-scores/15107/sys-vs-mls-10th-match-big-bash-league-2015-16
10,"Dec 28, Mon",1:40 PM,"SYDNEY THUNDER vs ADELAIDE STRIKERS, 11th Match",Sydney Thunder won by 7 wkts,https://www.cricbuzz.com/cricket-scores/15108/syt-vs-ads-11th-match-big-bash-league-2015-16
11,"Dec 29, Tue",1:40 PM,"BRISBANE HEAT vs HOBART HURRICANES, 12th Match",Hobart Hurricanes won by 15 runs,https://www.cricbuzz.com/cricket-scores/15109/brh-vs-hbh-12th-match-big-bash-league-2015-16
12,"Dec 30, Wed",1:40 PM,"MELBOURNE RENEGADES vs PERTH SCORCHERS, 13th Match",Perth Scorchers won by 10 wkts,https://www.cricbuzz.com/cricket-scores/15110/mlr-vs-prs-13th-match-big-bash-league-2015-16
13,"Dec 31, Thu",1:40 PM,"ADELAIDE STRIKERS vs SYDNEY SIXERS, 14th Match",Adelaide Strikers won by 5 wkts,https://www.cricbuzz.com/cricket-scores/15111/ads-vs-sys-14th-match-big-bash-league-2015-16
14,"Jan 01, Fri",1:40 PM,"HOBART HURRICANES vs SYDNEY THUNDER, 15th Match",Hobart Hurricanes won by 11 runs,https://www.cricbuzz.com/cricket-scores/15112/hbh-vs-syt-15th-match-big-bash-league-2015-16
15,"Jan 02, Sat",12:40 PM,"MELBOURNE STARS vs MELBOURNE RENEGADES, 16th Match",Melbourne Stars won by 7 wkts,https://www.cricbuzz.com/cricket-scores/15113/mls-vs-mlr-16th-match-big-bash-league-2015-16
16,,3:45 PM,"PERTH SCORCHERS vs SYDNEY SIXERS, 17th Match",Perth Scorchers won by 9 wkts,https://www.cricbuzz.com/cricket-scores/15114/prs-vs-sys-17th-match-big-bash-league-2015-16
17,"Jan 03, Sun",1:40 PM,"BRISBANE HEAT vs SYDNEY THUNDER, 18th Match",Brisbane Heat won by 6 wkts,https://www.cricbuzz.com/cricket-scores/15115/brh-vs-syt-18th-match-big-bash-league-2015-16
18,"Jan 04, Mon",2:10 PM,"HOBART HURRICANES vs MELBOURNE RENEGADES, 19th Match",Melbourne Renegades won by 5 wkts,https://www.cricbuzz.com/cricket-scores/15116/hbh-vs-mlr-19th-match-big-bash-league-2015-16
19,"Jan 05, Tue",2:10 PM,"ADELAIDE STRIKERS vs PERTH SCORCHERS, 20th Match",Adelaide Strikers won by 36 runs,https://www.cricbuzz.com/cricket-scores/15117/ads-vs-prs-20th-match-big-bash-league-2015-16
20,"Jan 06, Wed",2:10 PM,"MELBOURNE STARS vs HOBART HURRICANES, 21st Match",Melbourne Stars won by 8 wkts,https://www.cricbuzz.com/cricket-scores/15118/mls-vs-hbh-21st-match-big-bash-league-2015-16
21,"Jan 07, Thu",2:10 PM,"SYDNEY THUNDER vs PERTH SCORCHERS, 22nd Match",Perth Scorchers won by 30 runs,https://www.cricbuzz.com/cricket-scores/15119/syt-vs-prs-22nd-match-big-bash-league-2015-16
22,"Jan 08, Fri",2:10 PM,"BRISBANE HEAT vs ADELAIDE STRIKERS, 23rd Match",Adelaide Strikers won by 8 wkts,https://www.cricbuzz.com/cricket-scores/15120/brh-vs-ads-23rd-match-big-bash-league-2015-16
23,"Jan 09, Sat",1:40 PM,"MELBOURNE RENEGADES vs MELBOURNE STARS, 24th Match",Melbourne Stars won by 8 wkts,https://www.cricbuzz.com/cricket-scores/15121/mlr-vs-mls-24th-match-big-bash-league-2015-16
24,"Jan 10, Sun",10:50 AM,"HOBART HURRICANES vs PERTH SCORCHERS, 25th Match",Perth Scorchers won by 1 run,https://www.cricbuzz.com/cricket-scores/15122/hbh-vs-prs-25th-match-big-bash-league-2015-16
25,,1:55 PM,"SYDNEY SIXERS vs BRISBANE HEAT, 26th Match",Brisbane Heat won by 6 runs,https://www.cricbuzz.com/cricket-scores/15123/sys-vs-brh-26th-match-big-bash-league-2015-16
26,"Jan 11, Mon",2:10 PM,"SYDNEY THUNDER vs MELBOURNE RENEGADES, 27th Match",Melbourne Renegades won by 5 wkts,https://www.cricbuzz.com/cricket-scores/15124/syt-vs-mlr-27th-match-big-bash-league-2015-16
27,"Jan 13, Wed",2:10 PM,"ADELAIDE STRIKERS vs HOBART HURRICANES, 28th Match",Adelaide Strikers won by 6 wkts,https://www.cricbuzz.com/cricket-scores/15125/ads-vs-hbh-28th-match-big-bash-league-2015-16
28,"Jan 14, Thu",2:10 PM,"MELBOURNE STARS vs BRISBANE HEAT, 29th Match",Brisbane Heat won by 56 runs,https://www.cricbuzz.com/cricket-scores/15126/mls-vs-brh-29th-match-big-bash-league-2015-16
29,"Jan 16, Sat",12:40 PM,"SYDNEY SIXERS vs SYDNEY THUNDER, 30th Match",Sydney Thunder won by 46 runs,https://www.cricbuzz.com/cricket-scores/15127/sys-vs-syt-30th-match-big-bash-league-2015-16
30,,3:45 PM,"PERTH SCORCHERS vs MELBOURNE STARS, 31st Match",Melbourne Stars won by 52 runs,https://www.cricbuzz.com/cricket-scores/15128/prs-vs-mls-31st-match-big-bash-league-2015-16
31,"Jan 18, Mon",2:10 PM,"MELBOURNE RENEGADES vs ADELAIDE STRIKERS, 32nd Match",Adelaide Strikers won by 27 runs,https://www.cricbuzz.com/cricket-scores/15129/mlr-vs-ads-32nd-match-big-bash-league-2015-16
32,"Jan 21, Thu",2:10 PM,"ADELAIDE STRIKERS vs SYDNEY THUNDER, 1st Semi-Final",Sydney Thunder won by 8 wkts,https://www.cricbuzz.com/cricket-scores/15130/ads-vs-syt-1st-semi-final-big-bash-league-2015-16
33,"Jan 22, Fri",2:10 PM,"MELBOURNE STARS vs PERTH SCORCHERS, 2nd Semi-Final",Melbourne Stars won by 7 wkts,https://www.cricbuzz.com/cricket-scores/15131/mls-vs-prs-2nd-semi-final-big-bash-league-2015-16
34,"Jan 24, Sun",1:50 PM,"SYDNEY THUNDER vs MELBOURNE STARS, Final",Sydney Thunder won by 3 wkts,https://www.cricbuzz.com/cricket-scores/15132/syt-vs-mls-final-big-bash-league-2015-16
