,Date,Time,Stadium,City,Match Details,Team Bowling,Total Runs Conceeded,Total Wickets Taken,Bowler Name,Overs,Maidens,Runs,Wickets,No Balls,Wides,Economies
0,"Dec 20, ",07:40 PM,"Sydney Showground Stadium, ",Sydney,"Sydney Thunder vs Sydney Sixers, 1st Match - Live Cricket Score, Commentary",Sydney Sixers Innings,159,8,Steve O'Keefe,4,0,16,1,0,0,4.00
1,"Dec 20, ",07:40 PM,"Sydney Showground Stadium, ",Sydney,"Sydney Thunder vs Sydney Sixers, 1st Match - Live Cricket Score, Commentary",Sydney Sixers Innings,159,8,Ben Dwarshuis,4,0,29,2,0,2,7.20
2,"Dec 20, ",07:40 PM,"Sydney Showground Stadium, ",Sydney,"Sydney Thunder vs Sydney Sixers, 1st Match - Live Cricket Score, Commentary",Sydney Sixers Innings,159,8,Joe Mennie,2,1,16,2,0,0,8.00
3,"Dec 20, ",07:40 PM,"Sydney Showground Stadium, ",Sydney,"Sydney Thunder vs Sydney Sixers, 1st Match - Live Cricket Score, Commentary",Sydney Sixers Innings,159,8,Doug Bollinger,3,0,33,2,0,1,11.00
4,"Dec 20, ",07:40 PM,"Sydney Showground Stadium, ",Sydney,"Sydney Thunder vs Sydney Sixers, 1st Match - Live Cricket Score, Commentary",Sydney Sixers Innings,159,8,Sean Abbott,3,0,24,0,0,0,8.00
5,"Dec 20, ",07:40 PM,"Sydney Showground Stadium, ",Sydney,"Sydney Thunder vs Sydney Sixers, 1st Match - Live Cricket Score, Commentary",Sydney Sixers Innings,159,8,Johan Botha,4,0,29,1,0,1,7.20
6,"Dec 20, ",07:40 PM,"Sydney Showground Stadium, ",Sydney,"Sydney Thunder vs Sydney Sixers, 1st Match - Live Cricket Score, Commentary",Sydney Thunder Innings,160,1,Pat Cummins,3,0,38,0,0,0,12.70
7,"Dec 20, ",07:40 PM,"Sydney Showground Stadium, ",Sydney,"Sydney Thunder vs Sydney Sixers, 1st Match - Live Cricket Score, Commentary",Sydney Thunder Innings,160,1,Andre Russell,4,0,27,1,0,1,6.80
8,"Dec 20, ",07:40 PM,"Sydney Showground Stadium, ",Sydney,"Sydney Thunder vs Sydney Sixers, 1st Match - Live Cricket Score, Commentary",Sydney Thunder Innings,160,1,Clint McKay,2,0,20,0,0,0,10.00
9,"Dec 20, ",07:40 PM,"Sydney Showground Stadium, ",Sydney,"Sydney Thunder vs Sydney Sixers, 1st Match - Live Cricket Score, Commentary",Sydney Thunder Innings,160,1,Gurinder Sandhu,2,0,18,0,0,1,9.00
10,"Dec 20, ",07:40 PM,"Sydney Showground Stadium, ",Sydney,"Sydney Thunder vs Sydney Sixers, 1st Match - Live Cricket Score, Commentary",Sydney Thunder Innings,160,1,Chris Green,4,0,32,0,0,0,8.00
11,"Dec 20, ",07:40 PM,"Sydney Showground Stadium, ",Sydney,"Sydney Thunder vs Sydney Sixers, 1st Match - Live Cricket Score, Commentary",Sydney Thunder Innings,160,1,Fawad Ahmed,3,0,25,0,0,1,8.30
12,"Dec 21, ",07:10 PM,"Adelaide Oval, ",Adelaide,"Adelaide Strikers vs Brisbane Heat, 2nd Match - Live Cricket Score, Commentary",Adelaide Strikers Innings,206,5,Neser,2,0,32,0,0,1,16.00
13,"Dec 21, ",07:10 PM,"Adelaide Oval, ",Adelaide,"Adelaide Strikers vs Brisbane Heat, 2nd Match - Live Cricket Score, Commentary",Adelaide Strikers Innings,206,5,Kane Richardson,3,0,37,1,0,0,12.30
14,"Dec 21, ",07:10 PM,"Adelaide Oval, ",Adelaide,"Adelaide Strikers vs Brisbane Heat, 2nd Match - Live Cricket Score, Commentary",Adelaide Strikers Innings,206,5,Jake Lehmann,1,0,11,0,0,0,11.00
15,"Dec 21, ",07:10 PM,"Adelaide Oval, ",Adelaide,"Adelaide Strikers vs Brisbane Heat, 2nd Match - Live Cricket Score, Commentary",Adelaide Strikers Innings,206,5,C Jordan,3,0,29,2,0,2,9.70
16,"Dec 21, ",07:10 PM,"Adelaide Oval, ",Adelaide,"Adelaide Strikers vs Brisbane Heat, 2nd Match - Live Cricket Score, Commentary",Adelaide Strikers Innings,206,5,B Laughlin,3,0,37,0,0,0,12.30
17,"Dec 21, ",07:10 PM,"Adelaide Oval, ",Adelaide,"Adelaide Strikers vs Brisbane Heat, 2nd Match - Live Cricket Score, Commentary",Adelaide Strikers Innings,206,5,K Pollard,4,0,27,2,0,1,6.80
18,"Dec 21, ",07:10 PM,"Adelaide Oval, ",Adelaide,"Adelaide Strikers vs Brisbane Heat, 2nd Match - Live Cricket Score, Commentary",Adelaide Strikers Innings,206,5,Liam O'Connor,4,0,28,0,0,0,7.00
19,"Dec 21, ",07:10 PM,"Adelaide Oval, ",Adelaide,"Adelaide Strikers vs Brisbane Heat, 2nd Match - Live Cricket Score, Commentary",Brisbane Heat Innings,196,6,Jason Floros,3,0,40,0,0,0,13.30
20,"Dec 21, ",07:10 PM,"Adelaide Oval, ",Adelaide,"Adelaide Strikers vs Brisbane Heat, 2nd Match - Live Cricket Score, Commentary",Brisbane Heat Innings,196,6,Samuel Badree,4,1,22,0,0,1,5.50
21,"Dec 21, ",07:10 PM,"Adelaide Oval, ",Adelaide,"Adelaide Strikers vs Brisbane Heat, 2nd Match - Live Cricket Score, Commentary",Brisbane Heat Innings,196,6,Mark Steketee,4,0,32,3,0,2,8.00
22,"Dec 21, ",07:10 PM,"Adelaide Oval, ",Adelaide,"Adelaide Strikers vs Brisbane Heat, 2nd Match - Live Cricket Score, Commentary",Brisbane Heat Innings,196,6,Ben Cutting,4,0,46,2,0,0,11.50
23,"Dec 21, ",07:10 PM,"Adelaide Oval, ",Adelaide,"Adelaide Strikers vs Brisbane Heat, 2nd Match - Live Cricket Score, Commentary",Brisbane Heat Innings,196,6,Jack Wildermuth,2,0,27,0,0,1,13.50
24,"Dec 21, ",07:10 PM,"Adelaide Oval, ",Adelaide,"Adelaide Strikers vs Brisbane Heat, 2nd Match - Live Cricket Score, Commentary",Brisbane Heat Innings,196,6,Mitchell Swepson,3,0,26,1,0,0,8.70
25,"Dec 22, ",07:40 PM,"Docklands Stadium, ",Melbourne,"Melbourne Renegades vs Sydney Thunder, 3rd Match - Live Cricket Score, Commentary",Sydney Thunder Innings,179,7,Pat Cummins,4,0,26,1,0,2,6.50
26,"Dec 22, ",07:40 PM,"Docklands Stadium, ",Melbourne,"Melbourne Renegades vs Sydney Thunder, 3rd Match - Live Cricket Score, Commentary",Sydney Thunder Innings,179,7,Andre Russell,4,0,42,2,0,1,10.50
27,"Dec 22, ",07:40 PM,"Docklands Stadium, ",Melbourne,"Melbourne Renegades vs Sydney Thunder, 3rd Match - Live Cricket Score, Commentary",Sydney Thunder Innings,179,7,Clint McKay,4,0,40,1,0,1,10.00
28,"Dec 22, ",07:40 PM,"Docklands Stadium, ",Melbourne,"Melbourne Renegades vs Sydney Thunder, 3rd Match - Live Cricket Score, Commentary",Sydney Thunder Innings,179,7,Chris Green,3,0,21,1,0,0,7.00
29,"Dec 22, ",07:40 PM,"Docklands Stadium, ",Melbourne,"Melbourne Renegades vs Sydney Thunder, 3rd Match - Live Cricket Score, Commentary",Sydney Thunder Innings,179,7,Fawad Ahmed,4,0,29,1,0,0,7.20
30,"Dec 22, ",07:40 PM,"Docklands Stadium, ",Melbourne,"Melbourne Renegades vs Sydney Thunder, 3rd Match - Live Cricket Score, Commentary",Sydney Thunder Innings,179,7,Arjun Nair,1,0,14,0,0,0,14.00
31,"Dec 22, ",07:40 PM,"Docklands Stadium, ",Melbourne,"Melbourne Renegades vs Sydney Thunder, 3rd Match - Live Cricket Score, Commentary",Melbourne Renegades Innings,131,10,Tom Cooper,2,0,8,1,0,0,4.00
32,"Dec 22, ",07:40 PM,"Docklands Stadium, ",Melbourne,"Melbourne Renegades vs Sydney Thunder, 3rd Match - Live Cricket Score, Commentary",Melbourne Renegades Innings,131,10,Chris Tremain,4,0,21,1,0,2,5.20
33,"Dec 22, ",07:40 PM,"Docklands Stadium, ",Melbourne,"Melbourne Renegades vs Sydney Thunder, 3rd Match - Live Cricket Score, Commentary",Melbourne Renegades Innings,131,10,Nathan Rimmington,1.1,0,10,0,0,0,8.60
34,"Dec 22, ",07:40 PM,"Docklands Stadium, ",Melbourne,"Melbourne Renegades vs Sydney Thunder, 3rd Match - Live Cricket Score, Commentary",Melbourne Renegades Innings,131,10,Sunil Narine,4,0,32,2,0,0,8.00
35,"Dec 22, ",07:40 PM,"Docklands Stadium, ",Melbourne,"Melbourne Renegades vs Sydney Thunder, 3rd Match - Live Cricket Score, Commentary",Melbourne Renegades Innings,131,10,Dwayne Bravo,4,0,28,2,0,1,7.00
36,"Dec 22, ",07:40 PM,"Docklands Stadium, ",Melbourne,"Melbourne Renegades vs Sydney Thunder, 3rd Match - Live Cricket Score, Commentary",Melbourne Renegades Innings,131,10,Brad Hogg,4,0,22,2,0,0,5.50
37,"Dec 23, ",06:10 PM,"Sydney Cricket Ground, ",Sydney,"Sydney Sixers vs Hobart Hurricanes, 4th Match - Live Cricket Score, Commentary",Sydney Sixers Innings,200,6,Johan Botha,4,0,21,1,0,0,5.20
38,"Dec 23, ",06:10 PM,"Sydney Cricket Ground, ",Sydney,"Sydney Sixers vs Hobart Hurricanes, 4th Match - Live Cricket Score, Commentary",Sydney Sixers Innings,200,6,Ben Dwarshuis,3,0,44,1,0,1,14.70
39,"Dec 23, ",06:10 PM,"Sydney Cricket Ground, ",Sydney,"Sydney Sixers vs Hobart Hurricanes, 4th Match - Live Cricket Score, Commentary",Sydney Sixers Innings,200,6,Joe Mennie,1,0,20,0,0,0,20.00
40,"Dec 23, ",06:10 PM,"Sydney Cricket Ground, ",Sydney,"Sydney Sixers vs Hobart Hurricanes, 4th Match - Live Cricket Score, Commentary",Sydney Sixers Innings,200,6,Sean Abbott,4,0,41,2,0,0,10.20
41,"Dec 23, ",06:10 PM,"Sydney Cricket Ground, ",Sydney,"Sydney Sixers vs Hobart Hurricanes, 4th Match - Live Cricket Score, Commentary",Sydney Sixers Innings,200,6,Steve O'Keefe,4,0,31,1,0,1,7.80
42,"Dec 23, ",06:10 PM,"Sydney Cricket Ground, ",Sydney,"Sydney Sixers vs Hobart Hurricanes, 4th Match - Live Cricket Score, Commentary",Sydney Sixers Innings,200,6,Doug Bollinger,4,0,37,1,0,1,9.20
43,"Dec 23, ",06:10 PM,"Sydney Cricket Ground, ",Sydney,"Sydney Sixers vs Hobart Hurricanes, 4th Match - Live Cricket Score, Commentary",Hobart Hurricanes Innings,140,10,Shaun Tait,3.2,0,32,3,0,4,9.60
44,"Dec 23, ",06:10 PM,"Sydney Cricket Ground, ",Sydney,"Sydney Sixers vs Hobart Hurricanes, 4th Match - Live Cricket Score, Commentary",Hobart Hurricanes Innings,140,10,Clive Rose,2,0,14,2,0,0,7.00
45,"Dec 23, ",06:10 PM,"Sydney Cricket Ground, ",Sydney,"Sydney Sixers vs Hobart Hurricanes, 4th Match - Live Cricket Score, Commentary",Hobart Hurricanes Innings,140,10,Stuart Broad,3,0,35,0,0,2,11.70
46,"Dec 23, ",06:10 PM,"Sydney Cricket Ground, ",Sydney,"Sydney Sixers vs Hobart Hurricanes, 4th Match - Live Cricket Score, Commentary",Hobart Hurricanes Innings,140,10,Hamish Kingston,3,0,20,2,0,0,6.70
47,"Dec 23, ",06:10 PM,"Sydney Cricket Ground, ",Sydney,"Sydney Sixers vs Hobart Hurricanes, 4th Match - Live Cricket Score, Commentary",Hobart Hurricanes Innings,140,10,Cameron Boyce,4,0,32,1,0,0,8.00
48,"Dec 23, ",06:10 PM,"Sydney Cricket Ground, ",Sydney,"Sydney Sixers vs Hobart Hurricanes, 4th Match - Live Cricket Score, Commentary",Hobart Hurricanes Innings,140,10,D'Arcy Short,1,0,6,1,0,0,6.00
49,"Dec 23, ",06:15 PM,"W.A.C.A. Ground, ",Perth,"Perth Scorchers vs Adelaide Strikers, 5th Match - Live Cricket Score, Commentary",Adelaide Strikers Innings,197,7,Michael Neser,4,0,37,2,1,3,9.20
50,"Dec 23, ",06:15 PM,"W.A.C.A. Ground, ",Perth,"Perth Scorchers vs Adelaide Strikers, 5th Match - Live Cricket Score, Commentary",Adelaide Strikers Innings,197,7,Billy Stanlake,4,0,34,0,0,3,8.50
51,"Dec 23, ",06:15 PM,"W.A.C.A. Ground, ",Perth,"Perth Scorchers vs Adelaide Strikers, 5th Match - Live Cricket Score, Commentary",Adelaide Strikers Innings,197,7,Chris Jordan,4,0,48,2,0,2,12.00
52,"Dec 23, ",06:15 PM,"W.A.C.A. Ground, ",Perth,"Perth Scorchers vs Adelaide Strikers, 5th Match - Live Cricket Score, Commentary",Adelaide Strikers Innings,197,7,Kane Richardson,4,0,38,1,0,0,9.50
53,"Dec 23, ",06:15 PM,"W.A.C.A. Ground, ",Perth,"Perth Scorchers vs Adelaide Strikers, 5th Match - Live Cricket Score, Commentary",Adelaide Strikers Innings,197,7,Liam O'Connor,3,0,22,0,0,0,7.30
54,"Dec 23, ",06:15 PM,"W.A.C.A. Ground, ",Perth,"Perth Scorchers vs Adelaide Strikers, 5th Match - Live Cricket Score, Commentary",Adelaide Strikers Innings,197,7,Kieron Pollard,1,0,10,1,0,1,10.00
55,"Dec 23, ",06:15 PM,"W.A.C.A. Ground, ",Perth,"Perth Scorchers vs Adelaide Strikers, 5th Match - Live Cricket Score, Commentary",Perth Scorchers Innings,149,9,David Willey,4,0,15,2,0,1,3.80
56,"Dec 23, ",06:15 PM,"W.A.C.A. Ground, ",Perth,"Perth Scorchers vs Adelaide Strikers, 5th Match - Live Cricket Score, Commentary",Perth Scorchers Innings,149,9,Ashton Turner,2,0,6,0,0,0,3.00
57,"Dec 23, ",06:15 PM,"W.A.C.A. Ground, ",Perth,"Perth Scorchers vs Adelaide Strikers, 5th Match - Live Cricket Score, Commentary",Perth Scorchers Innings,149,9,Jhye Richardson,3,0,32,2,0,2,10.70
58,"Dec 23, ",06:15 PM,"W.A.C.A. Ground, ",Perth,"Perth Scorchers vs Adelaide Strikers, 5th Match - Live Cricket Score, Commentary",Perth Scorchers Innings,149,9,Andrew Tye,4,0,25,0,0,0,6.20
59,"Dec 23, ",06:15 PM,"W.A.C.A. Ground, ",Perth,"Perth Scorchers vs Adelaide Strikers, 5th Match - Live Cricket Score, Commentary",Perth Scorchers Innings,149,9,Mitchell Johnson,4,0,33,3,0,1,8.20
60,"Dec 23, ",06:15 PM,"W.A.C.A. Ground, ",Perth,"Perth Scorchers vs Adelaide Strikers, 5th Match - Live Cricket Score, Commentary",Perth Scorchers Innings,149,9,Mitchell Marsh,1,0,11,0,0,0,11.00
61,"Dec 23, ",06:15 PM,"W.A.C.A. Ground, ",Perth,"Perth Scorchers vs Adelaide Strikers, 5th Match - Live Cricket Score, Commentary",Perth Scorchers Innings,149,9,Ashton Agar,2,0,25,1,0,0,12.50
62,"Dec 26, ",07:10 PM,"Bellerive Oval, ",Hobart,"Hobart Hurricanes vs Melbourne Stars, 6th Match - Live Cricket Score, Commentary",Melbourne Stars Innings,188,4,M Beer,3,0,20,0,0,0,6.70
63,"Dec 26, ",07:10 PM,"Bellerive Oval, ",Hobart,"Hobart Hurricanes vs Melbourne Stars, 6th Match - Live Cricket Score, Commentary",Melbourne Stars Innings,188,4,Hilfenhaus,4,0,38,3,1,0,9.50
64,"Dec 26, ",07:10 PM,"Bellerive Oval, ",Hobart,"Hobart Hurricanes vs Melbourne Stars, 6th Match - Live Cricket Score, Commentary",Melbourne Stars Innings,188,4,Maxwell,2,0,12,1,0,0,6.00
65,"Dec 26, ",07:10 PM,"Bellerive Oval, ",Hobart,"Hobart Hurricanes vs Melbourne Stars, 6th Match - Live Cricket Score, Commentary",Melbourne Stars Innings,188,4,Boland,4,0,33,0,0,0,8.20
66,"Dec 26, ",07:10 PM,"Bellerive Oval, ",Hobart,"Hobart Hurricanes vs Melbourne Stars, 6th Match - Live Cricket Score, Commentary",Melbourne Stars Innings,188,4,A Zampa,4,0,41,0,0,2,10.20
67,"Dec 26, ",07:10 PM,"Bellerive Oval, ",Hobart,"Hobart Hurricanes vs Melbourne Stars, 6th Match - Live Cricket Score, Commentary",Melbourne Stars Innings,188,4,Faulkner,2,0,24,0,0,0,12.00
68,"Dec 26, ",07:10 PM,"Bellerive Oval, ",Hobart,"Hobart Hurricanes vs Melbourne Stars, 6th Match - Live Cricket Score, Commentary",Melbourne Stars Innings,188,4,M Stoinis,1,0,17,0,0,0,17.00
69,"Dec 26, ",07:10 PM,"Bellerive Oval, ",Hobart,"Hobart Hurricanes vs Melbourne Stars, 6th Match - Live Cricket Score, Commentary",Hobart Hurricanes Innings,191,3,Clive Rose,3,0,17,0,0,0,5.70
70,"Dec 26, ",07:10 PM,"Bellerive Oval, ",Hobart,"Hobart Hurricanes vs Melbourne Stars, 6th Match - Live Cricket Score, Commentary",Hobart Hurricanes Innings,191,3,Shaun Tait,4,0,56,0,0,2,14.00
71,"Dec 26, ",07:10 PM,"Bellerive Oval, ",Hobart,"Hobart Hurricanes vs Melbourne Stars, 6th Match - Live Cricket Score, Commentary",Hobart Hurricanes Innings,191,3,Stuart Broad,3.4,0,35,2,0,0,9.50
72,"Dec 26, ",07:10 PM,"Bellerive Oval, ",Hobart,"Hobart Hurricanes vs Melbourne Stars, 6th Match - Live Cricket Score, Commentary",Hobart Hurricanes Innings,191,3,Hamish Kingston,3,0,37,0,0,0,12.30
73,"Dec 26, ",07:10 PM,"Bellerive Oval, ",Hobart,"Hobart Hurricanes vs Melbourne Stars, 6th Match - Live Cricket Score, Commentary",Hobart Hurricanes Innings,191,3,Cameron Boyce,4,0,39,1,0,0,9.80
74,"Dec 27, ",07:10 PM,"Sydney Cricket Ground, ",Sydney,"Sydney Sixers vs Perth Scorchers, 7th Match - Live Cricket Score, Commentary",Sydney Sixers Innings,130,8,J Botha,4,0,26,1,0,0,6.50
75,"Dec 27, ",07:10 PM,"Sydney Cricket Ground, ",Sydney,"Sydney Sixers vs Perth Scorchers, 7th Match - Live Cricket Score, Commentary",Sydney Sixers Innings,130,8,S O'Keefe,4,0,23,1,0,0,5.80
76,"Dec 27, ",07:10 PM,"Sydney Cricket Ground, ",Sydney,"Sydney Sixers vs Perth Scorchers, 7th Match - Live Cricket Score, Commentary",Sydney Sixers Innings,130,8,D Bollinger,2,0,20,1,0,0,10.00
77,"Dec 27, ",07:10 PM,"Sydney Cricket Ground, ",Sydney,"Sydney Sixers vs Perth Scorchers, 7th Match - Live Cricket Score, Commentary",Sydney Sixers Innings,130,8,Somerville,2,0,10,2,0,0,5.00
78,"Dec 27, ",07:10 PM,"Sydney Cricket Ground, ",Sydney,"Sydney Sixers vs Perth Scorchers, 7th Match - Live Cricket Score, Commentary",Sydney Sixers Innings,130,8,S Abbott,4,0,30,2,0,1,7.50
79,"Dec 27, ",07:10 PM,"Sydney Cricket Ground, ",Sydney,"Sydney Sixers vs Perth Scorchers, 7th Match - Live Cricket Score, Commentary",Sydney Sixers Innings,130,8,Ben Dwarshuis,4,0,21,1,0,0,5.20
80,"Dec 27, ",07:10 PM,"Sydney Cricket Ground, ",Sydney,"Sydney Sixers vs Perth Scorchers, 7th Match - Live Cricket Score, Commentary",Perth Scorchers Innings,132,4,David Willey,2,0,15,0,0,0,7.50
81,"Dec 27, ",07:10 PM,"Sydney Cricket Ground, ",Sydney,"Sydney Sixers vs Perth Scorchers, 7th Match - Live Cricket Score, Commentary",Perth Scorchers Innings,132,4,Ashton Agar,4,0,34,0,0,0,8.50
82,"Dec 27, ",07:10 PM,"Sydney Cricket Ground, ",Sydney,"Sydney Sixers vs Perth Scorchers, 7th Match - Live Cricket Score, Commentary",Perth Scorchers Innings,132,4,Ashton Turner,1,0,12,0,0,0,12.00
83,"Dec 27, ",07:10 PM,"Sydney Cricket Ground, ",Sydney,"Sydney Sixers vs Perth Scorchers, 7th Match - Live Cricket Score, Commentary",Perth Scorchers Innings,132,4,Andrew Tye,4,0,15,3,0,0,3.80
84,"Dec 27, ",07:10 PM,"Sydney Cricket Ground, ",Sydney,"Sydney Sixers vs Perth Scorchers, 7th Match - Live Cricket Score, Commentary",Perth Scorchers Innings,132,4,Jhye Richardson,4,0,36,0,0,1,9.00
85,"Dec 27, ",07:10 PM,"Sydney Cricket Ground, ",Sydney,"Sydney Sixers vs Perth Scorchers, 7th Match - Live Cricket Score, Commentary",Perth Scorchers Innings,132,4,Mitchell Marsh,2,0,13,1,0,0,6.50
86,"Dec 27, ",07:10 PM,"Sydney Cricket Ground, ",Sydney,"Sydney Sixers vs Perth Scorchers, 7th Match - Live Cricket Score, Commentary",Perth Scorchers Innings,132,4,Adam Voges (c),1,0,6,0,0,0,6.00
87,"Dec 28, ",07:10 PM,"Sydney Showground Stadium, ",Sydney,"Sydney Thunder vs Brisbane Heat, 8th Match - Live Cricket Score, Commentary",Brisbane Heat Innings,157,7,Badree,4,0,20,2,0,1,5.00
88,"Dec 28, ",07:10 PM,"Sydney Showground Stadium, ",Sydney,"Sydney Thunder vs Brisbane Heat, 8th Match - Live Cricket Score, Commentary",Brisbane Heat Innings,157,7,Mark Steketee,4,0,18,1,0,0,4.50
89,"Dec 28, ",07:10 PM,"Sydney Showground Stadium, ",Sydney,"Sydney Thunder vs Brisbane Heat, 8th Match - Live Cricket Score, Commentary",Brisbane Heat Innings,157,7,Jason Floros,1,0,4,0,0,1,4.00
90,"Dec 28, ",07:10 PM,"Sydney Showground Stadium, ",Sydney,"Sydney Thunder vs Brisbane Heat, 8th Match - Live Cricket Score, Commentary",Brisbane Heat Innings,157,7,Wildermuth,4,0,40,2,0,4,10.00
91,"Dec 28, ",07:10 PM,"Sydney Showground Stadium, ",Sydney,"Sydney Thunder vs Brisbane Heat, 8th Match - Live Cricket Score, Commentary",Brisbane Heat Innings,157,7,Ben Cutting,4,0,24,1,0,0,6.00
92,"Dec 28, ",07:10 PM,"Sydney Showground Stadium, ",Sydney,"Sydney Thunder vs Brisbane Heat, 8th Match - Live Cricket Score, Commentary",Brisbane Heat Innings,157,7,Swepson,3,0,49,1,0,5,16.30
93,"Dec 28, ",07:10 PM,"Sydney Showground Stadium, ",Sydney,"Sydney Thunder vs Brisbane Heat, 8th Match - Live Cricket Score, Commentary",Sydney Thunder Innings,160,7,Clint McKay,4,0,38,1,0,2,9.50
94,"Dec 28, ",07:10 PM,"Sydney Showground Stadium, ",Sydney,"Sydney Thunder vs Brisbane Heat, 8th Match - Live Cricket Score, Commentary",Sydney Thunder Innings,160,7,Pat Cummins,4,0,46,2,0,1,11.50
95,"Dec 28, ",07:10 PM,"Sydney Showground Stadium, ",Sydney,"Sydney Thunder vs Brisbane Heat, 8th Match - Live Cricket Score, Commentary",Sydney Thunder Innings,160,7,Andre Russell,3.4,0,25,0,0,0,6.80
96,"Dec 28, ",07:10 PM,"Sydney Showground Stadium, ",Sydney,"Sydney Thunder vs Brisbane Heat, 8th Match - Live Cricket Score, Commentary",Sydney Thunder Innings,160,7,Fawad Ahmed,4,0,19,2,0,1,4.80
97,"Dec 28, ",07:10 PM,"Sydney Showground Stadium, ",Sydney,"Sydney Thunder vs Brisbane Heat, 8th Match - Live Cricket Score, Commentary",Sydney Thunder Innings,160,7,Chris Green,4,0,31,2,0,0,7.80
98,"Dec 29, ",07:10 PM,"Docklands Stadium, ",Melbourne,"Melbourne Renegades vs Perth Scorchers, 9th Match - Live Cricket Score, Commentary",Perth Scorchers Innings,148,8,David Willey,3,0,15,2,0,1,5.00
99,"Dec 29, ",07:10 PM,"Docklands Stadium, ",Melbourne,"Melbourne Renegades vs Perth Scorchers, 9th Match - Live Cricket Score, Commentary",Perth Scorchers Innings,148,8,Mitchell Johnson,4,0,31,1,0,1,7.80
100,"Dec 29, ",07:10 PM,"Docklands Stadium, ",Melbourne,"Melbourne Renegades vs Perth Scorchers, 9th Match - Live Cricket Score, Commentary",Perth Scorchers Innings,148,8,Mitchell Marsh,4,0,29,1,0,0,7.20
101,"Dec 29, ",07:10 PM,"Docklands Stadium, ",Melbourne,"Melbourne Renegades vs Perth Scorchers, 9th Match - Live Cricket Score, Commentary",Perth Scorchers Innings,148,8,Andrew Tye,4,0,33,1,0,0,8.20
102,"Dec 29, ",07:10 PM,"Docklands Stadium, ",Melbourne,"Melbourne Renegades vs Perth Scorchers, 9th Match - Live Cricket Score, Commentary",Perth Scorchers Innings,148,8,Ashton Turner,4,0,25,2,0,0,6.20
103,"Dec 29, ",07:10 PM,"Docklands Stadium, ",Melbourne,"Melbourne Renegades vs Perth Scorchers, 9th Match - Live Cricket Score, Commentary",Perth Scorchers Innings,148,8,Ashton Agar,1,0,12,0,0,0,12.00
104,"Dec 29, ",07:10 PM,"Docklands Stadium, ",Melbourne,"Melbourne Renegades vs Perth Scorchers, 9th Match - Live Cricket Score, Commentary",Melbourne Renegades Innings,152,6,Tom Cooper,1,0,4,0,0,0,4.00
105,"Dec 29, ",07:10 PM,"Docklands Stadium, ",Melbourne,"Melbourne Renegades vs Perth Scorchers, 9th Match - Live Cricket Score, Commentary",Melbourne Renegades Innings,152,6,Chris Tremain,4,0,19,0,0,0,4.80
106,"Dec 29, ",07:10 PM,"Docklands Stadium, ",Melbourne,"Melbourne Renegades vs Perth Scorchers, 9th Match - Live Cricket Score, Commentary",Melbourne Renegades Innings,152,6,Nathan Rimmington,4,0,45,1,0,1,11.20
107,"Dec 29, ",07:10 PM,"Docklands Stadium, ",Melbourne,"Melbourne Renegades vs Perth Scorchers, 9th Match - Live Cricket Score, Commentary",Melbourne Renegades Innings,152,6,Dwayne Bravo,1,0,14,0,0,1,14.00
108,"Dec 29, ",07:10 PM,"Docklands Stadium, ",Melbourne,"Melbourne Renegades vs Perth Scorchers, 9th Match - Live Cricket Score, Commentary",Melbourne Renegades Innings,152,6,Sunil Narine,4,0,20,2,0,0,5.00
109,"Dec 29, ",07:10 PM,"Docklands Stadium, ",Melbourne,"Melbourne Renegades vs Perth Scorchers, 9th Match - Live Cricket Score, Commentary",Melbourne Renegades Innings,152,6,Brad Hogg,4,0,31,0,0,1,7.80
110,"Dec 29, ",07:10 PM,"Docklands Stadium, ",Melbourne,"Melbourne Renegades vs Perth Scorchers, 9th Match - Live Cricket Score, Commentary",Melbourne Renegades Innings,152,6,Aaron Finch (c),2,0,17,1,0,0,8.50
111,"Dec 30, ",06:10 PM,"The Gabba, ",Brisbane,"Brisbane Heat vs Hobart Hurricanes, 10th Match - Live Cricket Score, Commentary",Brisbane Heat Innings,173,9,Samuel Badree,4,0,26,1,0,1,6.50
112,"Dec 30, ",06:10 PM,"The Gabba, ",Brisbane,"Brisbane Heat vs Hobart Hurricanes, 10th Match - Live Cricket Score, Commentary",Brisbane Heat Innings,173,9,Mark Steketee,4,0,29,2,1,2,7.20
113,"Dec 30, ",06:10 PM,"The Gabba, ",Brisbane,"Brisbane Heat vs Hobart Hurricanes, 10th Match - Live Cricket Score, Commentary",Brisbane Heat Innings,173,9,Jason Floros,1,0,16,0,0,0,16.00
114,"Dec 30, ",06:10 PM,"The Gabba, ",Brisbane,"Brisbane Heat vs Hobart Hurricanes, 10th Match - Live Cricket Score, Commentary",Brisbane Heat Innings,173,9,Jack Wildermuth,3,0,26,2,0,0,8.70
115,"Dec 30, ",06:10 PM,"The Gabba, ",Brisbane,"Brisbane Heat vs Hobart Hurricanes, 10th Match - Live Cricket Score, Commentary",Brisbane Heat Innings,173,9,Ben Cutting,4,0,42,1,0,3,10.50
116,"Dec 30, ",06:10 PM,"The Gabba, ",Brisbane,"Brisbane Heat vs Hobart Hurricanes, 10th Match - Live Cricket Score, Commentary",Brisbane Heat Innings,173,9,Mitchell Swepson,4,0,32,1,0,5,8.00
117,"Dec 30, ",06:10 PM,"The Gabba, ",Brisbane,"Brisbane Heat vs Hobart Hurricanes, 10th Match - Live Cricket Score, Commentary",Hobart Hurricanes Innings,174,3,Clive Rose,3,0,30,0,0,0,10.00
118,"Dec 30, ",06:10 PM,"The Gabba, ",Brisbane,"Brisbane Heat vs Hobart Hurricanes, 10th Match - Live Cricket Score, Commentary",Hobart Hurricanes Innings,174,3,Stuart Broad,3,0,24,1,2,0,8.00
119,"Dec 30, ",06:10 PM,"The Gabba, ",Brisbane,"Brisbane Heat vs Hobart Hurricanes, 10th Match - Live Cricket Score, Commentary",Hobart Hurricanes Innings,174,3,Hamish Kingston,1,0,22,0,0,1,22.00
120,"Dec 30, ",06:10 PM,"The Gabba, ",Brisbane,"Brisbane Heat vs Hobart Hurricanes, 10th Match - Live Cricket Score, Commentary",Hobart Hurricanes Innings,174,3,Shaun Tait,3,0,34,1,0,1,11.30
121,"Dec 30, ",06:10 PM,"The Gabba, ",Brisbane,"Brisbane Heat vs Hobart Hurricanes, 10th Match - Live Cricket Score, Commentary",Hobart Hurricanes Innings,174,3,Cameron Boyce,4,0,29,1,0,0,7.20
122,"Dec 30, ",06:10 PM,"The Gabba, ",Brisbane,"Brisbane Heat vs Hobart Hurricanes, 10th Match - Live Cricket Score, Commentary",Hobart Hurricanes Innings,174,3,D'Arcy Short,2.2,0,35,0,0,0,15.00
123,"Dec 31, ",06:40 PM,"Adelaide Oval, ",Adelaide,"Adelaide Strikers vs Sydney Sixers, 11th Match - Live Cricket Score, Commentary",Sydney Sixers Innings,152,9,J Botha,4,0,38,0,0,0,9.50
124,"Dec 31, ",06:40 PM,"Adelaide Oval, ",Adelaide,"Adelaide Strikers vs Sydney Sixers, 11th Match - Live Cricket Score, Commentary",Sydney Sixers Innings,152,9,Ben Dwarshuis,4,0,34,2,0,0,8.50
125,"Dec 31, ",06:40 PM,"Adelaide Oval, ",Adelaide,"Adelaide Strikers vs Sydney Sixers, 11th Match - Live Cricket Score, Commentary",Sydney Sixers Innings,152,9,D Bollinger,4,0,40,0,0,0,10.00
126,"Dec 31, ",06:40 PM,"Adelaide Oval, ",Adelaide,"Adelaide Strikers vs Sydney Sixers, 11th Match - Live Cricket Score, Commentary",Sydney Sixers Innings,152,9,Somerville,4,0,22,1,0,0,5.50
127,"Dec 31, ",06:40 PM,"Adelaide Oval, ",Adelaide,"Adelaide Strikers vs Sydney Sixers, 11th Match - Live Cricket Score, Commentary",Sydney Sixers Innings,152,9,S Abbott,4,0,16,5,0,2,4.00
128,"Dec 31, ",06:40 PM,"Adelaide Oval, ",Adelaide,"Adelaide Strikers vs Sydney Sixers, 11th Match - Live Cricket Score, Commentary",Adelaide Strikers Innings,104,10,Tom Andrews,2,0,17,0,0,0,8.50
129,"Dec 31, ",06:40 PM,"Adelaide Oval, ",Adelaide,"Adelaide Strikers vs Sydney Sixers, 11th Match - Live Cricket Score, Commentary",Adelaide Strikers Innings,104,10,Travis Head,2,0,14,1,0,0,7.00
130,"Dec 31, ",06:40 PM,"Adelaide Oval, ",Adelaide,"Adelaide Strikers vs Sydney Sixers, 11th Match - Live Cricket Score, Commentary",Adelaide Strikers Innings,104,10,Chris Jordan,3,0,27,2,0,2,9.00
131,"Dec 31, ",06:40 PM,"Adelaide Oval, ",Adelaide,"Adelaide Strikers vs Sydney Sixers, 11th Match - Live Cricket Score, Commentary",Adelaide Strikers Innings,104,10,Billy Stanlake,3.2,0,17,3,0,0,5.10
132,"Dec 31, ",06:40 PM,"Adelaide Oval, ",Adelaide,"Adelaide Strikers vs Sydney Sixers, 11th Match - Live Cricket Score, Commentary",Adelaide Strikers Innings,104,10,Ben Laughlin,4,0,10,2,0,0,2.50
133,"Dec 31, ",06:40 PM,"Adelaide Oval, ",Adelaide,"Adelaide Strikers vs Sydney Sixers, 11th Match - Live Cricket Score, Commentary",Adelaide Strikers Innings,104,10,Liam O'Connor,3,0,12,2,0,0,4.00
134,"Dec 31, ",06:40 PM,"Adelaide Oval, ",Adelaide,"Adelaide Strikers vs Sydney Sixers, 11th Match - Live Cricket Score, Commentary",Adelaide Strikers Innings,104,10,Kieron Pollard,1,0,6,0,0,0,6.00
135,"Jan 01, ",06:10 PM,"Melbourne Cricket Ground, ",Melbourne,"Melbourne Stars vs Melbourne Renegades, 12th Match - Live Cricket Score, Commentary",Melbourne Stars Innings,171,4,Michael Beer,3,0,21,0,0,0,7.00
136,"Jan 01, ",06:10 PM,"Melbourne Cricket Ground, ",Melbourne,"Melbourne Stars vs Melbourne Renegades, 12th Match - Live Cricket Score, Commentary",Melbourne Stars Innings,171,4,Ben Hilfenhaus,3,0,33,0,0,1,11.00
137,"Jan 01, ",06:10 PM,"Melbourne Cricket Ground, ",Melbourne,"Melbourne Stars vs Melbourne Renegades, 12th Match - Live Cricket Score, Commentary",Melbourne Stars Innings,171,4,Scott Boland,4,0,44,1,0,0,11.00
138,"Jan 01, ",06:10 PM,"Melbourne Cricket Ground, ",Melbourne,"Melbourne Stars vs Melbourne Renegades, 12th Match - Live Cricket Score, Commentary",Melbourne Stars Innings,171,4,Marcus Stoinis,3,0,24,1,0,1,8.00
139,"Jan 01, ",06:10 PM,"Melbourne Cricket Ground, ",Melbourne,"Melbourne Stars vs Melbourne Renegades, 12th Match - Live Cricket Score, Commentary",Melbourne Stars Innings,171,4,James Faulkner,4,0,19,1,0,0,4.80
140,"Jan 01, ",06:10 PM,"Melbourne Cricket Ground, ",Melbourne,"Melbourne Stars vs Melbourne Renegades, 12th Match - Live Cricket Score, Commentary",Melbourne Stars Innings,171,4,Adam Zampa,3,0,26,1,0,1,8.70
141,"Jan 01, ",06:10 PM,"Melbourne Cricket Ground, ",Melbourne,"Melbourne Stars vs Melbourne Renegades, 12th Match - Live Cricket Score, Commentary",Melbourne Renegades Innings,151,9,Tom Cooper,1,0,5,1,0,0,5.00
142,"Jan 01, ",06:10 PM,"Melbourne Cricket Ground, ",Melbourne,"Melbourne Stars vs Melbourne Renegades, 12th Match - Live Cricket Score, Commentary",Melbourne Renegades Innings,151,9,Chris Tremain,3,0,30,1,1,4,10.00
143,"Jan 01, ",06:10 PM,"Melbourne Cricket Ground, ",Melbourne,"Melbourne Stars vs Melbourne Renegades, 12th Match - Live Cricket Score, Commentary",Melbourne Renegades Innings,151,9,Cameron Stevenson,2,0,21,1,0,0,10.50
144,"Jan 01, ",06:10 PM,"Melbourne Cricket Ground, ",Melbourne,"Melbourne Stars vs Melbourne Renegades, 12th Match - Live Cricket Score, Commentary",Melbourne Renegades Innings,151,9,Trent Lawford,4,0,46,0,1,1,11.50
145,"Jan 01, ",06:10 PM,"Melbourne Cricket Ground, ",Melbourne,"Melbourne Stars vs Melbourne Renegades, 12th Match - Live Cricket Score, Commentary",Melbourne Renegades Innings,151,9,Sunil Narine,4,0,26,0,1,0,6.50
146,"Jan 01, ",06:10 PM,"Melbourne Cricket Ground, ",Melbourne,"Melbourne Stars vs Melbourne Renegades, 12th Match - Live Cricket Score, Commentary",Melbourne Renegades Innings,151,9,Brad Hogg,4,0,22,3,0,1,5.50
147,"Jan 01, ",06:15 PM,"W.A.C.A. Ground, ",Perth,"Perth Scorchers vs Sydney Thunder, 13th Match - Live Cricket Score, Commentary",Sydney Thunder Innings,177,4,Clint McKay,3,0,33,1,0,0,11.00
148,"Jan 01, ",06:15 PM,"W.A.C.A. Ground, ",Perth,"Perth Scorchers vs Sydney Thunder, 13th Match - Live Cricket Score, Commentary",Sydney Thunder Innings,177,4,Andre Russell,4,0,38,0,1,1,9.50
149,"Jan 01, ",06:15 PM,"W.A.C.A. Ground, ",Perth,"Perth Scorchers vs Sydney Thunder, 13th Match - Live Cricket Score, Commentary",Sydney Thunder Innings,177,4,Pat Cummins,4,0,28,1,0,2,7.00
150,"Jan 01, ",06:15 PM,"W.A.C.A. Ground, ",Perth,"Perth Scorchers vs Sydney Thunder, 13th Match - Live Cricket Score, Commentary",Sydney Thunder Innings,177,4,Chris Green,4,0,21,1,0,0,5.20
151,"Jan 01, ",06:15 PM,"W.A.C.A. Ground, ",Perth,"Perth Scorchers vs Sydney Thunder, 13th Match - Live Cricket Score, Commentary",Sydney Thunder Innings,177,4,Fawad Ahmed,3,0,28,0,0,2,9.30
152,"Jan 01, ",06:15 PM,"W.A.C.A. Ground, ",Perth,"Perth Scorchers vs Sydney Thunder, 13th Match - Live Cricket Score, Commentary",Sydney Thunder Innings,177,4,Shane Watson (c),2,0,18,1,0,0,9.00
153,"Jan 01, ",06:15 PM,"W.A.C.A. Ground, ",Perth,"Perth Scorchers vs Sydney Thunder, 13th Match - Live Cricket Score, Commentary",Perth Scorchers Innings,127,8,David Willey,4,0,21,2,0,1,5.20
154,"Jan 01, ",06:15 PM,"W.A.C.A. Ground, ",Perth,"Perth Scorchers vs Sydney Thunder, 13th Match - Live Cricket Score, Commentary",Perth Scorchers Innings,127,8,Ashton Turner,2,0,17,1,0,1,8.50
155,"Jan 01, ",06:15 PM,"W.A.C.A. Ground, ",Perth,"Perth Scorchers vs Sydney Thunder, 13th Match - Live Cricket Score, Commentary",Perth Scorchers Innings,127,8,Jhye Richardson,3,0,18,1,1,0,6.00
156,"Jan 01, ",06:15 PM,"W.A.C.A. Ground, ",Perth,"Perth Scorchers vs Sydney Thunder, 13th Match - Live Cricket Score, Commentary",Perth Scorchers Innings,127,8,Mitchell Johnson,4,0,30,1,0,2,7.50
157,"Jan 01, ",06:15 PM,"W.A.C.A. Ground, ",Perth,"Perth Scorchers vs Sydney Thunder, 13th Match - Live Cricket Score, Commentary",Perth Scorchers Innings,127,8,Andrew Tye,4,0,16,1,0,0,4.00
158,"Jan 01, ",06:15 PM,"W.A.C.A. Ground, ",Perth,"Perth Scorchers vs Sydney Thunder, 13th Match - Live Cricket Score, Commentary",Perth Scorchers Innings,127,8,Mitchell Marsh,3,0,25,1,0,0,8.30
159,"Jan 02, ",07:10 PM,"Bellerive Oval, ",Hobart,"Hobart Hurricanes vs Adelaide Strikers, 14th Match - Live Cricket Score, Commentary",Hobart Hurricanes Innings,143,10,Stuart Broad,4,0,17,1,1,0,4.20
160,"Jan 02, ",07:10 PM,"Bellerive Oval, ",Hobart,"Hobart Hurricanes vs Adelaide Strikers, 14th Match - Live Cricket Score, Commentary",Hobart Hurricanes Innings,143,10,Beau Webster,4,0,28,0,0,0,7.00
161,"Jan 02, ",07:10 PM,"Bellerive Oval, ",Hobart,"Hobart Hurricanes vs Adelaide Strikers, 14th Match - Live Cricket Score, Commentary",Hobart Hurricanes Innings,143,10,Daniel Christian,4,0,14,5,0,1,3.50
162,"Jan 02, ",07:10 PM,"Bellerive Oval, ",Hobart,"Hobart Hurricanes vs Adelaide Strikers, 14th Match - Live Cricket Score, Commentary",Hobart Hurricanes Innings,143,10,Simon Milenko,4,0,50,2,0,0,12.50
163,"Jan 02, ",07:10 PM,"Bellerive Oval, ",Hobart,"Hobart Hurricanes vs Adelaide Strikers, 14th Match - Live Cricket Score, Commentary",Hobart Hurricanes Innings,143,10,Clive Rose,3,0,21,1,0,1,7.00
164,"Jan 02, ",07:10 PM,"Bellerive Oval, ",Hobart,"Hobart Hurricanes vs Adelaide Strikers, 14th Match - Live Cricket Score, Commentary",Hobart Hurricanes Innings,143,10,Cameron Boyce,1,0,11,0,0,0,11.00
165,"Jan 02, ",07:10 PM,"Bellerive Oval, ",Hobart,"Hobart Hurricanes vs Adelaide Strikers, 14th Match - Live Cricket Score, Commentary",Adelaide Strikers Innings,144,2,Travis Head,4,0,22,1,0,2,5.50
166,"Jan 02, ",07:10 PM,"Bellerive Oval, ",Hobart,"Hobart Hurricanes vs Adelaide Strikers, 14th Match - Live Cricket Score, Commentary",Adelaide Strikers Innings,144,2,Billy Stanlake,4,0,17,1,0,1,4.20
167,"Jan 02, ",07:10 PM,"Bellerive Oval, ",Hobart,"Hobart Hurricanes vs Adelaide Strikers, 14th Match - Live Cricket Score, Commentary",Adelaide Strikers Innings,144,2,Chris Jordan,3,0,30,0,0,0,10.00
168,"Jan 02, ",07:10 PM,"Bellerive Oval, ",Hobart,"Hobart Hurricanes vs Adelaide Strikers, 14th Match - Live Cricket Score, Commentary",Adelaide Strikers Innings,144,2,Ben Laughlin,2,0,9,0,0,0,4.50
169,"Jan 02, ",07:10 PM,"Bellerive Oval, ",Hobart,"Hobart Hurricanes vs Adelaide Strikers, 14th Match - Live Cricket Score, Commentary",Adelaide Strikers Innings,144,2,Liam O'Connor,2,0,20,0,0,0,10.00
170,"Jan 02, ",07:10 PM,"Bellerive Oval, ",Hobart,"Hobart Hurricanes vs Adelaide Strikers, 14th Match - Live Cricket Score, Commentary",Adelaide Strikers Innings,144,2,Michael Neser,1.4,0,28,0,1,0,16.80
171,"Jan 02, ",07:10 PM,"Bellerive Oval, ",Hobart,"Hobart Hurricanes vs Adelaide Strikers, 14th Match - Live Cricket Score, Commentary",Adelaide Strikers Innings,144,2,Kieron Pollard,1,0,7,0,0,0,7.00
172,"Jan 03, ",06:10 PM,"The Gabba, ",Brisbane,"Brisbane Heat vs Sydney Sixers, 15th Match - Live Cricket Score, Commentary",Sydney Sixers Innings,186,6,Henry Thornton,4,0,40,1,0,1,10.00
173,"Jan 03, ",06:10 PM,"The Gabba, ",Brisbane,"Brisbane Heat vs Sydney Sixers, 15th Match - Live Cricket Score, Commentary",Sydney Sixers Innings,186,6,J Botha,4,0,24,2,0,0,6.00
174,"Jan 03, ",06:10 PM,"The Gabba, ",Brisbane,"Brisbane Heat vs Sydney Sixers, 15th Match - Live Cricket Score, Commentary",Sydney Sixers Innings,186,6,Ben Dwarshuis,4,0,48,0,0,3,12.00
175,"Jan 03, ",06:10 PM,"The Gabba, ",Brisbane,"Brisbane Heat vs Sydney Sixers, 15th Match - Live Cricket Score, Commentary",Sydney Sixers Innings,186,6,Somerville,4,0,35,0,0,0,8.80
176,"Jan 03, ",06:10 PM,"The Gabba, ",Brisbane,"Brisbane Heat vs Sydney Sixers, 15th Match - Live Cricket Score, Commentary",Sydney Sixers Innings,186,6,S Abbott,4,0,38,3,0,1,9.50
177,"Jan 03, ",06:10 PM,"The Gabba, ",Brisbane,"Brisbane Heat vs Sydney Sixers, 15th Match - Live Cricket Score, Commentary",Brisbane Heat Innings,191,7,Samuel Badree,4,0,30,1,0,0,7.50
178,"Jan 03, ",06:10 PM,"The Gabba, ",Brisbane,"Brisbane Heat vs Sydney Sixers, 15th Match - Live Cricket Score, Commentary",Brisbane Heat Innings,191,7,Mark Steketee,3,0,45,0,0,1,15.00
179,"Jan 03, ",06:10 PM,"The Gabba, ",Brisbane,"Brisbane Heat vs Sydney Sixers, 15th Match - Live Cricket Score, Commentary",Brisbane Heat Innings,191,7,Jack Wildermuth,2,0,16,1,0,0,8.00
180,"Jan 03, ",06:10 PM,"The Gabba, ",Brisbane,"Brisbane Heat vs Sydney Sixers, 15th Match - Live Cricket Score, Commentary",Brisbane Heat Innings,191,7,Ben Cutting,3.4,0,44,2,0,3,12.00
181,"Jan 03, ",06:10 PM,"The Gabba, ",Brisbane,"Brisbane Heat vs Sydney Sixers, 15th Match - Live Cricket Score, Commentary",Brisbane Heat Innings,191,7,Nick Buchanan,3,0,29,1,0,0,9.70
182,"Jan 03, ",06:10 PM,"The Gabba, ",Brisbane,"Brisbane Heat vs Sydney Sixers, 15th Match - Live Cricket Score, Commentary",Brisbane Heat Innings,191,7,Mitchell Swepson,4,0,25,2,0,2,6.20
183,"Jan 04, ",07:10 PM,"Sydney Showground Stadium, ",Sydney,"Sydney Thunder vs Melbourne Stars, 16th Match - Live Cricket Score, Commentary",Sydney Thunder Innings,158,4,Chris Green,3,0,25,0,0,0,8.30
184,"Jan 04, ",07:10 PM,"Sydney Showground Stadium, ",Sydney,"Sydney Thunder vs Melbourne Stars, 16th Match - Live Cricket Score, Commentary",Sydney Thunder Innings,158,4,Pat Cummins,3,0,34,0,0,0,11.30
185,"Jan 04, ",07:10 PM,"Sydney Showground Stadium, ",Sydney,"Sydney Thunder vs Melbourne Stars, 16th Match - Live Cricket Score, Commentary",Sydney Thunder Innings,158,4,Andre Russell,1,0,10,0,0,0,10.00
186,"Jan 04, ",07:10 PM,"Sydney Showground Stadium, ",Sydney,"Sydney Thunder vs Melbourne Stars, 16th Match - Live Cricket Score, Commentary",Sydney Thunder Innings,158,4,Gurinder Sandhu,3,0,37,0,0,1,12.30
187,"Jan 04, ",07:10 PM,"Sydney Showground Stadium, ",Sydney,"Sydney Thunder vs Melbourne Stars, 16th Match - Live Cricket Score, Commentary",Sydney Thunder Innings,158,4,Shane Watson (c),3,0,21,2,0,2,7.00
188,"Jan 04, ",07:10 PM,"Sydney Showground Stadium, ",Sydney,"Sydney Thunder vs Melbourne Stars, 16th Match - Live Cricket Score, Commentary",Sydney Thunder Innings,158,4,Fawad Ahmed,4,0,30,2,0,0,7.50
189,"Jan 04, ",07:10 PM,"Sydney Showground Stadium, ",Sydney,"Sydney Thunder vs Melbourne Stars, 16th Match - Live Cricket Score, Commentary",Melbourne Stars Innings,168,4,Michael Beer,3,0,21,0,0,1,7.00
190,"Jan 04, ",07:10 PM,"Sydney Showground Stadium, ",Sydney,"Sydney Thunder vs Melbourne Stars, 16th Match - Live Cricket Score, Commentary",Melbourne Stars Innings,168,4,Ben Hilfenhaus,4,0,39,2,0,4,9.80
191,"Jan 04, ",07:10 PM,"Sydney Showground Stadium, ",Sydney,"Sydney Thunder vs Melbourne Stars, 16th Match - Live Cricket Score, Commentary",Melbourne Stars Innings,168,4,Glenn Maxwell,1,0,15,0,0,0,15.00
192,"Jan 04, ",07:10 PM,"Sydney Showground Stadium, ",Sydney,"Sydney Thunder vs Melbourne Stars, 16th Match - Live Cricket Score, Commentary",Melbourne Stars Innings,168,4,Scott Boland,4,0,29,1,1,1,7.20
193,"Jan 04, ",07:10 PM,"Sydney Showground Stadium, ",Sydney,"Sydney Thunder vs Melbourne Stars, 16th Match - Live Cricket Score, Commentary",Melbourne Stars Innings,168,4,Adam Zampa,4,0,19,1,0,1,4.80
194,"Jan 04, ",07:10 PM,"Sydney Showground Stadium, ",Sydney,"Sydney Thunder vs Melbourne Stars, 16th Match - Live Cricket Score, Commentary",Melbourne Stars Innings,168,4,James Faulkner,3,0,25,0,0,1,8.30
195,"Jan 04, ",07:10 PM,"Sydney Showground Stadium, ",Sydney,"Sydney Thunder vs Melbourne Stars, 16th Match - Live Cricket Score, Commentary",Melbourne Stars Innings,168,4,Marcus Stoinis,1,0,10,0,0,0,10.00
196,"Jan 05, ",04:10 PM,"W.A.C.A. Ground, ",Perth,"Perth Scorchers vs Brisbane Heat, 17th Match - Live Cricket Score, Commentary",Brisbane Heat Innings,173,6,Mark Steketee,4,0,31,1,0,1,7.80
197,"Jan 05, ",04:10 PM,"W.A.C.A. Ground, ",Perth,"Perth Scorchers vs Brisbane Heat, 17th Match - Live Cricket Score, Commentary",Brisbane Heat Innings,173,6,Jack Wildermuth,4,0,32,1,0,0,8.00
198,"Jan 05, ",04:10 PM,"W.A.C.A. Ground, ",Perth,"Perth Scorchers vs Brisbane Heat, 17th Match - Live Cricket Score, Commentary",Brisbane Heat Innings,173,6,Nick Buchanan,4,0,42,2,0,4,10.50
199,"Jan 05, ",04:10 PM,"W.A.C.A. Ground, ",Perth,"Perth Scorchers vs Brisbane Heat, 17th Match - Live Cricket Score, Commentary",Brisbane Heat Innings,173,6,Ben Cutting,4,0,34,0,0,0,8.50
200,"Jan 05, ",04:10 PM,"W.A.C.A. Ground, ",Perth,"Perth Scorchers vs Brisbane Heat, 17th Match - Live Cricket Score, Commentary",Brisbane Heat Innings,173,6,Mitchell Swepson,4,0,27,2,0,0,6.80
201,"Jan 05, ",04:10 PM,"W.A.C.A. Ground, ",Perth,"Perth Scorchers vs Brisbane Heat, 17th Match - Live Cricket Score, Commentary",Perth Scorchers Innings,174,1,David Willey,2,0,30,1,1,0,15.00
202,"Jan 05, ",04:10 PM,"W.A.C.A. Ground, ",Perth,"Perth Scorchers vs Brisbane Heat, 17th Match - Live Cricket Score, Commentary",Perth Scorchers Innings,174,1,Ashton Turner,1,0,3,0,0,0,3.00
203,"Jan 05, ",04:10 PM,"W.A.C.A. Ground, ",Perth,"Perth Scorchers vs Brisbane Heat, 17th Match - Live Cricket Score, Commentary",Perth Scorchers Innings,174,1,Ashton Agar,3.4,0,36,0,0,0,9.80
204,"Jan 05, ",04:10 PM,"W.A.C.A. Ground, ",Perth,"Perth Scorchers vs Brisbane Heat, 17th Match - Live Cricket Score, Commentary",Perth Scorchers Innings,174,1,Andrew Tye,3,0,30,0,0,0,10.00
205,"Jan 05, ",04:10 PM,"W.A.C.A. Ground, ",Perth,"Perth Scorchers vs Brisbane Heat, 17th Match - Live Cricket Score, Commentary",Perth Scorchers Innings,174,1,Jhye Richardson,1,0,14,0,0,1,14.00
206,"Jan 05, ",04:10 PM,"W.A.C.A. Ground, ",Perth,"Perth Scorchers vs Brisbane Heat, 17th Match - Live Cricket Score, Commentary",Perth Scorchers Innings,174,1,Mitchell Johnson,2,0,23,0,0,0,11.50
207,"Jan 05, ",04:10 PM,"W.A.C.A. Ground, ",Perth,"Perth Scorchers vs Brisbane Heat, 17th Match - Live Cricket Score, Commentary",Perth Scorchers Innings,174,1,Mitchell Marsh,2,0,32,0,0,0,16.00
208,"Jan 06, ",06:40 PM,"Adelaide Oval, ",Adelaide,"Adelaide Strikers vs Hobart Hurricanes, 18th Match - Live Cricket Score, Commentary",Adelaide Strikers Innings,161,8,B Stanlake,4,0,39,2,0,1,9.80
209,"Jan 06, ",06:40 PM,"Adelaide Oval, ",Adelaide,"Adelaide Strikers vs Hobart Hurricanes, 18th Match - Live Cricket Score, Commentary",Adelaide Strikers Innings,161,8,T Head,1,0,5,1,0,0,5.00
210,"Jan 06, ",06:40 PM,"Adelaide Oval, ",Adelaide,"Adelaide Strikers vs Hobart Hurricanes, 18th Match - Live Cricket Score, Commentary",Adelaide Strikers Innings,161,8,Tom Andrews,3,0,23,0,0,0,7.70
211,"Jan 06, ",06:40 PM,"Adelaide Oval, ",Adelaide,"Adelaide Strikers vs Hobart Hurricanes, 18th Match - Live Cricket Score, Commentary",Adelaide Strikers Innings,161,8,C Jordan,4,0,24,3,0,1,6.00
212,"Jan 06, ",06:40 PM,"Adelaide Oval, ",Adelaide,"Adelaide Strikers vs Hobart Hurricanes, 18th Match - Live Cricket Score, Commentary",Adelaide Strikers Innings,161,8,Liam O'Connor,4,0,36,0,0,0,9.00
213,"Jan 06, ",06:40 PM,"Adelaide Oval, ",Adelaide,"Adelaide Strikers vs Hobart Hurricanes, 18th Match - Live Cricket Score, Commentary",Adelaide Strikers Innings,161,8,B Laughlin,4,0,33,2,0,0,8.20
214,"Jan 06, ",06:40 PM,"Adelaide Oval, ",Adelaide,"Adelaide Strikers vs Hobart Hurricanes, 18th Match - Live Cricket Score, Commentary",Hobart Hurricanes Innings,164,5,Stuart Broad,4,0,37,2,0,1,9.20
215,"Jan 06, ",06:40 PM,"Adelaide Oval, ",Adelaide,"Adelaide Strikers vs Hobart Hurricanes, 18th Match - Live Cricket Score, Commentary",Hobart Hurricanes Innings,164,5,Beau Webster,2,0,20,0,0,0,10.00
216,"Jan 06, ",06:40 PM,"Adelaide Oval, ",Adelaide,"Adelaide Strikers vs Hobart Hurricanes, 18th Match - Live Cricket Score, Commentary",Hobart Hurricanes Innings,164,5,Daniel Christian,4,0,24,2,0,2,6.00
217,"Jan 06, ",06:40 PM,"Adelaide Oval, ",Adelaide,"Adelaide Strikers vs Hobart Hurricanes, 18th Match - Live Cricket Score, Commentary",Hobart Hurricanes Innings,164,5,Hamish Kingston,3,0,32,1,0,1,10.70
218,"Jan 06, ",06:40 PM,"Adelaide Oval, ",Adelaide,"Adelaide Strikers vs Hobart Hurricanes, 18th Match - Live Cricket Score, Commentary",Hobart Hurricanes Innings,164,5,Cameron Boyce,2.2,0,20,0,0,0,8.60
219,"Jan 06, ",06:40 PM,"Adelaide Oval, ",Adelaide,"Adelaide Strikers vs Hobart Hurricanes, 18th Match - Live Cricket Score, Commentary",Hobart Hurricanes Innings,164,5,Clive Rose,1,0,11,0,0,0,11.00
220,"Jan 06, ",06:40 PM,"Adelaide Oval, ",Adelaide,"Adelaide Strikers vs Hobart Hurricanes, 18th Match - Live Cricket Score, Commentary",Hobart Hurricanes Innings,164,5,D'Arcy Short,2,0,18,0,0,0,9.00
221,"Jan 07, ",07:10 PM,"Docklands Stadium, ",Melbourne,"Melbourne Renegades vs Melbourne Stars, 19th Match - Live Cricket Score, Commentary",Melbourne Renegades Innings,200,7,T Cooper,2,0,26,0,0,0,13.00
222,"Jan 07, ",07:10 PM,"Docklands Stadium, ",Melbourne,"Melbourne Renegades vs Melbourne Stars, 19th Match - Live Cricket Score, Commentary",Melbourne Renegades Innings,200,7,Pattinson,4,0,44,3,0,1,11.00
223,"Jan 07, ",07:10 PM,"Docklands Stadium, ",Melbourne,"Melbourne Renegades vs Melbourne Stars, 19th Match - Live Cricket Score, Commentary",Melbourne Renegades Innings,200,7,C Tremain,4,0,40,0,0,1,10.00
224,"Jan 07, ",07:10 PM,"Docklands Stadium, ",Melbourne,"Melbourne Renegades vs Melbourne Stars, 19th Match - Live Cricket Score, Commentary",Melbourne Renegades Innings,200,7,Narine,4,0,37,1,0,0,9.20
225,"Jan 07, ",07:10 PM,"Docklands Stadium, ",Melbourne,"Melbourne Renegades vs Melbourne Stars, 19th Match - Live Cricket Score, Commentary",Melbourne Renegades Innings,200,7,Lawford,2,0,16,1,0,0,8.00
226,"Jan 07, ",07:10 PM,"Docklands Stadium, ",Melbourne,"Melbourne Renegades vs Melbourne Stars, 19th Match - Live Cricket Score, Commentary",Melbourne Renegades Innings,200,7,B Hogg,4,0,33,0,0,0,8.20
227,"Jan 07, ",07:10 PM,"Docklands Stadium, ",Melbourne,"Melbourne Renegades vs Melbourne Stars, 19th Match - Live Cricket Score, Commentary",Melbourne Stars Innings,154,9,Michael Beer,4,0,32,3,0,0,8.00
228,"Jan 07, ",07:10 PM,"Docklands Stadium, ",Melbourne,"Melbourne Renegades vs Melbourne Stars, 19th Match - Live Cricket Score, Commentary",Melbourne Stars Innings,154,9,Ben Hilfenhaus,4,0,32,1,0,2,8.00
229,"Jan 07, ",07:10 PM,"Docklands Stadium, ",Melbourne,"Melbourne Renegades vs Melbourne Stars, 19th Match - Live Cricket Score, Commentary",Melbourne Stars Innings,154,9,Scott Boland,4,0,36,2,0,0,9.00
230,"Jan 07, ",07:10 PM,"Docklands Stadium, ",Melbourne,"Melbourne Renegades vs Melbourne Stars, 19th Match - Live Cricket Score, Commentary",Melbourne Stars Innings,154,9,James Faulkner,3,0,21,0,0,0,7.00
231,"Jan 07, ",07:10 PM,"Docklands Stadium, ",Melbourne,"Melbourne Renegades vs Melbourne Stars, 19th Match - Live Cricket Score, Commentary",Melbourne Stars Innings,154,9,Adam Zampa,4,0,19,3,0,0,4.80
232,"Jan 07, ",07:10 PM,"Docklands Stadium, ",Melbourne,"Melbourne Renegades vs Melbourne Stars, 19th Match - Live Cricket Score, Commentary",Melbourne Stars Innings,154,9,Glenn Maxwell,1,0,10,0,0,0,10.00
233,"Jan 08, ",07:10 PM,"Bellerive Oval, ",Hobart,"Hobart Hurricanes vs Sydney Thunder, 20th Match - Live Cricket Score, Commentary",Sydney Thunder Innings,161,8,McKay,2,0,10,1,0,0,5.00
234,"Jan 08, ",07:10 PM,"Bellerive Oval, ",Hobart,"Hobart Hurricanes vs Sydney Thunder, 20th Match - Live Cricket Score, Commentary",Sydney Thunder Innings,161,8,Pat Cummins,4,0,36,2,0,1,9.00
235,"Jan 08, ",07:10 PM,"Bellerive Oval, ",Hobart,"Hobart Hurricanes vs Sydney Thunder, 20th Match - Live Cricket Score, Commentary",Sydney Thunder Innings,161,8,C Brathwaite,3,0,31,2,0,1,10.30
236,"Jan 08, ",07:10 PM,"Bellerive Oval, ",Hobart,"Hobart Hurricanes vs Sydney Thunder, 20th Match - Live Cricket Score, Commentary",Sydney Thunder Innings,161,8,Watson (c),4,0,30,0,0,1,7.50
237,"Jan 08, ",07:10 PM,"Bellerive Oval, ",Hobart,"Hobart Hurricanes vs Sydney Thunder, 20th Match - Live Cricket Score, Commentary",Sydney Thunder Innings,161,8,Chris Green,3,0,32,0,0,0,10.70
238,"Jan 08, ",07:10 PM,"Bellerive Oval, ",Hobart,"Hobart Hurricanes vs Sydney Thunder, 20th Match - Live Cricket Score, Commentary",Sydney Thunder Innings,161,8,F Ahmed,4,0,19,0,0,0,4.80
239,"Jan 08, ",07:10 PM,"Bellerive Oval, ",Hobart,"Hobart Hurricanes vs Sydney Thunder, 20th Match - Live Cricket Score, Commentary",Hobart Hurricanes Innings,162,4,Clive Rose,2,0,22,0,0,0,11.00
240,"Jan 08, ",07:10 PM,"Bellerive Oval, ",Hobart,"Hobart Hurricanes vs Sydney Thunder, 20th Match - Live Cricket Score, Commentary",Hobart Hurricanes Innings,162,4,Stuart Broad,4,0,23,1,0,0,5.80
241,"Jan 08, ",07:10 PM,"Bellerive Oval, ",Hobart,"Hobart Hurricanes vs Sydney Thunder, 20th Match - Live Cricket Score, Commentary",Hobart Hurricanes Innings,162,4,Daniel Christian,4,0,43,1,0,0,10.80
242,"Jan 08, ",07:10 PM,"Bellerive Oval, ",Hobart,"Hobart Hurricanes vs Sydney Thunder, 20th Match - Live Cricket Score, Commentary",Hobart Hurricanes Innings,162,4,Shaun Tait,2,0,32,0,1,0,16.00
243,"Jan 08, ",07:10 PM,"Bellerive Oval, ",Hobart,"Hobart Hurricanes vs Sydney Thunder, 20th Match - Live Cricket Score, Commentary",Hobart Hurricanes Innings,162,4,Cameron Boyce,3.5,0,28,2,0,0,7.30
244,"Jan 08, ",07:10 PM,"Bellerive Oval, ",Hobart,"Hobart Hurricanes vs Sydney Thunder, 20th Match - Live Cricket Score, Commentary",Hobart Hurricanes Innings,162,4,D'Arcy Short,1,0,10,0,0,0,10.00
245,"Jan 09, ",07:40 PM,"Sydney Cricket Ground, ",Sydney,"Sydney Sixers vs Melbourne Renegades, 21st Match - Live Cricket Score, Commentary",Sydney Sixers Innings,170,6,Jackson Bird,4,0,39,1,0,0,9.80
246,"Jan 09, ",07:40 PM,"Sydney Cricket Ground, ",Sydney,"Sydney Sixers vs Melbourne Renegades, 21st Match - Live Cricket Score, Commentary",Sydney Sixers Innings,170,6,Ben Dwarshuis,4,0,35,3,0,0,8.80
247,"Jan 09, ",07:40 PM,"Sydney Cricket Ground, ",Sydney,"Sydney Sixers vs Melbourne Renegades, 21st Match - Live Cricket Score, Commentary",Sydney Sixers Innings,170,6,Sean Abbott,4,0,34,1,0,0,8.50
248,"Jan 09, ",07:40 PM,"Sydney Cricket Ground, ",Sydney,"Sydney Sixers vs Melbourne Renegades, 21st Match - Live Cricket Score, Commentary",Sydney Sixers Innings,170,6,Nathan Lyon,3,0,24,0,0,0,8.00
249,"Jan 09, ",07:40 PM,"Sydney Cricket Ground, ",Sydney,"Sydney Sixers vs Melbourne Renegades, 21st Match - Live Cricket Score, Commentary",Sydney Sixers Innings,170,6,Nic Maddinson,1,0,9,0,0,0,9.00
250,"Jan 09, ",07:40 PM,"Sydney Cricket Ground, ",Sydney,"Sydney Sixers vs Melbourne Renegades, 21st Match - Live Cricket Score, Commentary",Sydney Sixers Innings,170,6,Johan Botha,4,0,28,1,0,0,7.00
251,"Jan 09, ",07:40 PM,"Sydney Cricket Ground, ",Sydney,"Sydney Sixers vs Melbourne Renegades, 21st Match - Live Cricket Score, Commentary",Melbourne Renegades Innings,171,4,Tom Cooper,1,0,1,0,0,0,1.00
252,"Jan 09, ",07:40 PM,"Sydney Cricket Ground, ",Sydney,"Sydney Sixers vs Melbourne Renegades, 21st Match - Live Cricket Score, Commentary",Melbourne Renegades Innings,171,4,James Pattinson,2.3,0,36,0,1,2,14.40
253,"Jan 09, ",07:40 PM,"Sydney Cricket Ground, ",Sydney,"Sydney Sixers vs Melbourne Renegades, 21st Match - Live Cricket Score, Commentary",Melbourne Renegades Innings,171,4,Sunil Narine,4,0,30,2,0,1,7.50
254,"Jan 09, ",07:40 PM,"Sydney Cricket Ground, ",Sydney,"Sydney Sixers vs Melbourne Renegades, 21st Match - Live Cricket Score, Commentary",Melbourne Renegades Innings,171,4,Chris Tremain,3,0,38,0,0,0,12.70
255,"Jan 09, ",07:40 PM,"Sydney Cricket Ground, ",Sydney,"Sydney Sixers vs Melbourne Renegades, 21st Match - Live Cricket Score, Commentary",Melbourne Renegades Innings,171,4,Brad Hogg,4,0,32,0,0,0,8.00
256,"Jan 09, ",07:40 PM,"Sydney Cricket Ground, ",Sydney,"Sydney Sixers vs Melbourne Renegades, 21st Match - Live Cricket Score, Commentary",Melbourne Renegades Innings,171,4,Thisara Perera,4,0,26,2,0,0,6.50
257,"Jan 09, ",07:40 PM,"Sydney Cricket Ground, ",Sydney,"Sydney Sixers vs Melbourne Renegades, 21st Match - Live Cricket Score, Commentary",Melbourne Renegades Innings,171,4,Matthew Short,1,0,6,0,0,0,6.00
258,"Jan 10, ",07:40 PM,"Melbourne Cricket Ground, ",Melbourne,"Melbourne Stars vs Adelaide Strikers, 22nd Match - Live Cricket Score, Commentary",Melbourne Stars Innings,152,8,Michael Beer,4,0,30,0,0,0,7.50
259,"Jan 10, ",07:40 PM,"Melbourne Cricket Ground, ",Melbourne,"Melbourne Stars vs Adelaide Strikers, 22nd Match - Live Cricket Score, Commentary",Melbourne Stars Innings,152,8,Ben Hilfenhaus,3,0,21,2,0,2,7.00
260,"Jan 10, ",07:40 PM,"Melbourne Cricket Ground, ",Melbourne,"Melbourne Stars vs Adelaide Strikers, 22nd Match - Live Cricket Score, Commentary",Melbourne Stars Innings,152,8,Scott Boland,4,0,30,4,0,1,7.50
261,"Jan 10, ",07:40 PM,"Melbourne Cricket Ground, ",Melbourne,"Melbourne Stars vs Adelaide Strikers, 22nd Match - Live Cricket Score, Commentary",Melbourne Stars Innings,152,8,Marcus Stoinis,4,0,28,0,0,1,7.00
262,"Jan 10, ",07:40 PM,"Melbourne Cricket Ground, ",Melbourne,"Melbourne Stars vs Adelaide Strikers, 22nd Match - Live Cricket Score, Commentary",Melbourne Stars Innings,152,8,Liam Bowe,3,0,21,1,0,1,7.00
263,"Jan 10, ",07:40 PM,"Melbourne Cricket Ground, ",Melbourne,"Melbourne Stars vs Adelaide Strikers, 22nd Match - Live Cricket Score, Commentary",Melbourne Stars Innings,152,8,Evan Gulbis,2,0,15,0,0,0,7.50
264,"Jan 10, ",07:40 PM,"Melbourne Cricket Ground, ",Melbourne,"Melbourne Stars vs Adelaide Strikers, 22nd Match - Live Cricket Score, Commentary",Adelaide Strikers Innings,153,8,Wes Agar,3,0,36,0,0,3,12.00
265,"Jan 10, ",07:40 PM,"Melbourne Cricket Ground, ",Melbourne,"Melbourne Stars vs Adelaide Strikers, 22nd Match - Live Cricket Score, Commentary",Adelaide Strikers Innings,153,8,Ben Dunk,2,0,20,1,0,0,10.00
266,"Jan 10, ",07:40 PM,"Melbourne Cricket Ground, ",Melbourne,"Melbourne Stars vs Adelaide Strikers, 22nd Match - Live Cricket Score, Commentary",Adelaide Strikers Innings,153,8,Kelvin Smith,1,0,7,0,0,0,7.00
267,"Jan 10, ",07:40 PM,"Melbourne Cricket Ground, ",Melbourne,"Melbourne Stars vs Adelaide Strikers, 22nd Match - Live Cricket Score, Commentary",Adelaide Strikers Innings,153,8,Ben Laughlin,4,0,19,3,0,0,4.80
268,"Jan 10, ",07:40 PM,"Melbourne Cricket Ground, ",Melbourne,"Melbourne Stars vs Adelaide Strikers, 22nd Match - Live Cricket Score, Commentary",Adelaide Strikers Innings,153,8,Michael Neser,3.3,0,25,1,0,1,7.10
269,"Jan 10, ",07:40 PM,"Melbourne Cricket Ground, ",Melbourne,"Melbourne Stars vs Adelaide Strikers, 22nd Match - Live Cricket Score, Commentary",Adelaide Strikers Innings,153,8,Ish Sodhi,4,0,25,2,0,0,6.20
270,"Jan 10, ",07:40 PM,"Melbourne Cricket Ground, ",Melbourne,"Melbourne Stars vs Adelaide Strikers, 22nd Match - Live Cricket Score, Commentary",Adelaide Strikers Innings,153,8,Kieron Pollard,2,0,17,0,0,0,8.50
271,"Jan 11, ",06:40 PM,"The Gabba, ",Brisbane,"Brisbane Heat vs Perth Scorchers, 23rd Match - Live Cricket Score, Commentary",Brisbane Heat Innings,156,5,Tymal Mills,4,0,30,0,1,1,7.50
272,"Jan 11, ",06:40 PM,"The Gabba, ",Brisbane,"Brisbane Heat vs Perth Scorchers, 23rd Match - Live Cricket Score, Commentary",Brisbane Heat Innings,156,5,Mark Steketee,4,0,32,2,0,4,8.00
273,"Jan 11, ",06:40 PM,"The Gabba, ",Brisbane,"Brisbane Heat vs Perth Scorchers, 23rd Match - Live Cricket Score, Commentary",Brisbane Heat Innings,156,5,Jack Wildermuth,4,0,29,1,0,1,7.20
274,"Jan 11, ",06:40 PM,"The Gabba, ",Brisbane,"Brisbane Heat vs Perth Scorchers, 23rd Match - Live Cricket Score, Commentary",Brisbane Heat Innings,156,5,Mitchell Swepson,4,0,22,2,0,0,5.50
275,"Jan 11, ",06:40 PM,"The Gabba, ",Brisbane,"Brisbane Heat vs Perth Scorchers, 23rd Match - Live Cricket Score, Commentary",Brisbane Heat Innings,156,5,Ben Cutting,4,0,40,0,0,1,10.00
276,"Jan 11, ",06:40 PM,"The Gabba, ",Brisbane,"Brisbane Heat vs Perth Scorchers, 23rd Match - Live Cricket Score, Commentary",Perth Scorchers Innings,129,10,Mitchell Johnson,4,1,25,2,0,0,6.20
277,"Jan 11, ",06:40 PM,"The Gabba, ",Brisbane,"Brisbane Heat vs Perth Scorchers, 23rd Match - Live Cricket Score, Commentary",Perth Scorchers Innings,129,10,Tim Bresnan,4,0,29,2,0,0,7.20
278,"Jan 11, ",06:40 PM,"The Gabba, ",Brisbane,"Brisbane Heat vs Perth Scorchers, 23rd Match - Live Cricket Score, Commentary",Perth Scorchers Innings,129,10,Jhye Richardson,4,0,34,2,0,0,8.50
279,"Jan 11, ",06:40 PM,"The Gabba, ",Brisbane,"Brisbane Heat vs Perth Scorchers, 23rd Match - Live Cricket Score, Commentary",Perth Scorchers Innings,129,10,Andrew Tye,3.2,0,22,4,1,1,6.60
280,"Jan 11, ",06:40 PM,"The Gabba, ",Brisbane,"Brisbane Heat vs Perth Scorchers, 23rd Match - Live Cricket Score, Commentary",Perth Scorchers Innings,129,10,Ashton Agar,4,0,18,0,0,0,4.50
281,"Jan 12, ",07:40 PM,"Docklands Stadium, ",Melbourne,"Melbourne Renegades vs Hobart Hurricanes, 24th Match - Live Cricket Score, Commentary",Hobart Hurricanes Innings,222,4,Stuart Broad,4,0,39,0,0,1,9.80
282,"Jan 12, ",07:40 PM,"Docklands Stadium, ",Melbourne,"Melbourne Renegades vs Hobart Hurricanes, 24th Match - Live Cricket Score, Commentary",Hobart Hurricanes Innings,222,4,Sam Rainbird,3,0,37,0,0,0,12.30
283,"Jan 12, ",07:40 PM,"Docklands Stadium, ",Melbourne,"Melbourne Renegades vs Hobart Hurricanes, 24th Match - Live Cricket Score, Commentary",Hobart Hurricanes Innings,222,4,Daniel Christian,4,0,37,1,0,1,9.20
284,"Jan 12, ",07:40 PM,"Docklands Stadium, ",Melbourne,"Melbourne Renegades vs Hobart Hurricanes, 24th Match - Live Cricket Score, Commentary",Hobart Hurricanes Innings,222,4,Jake Reed,4,0,54,2,0,1,13.50
285,"Jan 12, ",07:40 PM,"Docklands Stadium, ",Melbourne,"Melbourne Renegades vs Hobart Hurricanes, 24th Match - Live Cricket Score, Commentary",Hobart Hurricanes Innings,222,4,Cameron Boyce,4,0,36,0,0,0,9.00
286,"Jan 12, ",07:40 PM,"Docklands Stadium, ",Melbourne,"Melbourne Renegades vs Hobart Hurricanes, 24th Match - Live Cricket Score, Commentary",Hobart Hurricanes Innings,222,4,D'Arcy Short,1,0,18,1,0,0,18.00
287,"Jan 12, ",07:40 PM,"Docklands Stadium, ",Melbourne,"Melbourne Renegades vs Hobart Hurricanes, 24th Match - Live Cricket Score, Commentary",Melbourne Renegades Innings,223,8,Tom Cooper,2,0,12,2,0,0,6.00
288,"Jan 12, ",07:40 PM,"Docklands Stadium, ",Melbourne,"Melbourne Renegades vs Hobart Hurricanes, 24th Match - Live Cricket Score, Commentary",Melbourne Renegades Innings,223,8,Xavier Doherty,3,0,30,0,0,0,10.00
289,"Jan 12, ",07:40 PM,"Docklands Stadium, ",Melbourne,"Melbourne Renegades vs Hobart Hurricanes, 24th Match - Live Cricket Score, Commentary",Melbourne Renegades Innings,223,8,Sunil Narine,4,0,27,3,0,0,6.80
290,"Jan 12, ",07:40 PM,"Docklands Stadium, ",Melbourne,"Melbourne Renegades vs Hobart Hurricanes, 24th Match - Live Cricket Score, Commentary",Melbourne Renegades Innings,223,8,James Pattinson,3,0,47,0,1,0,15.70
291,"Jan 12, ",07:40 PM,"Docklands Stadium, ",Melbourne,"Melbourne Renegades vs Hobart Hurricanes, 24th Match - Live Cricket Score, Commentary",Melbourne Renegades Innings,223,8,Brad Hogg,4,0,45,2,0,0,11.20
292,"Jan 12, ",07:40 PM,"Docklands Stadium, ",Melbourne,"Melbourne Renegades vs Hobart Hurricanes, 24th Match - Live Cricket Score, Commentary",Melbourne Renegades Innings,223,8,Thisara Perera,4,0,59,0,0,1,14.80
293,"Jan 14, ",06:10 PM,"Sydney Cricket Ground, ",Sydney,"Sydney Thunder vs Sydney Sixers, 25th Match - Live Cricket Score, Commentary",Sydney Thunder Innings,99,9,Chris Green,4,0,17,1,0,0,4.20
294,"Jan 14, ",06:10 PM,"Sydney Cricket Ground, ",Sydney,"Sydney Thunder vs Sydney Sixers, 25th Match - Live Cricket Score, Commentary",Sydney Thunder Innings,99,9,McKay,3,0,21,0,0,1,7.00
295,"Jan 14, ",06:10 PM,"Sydney Cricket Ground, ",Sydney,"Sydney Thunder vs Sydney Sixers, 25th Match - Live Cricket Score, Commentary",Sydney Thunder Innings,99,9,C Brathwaite,4,0,21,3,0,1,5.20
296,"Jan 14, ",06:10 PM,"Sydney Cricket Ground, ",Sydney,"Sydney Thunder vs Sydney Sixers, 25th Match - Live Cricket Score, Commentary",Sydney Thunder Innings,99,9,Watson (c),4,0,16,1,0,1,4.00
297,"Jan 14, ",06:10 PM,"Sydney Cricket Ground, ",Sydney,"Sydney Thunder vs Sydney Sixers, 25th Match - Live Cricket Score, Commentary",Sydney Thunder Innings,99,9,F Ahmed,4,0,14,4,0,0,3.50
298,"Jan 14, ",06:10 PM,"Sydney Cricket Ground, ",Sydney,"Sydney Thunder vs Sydney Sixers, 25th Match - Live Cricket Score, Commentary",Sydney Thunder Innings,99,9,Arjun Nair,1,0,7,0,0,0,7.00
299,"Jan 14, ",06:10 PM,"Sydney Cricket Ground, ",Sydney,"Sydney Thunder vs Sydney Sixers, 25th Match - Live Cricket Score, Commentary",Sydney Sixers Innings,100,2,Jackson Bird,2,0,21,0,0,0,10.50
300,"Jan 14, ",06:10 PM,"Sydney Cricket Ground, ",Sydney,"Sydney Thunder vs Sydney Sixers, 25th Match - Live Cricket Score, Commentary",Sydney Sixers Innings,100,2,Johan Botha,1,0,12,0,0,0,12.00
301,"Jan 14, ",06:10 PM,"Sydney Cricket Ground, ",Sydney,"Sydney Thunder vs Sydney Sixers, 25th Match - Live Cricket Score, Commentary",Sydney Sixers Innings,100,2,Sean Abbott,4,0,36,2,0,0,9.00
302,"Jan 14, ",06:10 PM,"Sydney Cricket Ground, ",Sydney,"Sydney Thunder vs Sydney Sixers, 25th Match - Live Cricket Score, Commentary",Sydney Sixers Innings,100,2,Nathan Lyon,2,0,20,0,0,0,10.00
303,"Jan 14, ",06:10 PM,"Sydney Cricket Ground, ",Sydney,"Sydney Thunder vs Sydney Sixers, 25th Match - Live Cricket Score, Commentary",Sydney Sixers Innings,100,2,Ben Dwarshuis,1,0,8,0,0,1,8.00
304,"Jan 14, ",06:15 PM,"W.A.C.A. Ground, ",Perth,"Perth Scorchers vs Melbourne Stars, 26th Match - Live Cricket Score, Commentary",Melbourne Stars Innings,134,7,Michael Beer,4,0,12,2,0,0,3.00
305,"Jan 14, ",06:15 PM,"W.A.C.A. Ground, ",Perth,"Perth Scorchers vs Melbourne Stars, 26th Match - Live Cricket Score, Commentary",Melbourne Stars Innings,134,7,Ben Hilfenhaus,4,0,15,2,0,0,3.80
306,"Jan 14, ",06:15 PM,"W.A.C.A. Ground, ",Perth,"Perth Scorchers vs Melbourne Stars, 26th Match - Live Cricket Score, Commentary",Melbourne Stars Innings,134,7,Scott Boland,4,0,30,2,0,1,7.50
307,"Jan 14, ",06:15 PM,"W.A.C.A. Ground, ",Perth,"Perth Scorchers vs Melbourne Stars, 26th Match - Live Cricket Score, Commentary",Melbourne Stars Innings,134,7,Marcus Stoinis,4,0,28,1,0,2,7.00
308,"Jan 14, ",06:15 PM,"W.A.C.A. Ground, ",Perth,"Perth Scorchers vs Melbourne Stars, 26th Match - Live Cricket Score, Commentary",Melbourne Stars Innings,134,7,Evan Gulbis,2,0,17,0,0,0,8.50
309,"Jan 14, ",06:15 PM,"W.A.C.A. Ground, ",Perth,"Perth Scorchers vs Melbourne Stars, 26th Match - Live Cricket Score, Commentary",Melbourne Stars Innings,134,7,Cameron Gannon,2,0,26,0,0,1,13.00
310,"Jan 14, ",06:15 PM,"W.A.C.A. Ground, ",Perth,"Perth Scorchers vs Melbourne Stars, 26th Match - Live Cricket Score, Commentary",Perth Scorchers Innings,137,3,Mitchell Johnson,4,0,28,0,0,5,7.00
311,"Jan 14, ",06:15 PM,"W.A.C.A. Ground, ",Perth,"Perth Scorchers vs Melbourne Stars, 26th Match - Live Cricket Score, Commentary",Perth Scorchers Innings,137,3,Jhye Richardson,3,0,26,2,0,0,8.70
312,"Jan 14, ",06:15 PM,"W.A.C.A. Ground, ",Perth,"Perth Scorchers vs Melbourne Stars, 26th Match - Live Cricket Score, Commentary",Perth Scorchers Innings,137,3,Andrew Tye,4,0,37,0,0,0,9.20
313,"Jan 14, ",06:15 PM,"W.A.C.A. Ground, ",Perth,"Perth Scorchers vs Melbourne Stars, 26th Match - Live Cricket Score, Commentary",Perth Scorchers Innings,137,3,Ashton Agar,3.2,0,21,0,0,0,6.30
314,"Jan 14, ",06:15 PM,"W.A.C.A. Ground, ",Perth,"Perth Scorchers vs Melbourne Stars, 26th Match - Live Cricket Score, Commentary",Perth Scorchers Innings,137,3,Tim Bresnan,3,0,23,1,0,1,7.70
315,"Jan 16, ",07:10 PM,"Adelaide Oval, ",Adelaide,"Adelaide Strikers vs Melbourne Renegades, 27th Match - Live Cricket Score, Commentary",Adelaide Strikers Innings,171,9,Michael Neser,3,0,14,2,0,0,4.70
316,"Jan 16, ",07:10 PM,"Adelaide Oval, ",Adelaide,"Adelaide Strikers vs Melbourne Renegades, 27th Match - Live Cricket Score, Commentary",Adelaide Strikers Innings,171,9,Liam O'Connor,4,0,41,1,0,0,10.20
317,"Jan 16, ",07:10 PM,"Adelaide Oval, ",Adelaide,"Adelaide Strikers vs Melbourne Renegades, 27th Match - Live Cricket Score, Commentary",Adelaide Strikers Innings,171,9,Wes Agar,2,0,33,0,0,1,16.50
318,"Jan 16, ",07:10 PM,"Adelaide Oval, ",Adelaide,"Adelaide Strikers vs Melbourne Renegades, 27th Match - Live Cricket Score, Commentary",Adelaide Strikers Innings,171,9,Ben Laughlin,4,0,15,2,0,0,3.80
319,"Jan 16, ",07:10 PM,"Adelaide Oval, ",Adelaide,"Adelaide Strikers vs Melbourne Renegades, 27th Match - Live Cricket Score, Commentary",Adelaide Strikers Innings,171,9,Ish Sodhi,4,0,34,1,0,1,8.50
320,"Jan 16, ",07:10 PM,"Adelaide Oval, ",Adelaide,"Adelaide Strikers vs Melbourne Renegades, 27th Match - Live Cricket Score, Commentary",Adelaide Strikers Innings,171,9,Kieron Pollard,3,0,30,3,0,1,10.00
321,"Jan 16, ",07:10 PM,"Adelaide Oval, ",Adelaide,"Adelaide Strikers vs Melbourne Renegades, 27th Match - Live Cricket Score, Commentary",Melbourne Renegades Innings,165,8,Tom Cooper,4,0,26,1,0,0,6.50
322,"Jan 16, ",07:10 PM,"Adelaide Oval, ",Adelaide,"Adelaide Strikers vs Melbourne Renegades, 27th Match - Live Cricket Score, Commentary",Melbourne Renegades Innings,165,8,James Pattinson,3,0,31,0,0,0,10.30
323,"Jan 16, ",07:10 PM,"Adelaide Oval, ",Adelaide,"Adelaide Strikers vs Melbourne Renegades, 27th Match - Live Cricket Score, Commentary",Melbourne Renegades Innings,165,8,Sunil Narine,4,0,40,1,0,0,10.00
324,"Jan 16, ",07:10 PM,"Adelaide Oval, ",Adelaide,"Adelaide Strikers vs Melbourne Renegades, 27th Match - Live Cricket Score, Commentary",Melbourne Renegades Innings,165,8,Nathan Rimmington,2,0,14,1,0,0,7.00
325,"Jan 16, ",07:10 PM,"Adelaide Oval, ",Adelaide,"Adelaide Strikers vs Melbourne Renegades, 27th Match - Live Cricket Score, Commentary",Melbourne Renegades Innings,165,8,Brad Hogg,4,0,28,0,0,0,7.00
326,"Jan 16, ",07:10 PM,"Adelaide Oval, ",Adelaide,"Adelaide Strikers vs Melbourne Renegades, 27th Match - Live Cricket Score, Commentary",Melbourne Renegades Innings,165,8,Thisara Perera,3,0,25,4,0,0,8.30
327,"Jan 17, ",07:40 PM,"Melbourne Cricket Ground, ",Melbourne,"Melbourne Stars vs Brisbane Heat, 28th Match - Live Cricket Score, Commentary",Brisbane Heat Innings,138,7,Mark Steketee,4,0,20,2,0,2,5.00
328,"Jan 17, ",07:40 PM,"Melbourne Cricket Ground, ",Melbourne,"Melbourne Stars vs Brisbane Heat, 28th Match - Live Cricket Score, Commentary",Brisbane Heat Innings,138,7,Tymal Mills,4,0,20,1,0,0,5.00
329,"Jan 17, ",07:40 PM,"Melbourne Cricket Ground, ",Melbourne,"Melbourne Stars vs Brisbane Heat, 28th Match - Live Cricket Score, Commentary",Brisbane Heat Innings,138,7,Jack Wildermuth,3.5,0,32,1,2,1,8.30
330,"Jan 17, ",07:40 PM,"Melbourne Cricket Ground, ",Melbourne,"Melbourne Stars vs Brisbane Heat, 28th Match - Live Cricket Score, Commentary",Brisbane Heat Innings,138,7,Ben Cutting,3.1,0,38,1,0,3,12.00
331,"Jan 17, ",07:40 PM,"Melbourne Cricket Ground, ",Melbourne,"Melbourne Stars vs Brisbane Heat, 28th Match - Live Cricket Score, Commentary",Brisbane Heat Innings,138,7,Mitchell Swepson,4,0,14,2,0,0,3.50
332,"Jan 17, ",07:40 PM,"Melbourne Cricket Ground, ",Melbourne,"Melbourne Stars vs Brisbane Heat, 28th Match - Live Cricket Score, Commentary",Brisbane Heat Innings,138,7,Marnus Labuschagne,1,0,11,0,0,5,11.00
333,"Jan 17, ",07:40 PM,"Melbourne Cricket Ground, ",Melbourne,"Melbourne Stars vs Brisbane Heat, 28th Match - Live Cricket Score, Commentary",Melbourne Stars Innings,139,3,Michael Beer,4,0,29,0,0,0,7.20
334,"Jan 17, ",07:40 PM,"Melbourne Cricket Ground, ",Melbourne,"Melbourne Stars vs Brisbane Heat, 28th Match - Live Cricket Score, Commentary",Melbourne Stars Innings,139,3,Ben Hilfenhaus,3,0,30,1,0,2,10.00
335,"Jan 17, ",07:40 PM,"Melbourne Cricket Ground, ",Melbourne,"Melbourne Stars vs Brisbane Heat, 28th Match - Live Cricket Score, Commentary",Melbourne Stars Innings,139,3,Scott Boland,3.1,0,26,1,0,0,8.20
336,"Jan 17, ",07:40 PM,"Melbourne Cricket Ground, ",Melbourne,"Melbourne Stars vs Brisbane Heat, 28th Match - Live Cricket Score, Commentary",Melbourne Stars Innings,139,3,Marcus Stoinis,3,0,27,0,0,0,9.00
337,"Jan 17, ",07:40 PM,"Melbourne Cricket Ground, ",Melbourne,"Melbourne Stars vs Brisbane Heat, 28th Match - Live Cricket Score, Commentary",Melbourne Stars Innings,139,3,Adam Zampa,4,0,18,0,0,0,4.50
338,"Jan 17, ",07:40 PM,"Melbourne Cricket Ground, ",Melbourne,"Melbourne Stars vs Brisbane Heat, 28th Match - Live Cricket Score, Commentary",Melbourne Stars Innings,139,3,Evan Gulbis,1,0,8,1,0,0,8.00
339,"Jan 18, ",07:40 PM,"Sydney Showground Stadium, ",Sydney,"Sydney Thunder vs Adelaide Strikers, 29th Match - Live Cricket Score, Commentary",Sydney Thunder Innings,178,5,Chris Green,3,0,17,0,0,0,5.70
340,"Jan 18, ",07:40 PM,"Sydney Showground Stadium, ",Sydney,"Sydney Thunder vs Adelaide Strikers, 29th Match - Live Cricket Score, Commentary",Sydney Thunder Innings,178,5,Clint McKay,4,0,36,0,0,1,9.00
341,"Jan 18, ",07:40 PM,"Sydney Showground Stadium, ",Sydney,"Sydney Thunder vs Adelaide Strikers, 29th Match - Live Cricket Score, Commentary",Sydney Thunder Innings,178,5,Carlos Brathwaite,4,0,33,1,0,1,8.20
342,"Jan 18, ",07:40 PM,"Sydney Showground Stadium, ",Sydney,"Sydney Thunder vs Adelaide Strikers, 29th Match - Live Cricket Score, Commentary",Sydney Thunder Innings,178,5,Shane Watson (c),4,0,42,2,0,1,10.50
343,"Jan 18, ",07:40 PM,"Sydney Showground Stadium, ",Sydney,"Sydney Thunder vs Adelaide Strikers, 29th Match - Live Cricket Score, Commentary",Sydney Thunder Innings,178,5,Arjun Nair,2,0,16,0,0,0,8.00
344,"Jan 18, ",07:40 PM,"Sydney Showground Stadium, ",Sydney,"Sydney Thunder vs Adelaide Strikers, 29th Match - Live Cricket Score, Commentary",Sydney Thunder Innings,178,5,Fawad Ahmed,3,0,33,0,0,1,11.00
345,"Jan 18, ",07:40 PM,"Sydney Showground Stadium, ",Sydney,"Sydney Thunder vs Adelaide Strikers, 29th Match - Live Cricket Score, Commentary",Adelaide Strikers Innings,101,10,Michael Neser,2,1,5,0,0,0,2.50
346,"Jan 18, ",07:40 PM,"Sydney Showground Stadium, ",Sydney,"Sydney Thunder vs Adelaide Strikers, 29th Match - Live Cricket Score, Commentary",Adelaide Strikers Innings,101,10,Kieron Pollard,3,0,36,1,0,0,12.00
347,"Jan 18, ",07:40 PM,"Sydney Showground Stadium, ",Sydney,"Sydney Thunder vs Adelaide Strikers, 29th Match - Live Cricket Score, Commentary",Adelaide Strikers Innings,101,10,Ben Laughlin,1,0,11,0,0,2,11.00
348,"Jan 18, ",07:40 PM,"Sydney Showground Stadium, ",Sydney,"Sydney Thunder vs Adelaide Strikers, 29th Match - Live Cricket Score, Commentary",Adelaide Strikers Innings,101,10,Liam O'Connor,4,0,25,1,0,1,6.20
349,"Jan 18, ",07:40 PM,"Sydney Showground Stadium, ",Sydney,"Sydney Thunder vs Adelaide Strikers, 29th Match - Live Cricket Score, Commentary",Adelaide Strikers Innings,101,10,Jake Lehmann,1,0,5,1,0,0,5.00
350,"Jan 18, ",07:40 PM,"Sydney Showground Stadium, ",Sydney,"Sydney Thunder vs Adelaide Strikers, 29th Match - Live Cricket Score, Commentary",Adelaide Strikers Innings,101,10,Brad Hodge (c),1,0,8,0,0,0,8.00
351,"Jan 18, ",07:40 PM,"Sydney Showground Stadium, ",Sydney,"Sydney Thunder vs Adelaide Strikers, 29th Match - Live Cricket Score, Commentary",Adelaide Strikers Innings,101,10,Ish Sodhi,3.3,0,11,6,0,0,3.10
352,"Jan 20, ",06:40 PM,"The Gabba, ",Brisbane,"Brisbane Heat vs Melbourne Renegades, 30th Match - Live Cricket Score, Commentary",Brisbane Heat Innings,199,5,Mark Steketee,4,0,37,2,0,2,9.20
353,"Jan 20, ",06:40 PM,"The Gabba, ",Brisbane,"Brisbane Heat vs Melbourne Renegades, 30th Match - Live Cricket Score, Commentary",Brisbane Heat Innings,199,5,Jack Wildermuth,3,0,33,0,0,0,11.00
354,"Jan 20, ",06:40 PM,"The Gabba, ",Brisbane,"Brisbane Heat vs Melbourne Renegades, 30th Match - Live Cricket Score, Commentary",Brisbane Heat Innings,199,5,Joe Burns,1,0,10,0,0,1,10.00
355,"Jan 20, ",06:40 PM,"The Gabba, ",Brisbane,"Brisbane Heat vs Melbourne Renegades, 30th Match - Live Cricket Score, Commentary",Brisbane Heat Innings,199,5,Nick Buchanan,2,0,21,1,0,0,10.50
356,"Jan 20, ",06:40 PM,"The Gabba, ",Brisbane,"Brisbane Heat vs Melbourne Renegades, 30th Match - Live Cricket Score, Commentary",Brisbane Heat Innings,199,5,Mitchell Swepson,4,0,29,0,0,0,7.20
357,"Jan 20, ",06:40 PM,"The Gabba, ",Brisbane,"Brisbane Heat vs Melbourne Renegades, 30th Match - Live Cricket Score, Commentary",Brisbane Heat Innings,199,5,Marnus Labuschagne,2,0,25,1,0,0,12.50
358,"Jan 20, ",06:40 PM,"The Gabba, ",Brisbane,"Brisbane Heat vs Melbourne Renegades, 30th Match - Live Cricket Score, Commentary",Brisbane Heat Innings,199,5,Ben Cutting,4,0,44,1,1,2,11.00
359,"Jan 20, ",06:40 PM,"The Gabba, ",Brisbane,"Brisbane Heat vs Melbourne Renegades, 30th Match - Live Cricket Score, Commentary",Melbourne Renegades Innings,198,10,Tom Cooper,2,0,35,0,0,0,17.50
360,"Jan 20, ",06:40 PM,"The Gabba, ",Brisbane,"Brisbane Heat vs Melbourne Renegades, 30th Match - Live Cricket Score, Commentary",Melbourne Renegades Innings,198,10,James Pattinson,3,0,36,1,0,5,12.00
361,"Jan 20, ",06:40 PM,"The Gabba, ",Brisbane,"Brisbane Heat vs Melbourne Renegades, 30th Match - Live Cricket Score, Commentary",Melbourne Renegades Innings,198,10,Nathan Rimmington,2.5,0,37,2,0,4,13.10
362,"Jan 20, ",06:40 PM,"The Gabba, ",Brisbane,"Brisbane Heat vs Melbourne Renegades, 30th Match - Live Cricket Score, Commentary",Melbourne Renegades Innings,198,10,Sunil Narine,4,0,38,2,0,0,9.50
363,"Jan 20, ",06:40 PM,"The Gabba, ",Brisbane,"Brisbane Heat vs Melbourne Renegades, 30th Match - Live Cricket Score, Commentary",Melbourne Renegades Innings,198,10,Thisara Perera,4,0,27,2,0,2,6.80
364,"Jan 20, ",06:40 PM,"The Gabba, ",Brisbane,"Brisbane Heat vs Melbourne Renegades, 30th Match - Live Cricket Score, Commentary",Melbourne Renegades Innings,198,10,Brad Hogg,4,0,18,1,0,0,4.50
365,"Jan 21, ",04:20 PM,"Bellerive Oval, ",Hobart,"Hobart Hurricanes vs Perth Scorchers, 31st Match - Live Cricket Score, Commentary",Perth Scorchers Innings,134,6,Mitchell Johnson,4,0,15,2,0,0,3.80
366,"Jan 21, ",04:20 PM,"Bellerive Oval, ",Hobart,"Hobart Hurricanes vs Perth Scorchers, 31st Match - Live Cricket Score, Commentary",Perth Scorchers Innings,134,6,Ashton Turner,2,0,23,0,0,0,11.50
367,"Jan 21, ",04:20 PM,"Bellerive Oval, ",Hobart,"Hobart Hurricanes vs Perth Scorchers, 31st Match - Live Cricket Score, Commentary",Perth Scorchers Innings,134,6,Tim Bresnan,4,0,20,2,0,0,5.00
368,"Jan 21, ",04:20 PM,"Bellerive Oval, ",Hobart,"Hobart Hurricanes vs Perth Scorchers, 31st Match - Live Cricket Score, Commentary",Perth Scorchers Innings,134,6,Andrew Tye,4,0,37,0,0,0,9.20
369,"Jan 21, ",04:20 PM,"Bellerive Oval, ",Hobart,"Hobart Hurricanes vs Perth Scorchers, 31st Match - Live Cricket Score, Commentary",Perth Scorchers Innings,134,6,Ashton Agar,4,0,22,1,0,0,5.50
370,"Jan 21, ",04:20 PM,"Bellerive Oval, ",Hobart,"Hobart Hurricanes vs Perth Scorchers, 31st Match - Live Cricket Score, Commentary",Perth Scorchers Innings,134,6,Adam Voges,2,0,14,1,0,0,7.00
371,"Jan 21, ",04:20 PM,"Bellerive Oval, ",Hobart,"Hobart Hurricanes vs Perth Scorchers, 31st Match - Live Cricket Score, Commentary",Hobart Hurricanes Innings,135,3,Stuart Broad,3.5,0,33,1,1,2,8.60
372,"Jan 21, ",04:20 PM,"Bellerive Oval, ",Hobart,"Hobart Hurricanes vs Perth Scorchers, 31st Match - Live Cricket Score, Commentary",Hobart Hurricanes Innings,135,3,Clive Rose,4,0,28,1,0,0,7.00
373,"Jan 21, ",04:20 PM,"Bellerive Oval, ",Hobart,"Hobart Hurricanes vs Perth Scorchers, 31st Match - Live Cricket Score, Commentary",Hobart Hurricanes Innings,135,3,Daniel Christian,2,0,16,0,0,0,8.00
374,"Jan 21, ",04:20 PM,"Bellerive Oval, ",Hobart,"Hobart Hurricanes vs Perth Scorchers, 31st Match - Live Cricket Score, Commentary",Hobart Hurricanes Innings,135,3,Jake Reed,1,0,13,0,0,0,13.00
375,"Jan 21, ",04:20 PM,"Bellerive Oval, ",Hobart,"Hobart Hurricanes vs Perth Scorchers, 31st Match - Live Cricket Score, Commentary",Hobart Hurricanes Innings,135,3,Cameron Boyce,3,0,44,1,0,0,14.70
376,"Jan 21, ",07:25 PM,"Melbourne Cricket Ground, ",Melbourne,"Melbourne Stars vs Sydney Sixers, 32nd Match - Live Cricket Score, Commentary",Sydney Sixers Innings,156,8,Jackson Bird,4,0,37,0,0,0,9.20
377,"Jan 21, ",07:25 PM,"Melbourne Cricket Ground, ",Melbourne,"Melbourne Stars vs Sydney Sixers, 32nd Match - Live Cricket Score, Commentary",Sydney Sixers Innings,156,8,Johan Botha,3,0,29,0,0,0,9.70
378,"Jan 21, ",07:25 PM,"Melbourne Cricket Ground, ",Melbourne,"Melbourne Stars vs Sydney Sixers, 32nd Match - Live Cricket Score, Commentary",Sydney Sixers Innings,156,8,Sean Abbott,3,0,31,1,0,0,10.30
379,"Jan 21, ",07:25 PM,"Melbourne Cricket Ground, ",Melbourne,"Melbourne Stars vs Sydney Sixers, 32nd Match - Live Cricket Score, Commentary",Sydney Sixers Innings,156,8,Moises Henriques (c),2,0,15,1,0,0,7.50
380,"Jan 21, ",07:25 PM,"Melbourne Cricket Ground, ",Melbourne,"Melbourne Stars vs Sydney Sixers, 32nd Match - Live Cricket Score, Commentary",Sydney Sixers Innings,156,8,Ben Dwarshuis,4,0,25,3,0,2,6.20
381,"Jan 21, ",07:25 PM,"Melbourne Cricket Ground, ",Melbourne,"Melbourne Stars vs Sydney Sixers, 32nd Match - Live Cricket Score, Commentary",Sydney Sixers Innings,156,8,Nathan Lyon,4,0,18,2,0,1,4.50
382,"Jan 21, ",07:25 PM,"Melbourne Cricket Ground, ",Melbourne,"Melbourne Stars vs Sydney Sixers, 32nd Match - Live Cricket Score, Commentary",Melbourne Stars Innings,160,7,Michael Beer,4,0,39,1,0,2,9.80
383,"Jan 21, ",07:25 PM,"Melbourne Cricket Ground, ",Melbourne,"Melbourne Stars vs Sydney Sixers, 32nd Match - Live Cricket Score, Commentary",Melbourne Stars Innings,160,7,Ben Hilfenhaus,3,0,25,1,0,3,8.30
384,"Jan 21, ",07:25 PM,"Melbourne Cricket Ground, ",Melbourne,"Melbourne Stars vs Sydney Sixers, 32nd Match - Live Cricket Score, Commentary",Melbourne Stars Innings,160,7,Scott Boland,4,0,37,3,1,4,9.20
385,"Jan 21, ",07:25 PM,"Melbourne Cricket Ground, ",Melbourne,"Melbourne Stars vs Sydney Sixers, 32nd Match - Live Cricket Score, Commentary",Melbourne Stars Innings,160,7,Evan Gulbis,4,0,24,1,0,0,6.00
386,"Jan 21, ",07:25 PM,"Melbourne Cricket Ground, ",Melbourne,"Melbourne Stars vs Sydney Sixers, 32nd Match - Live Cricket Score, Commentary",Melbourne Stars Innings,160,7,Liam Bowe,4,0,35,1,0,1,8.80
387,"Jan 24, ",04:40 PM,"W.A.C.A. Ground, ",Perth,"Perth Scorchers vs Melbourne Stars, 1st Semi-Final - Live Cricket Score, Commentary",Perth Scorchers Innings,136,8,Mitchell Johnson,4,2,3,3,0,0,0.80
388,"Jan 24, ",04:40 PM,"W.A.C.A. Ground, ",Perth,"Perth Scorchers vs Melbourne Stars, 1st Semi-Final - Live Cricket Score, Commentary",Perth Scorchers Innings,136,8,Jhye Richardson,4,0,32,1,0,2,8.00
389,"Jan 24, ",04:40 PM,"W.A.C.A. Ground, ",Perth,"Perth Scorchers vs Melbourne Stars, 1st Semi-Final - Live Cricket Score, Commentary",Perth Scorchers Innings,136,8,Tim Bresnan,4,0,26,1,0,0,6.50
390,"Jan 24, ",04:40 PM,"W.A.C.A. Ground, ",Perth,"Perth Scorchers vs Melbourne Stars, 1st Semi-Final - Live Cricket Score, Commentary",Perth Scorchers Innings,136,8,Ashton Agar,3,0,25,1,0,1,8.30
391,"Jan 24, ",04:40 PM,"W.A.C.A. Ground, ",Perth,"Perth Scorchers vs Melbourne Stars, 1st Semi-Final - Live Cricket Score, Commentary",Perth Scorchers Innings,136,8,Andrew Tye,4,0,34,1,0,4,8.50
392,"Jan 24, ",04:40 PM,"W.A.C.A. Ground, ",Perth,"Perth Scorchers vs Melbourne Stars, 1st Semi-Final - Live Cricket Score, Commentary",Perth Scorchers Innings,136,8,Ashton Turner,1,0,11,1,0,0,11.00
393,"Jan 24, ",04:40 PM,"W.A.C.A. Ground, ",Perth,"Perth Scorchers vs Melbourne Stars, 1st Semi-Final - Live Cricket Score, Commentary",Melbourne Stars Innings,139,3,Ben Hilfenhaus,3,0,16,0,0,0,5.30
394,"Jan 24, ",04:40 PM,"W.A.C.A. Ground, ",Perth,"Perth Scorchers vs Melbourne Stars, 1st Semi-Final - Live Cricket Score, Commentary",Melbourne Stars Innings,139,3,Daniel Worrall,4,0,40,1,0,0,10.00
395,"Jan 24, ",04:40 PM,"W.A.C.A. Ground, ",Perth,"Perth Scorchers vs Melbourne Stars, 1st Semi-Final - Live Cricket Score, Commentary",Melbourne Stars Innings,139,3,Michael Beer,3.5,0,34,0,0,2,8.90
396,"Jan 24, ",04:40 PM,"W.A.C.A. Ground, ",Perth,"Perth Scorchers vs Melbourne Stars, 1st Semi-Final - Live Cricket Score, Commentary",Melbourne Stars Innings,139,3,Scott Boland,3,0,21,0,0,0,7.00
397,"Jan 24, ",04:40 PM,"W.A.C.A. Ground, ",Perth,"Perth Scorchers vs Melbourne Stars, 1st Semi-Final - Live Cricket Score, Commentary",Melbourne Stars Innings,139,3,Marcus Stoinis,2,0,15,1,0,0,7.50
398,"Jan 24, ",04:40 PM,"W.A.C.A. Ground, ",Perth,"Perth Scorchers vs Melbourne Stars, 1st Semi-Final - Live Cricket Score, Commentary",Melbourne Stars Innings,139,3,Evan Gulbis,1,0,9,1,0,0,9.00
399,"Jan 25, ",06:40 PM,"The Gabba, ",Brisbane,"Brisbane Heat vs Sydney Sixers, 2nd Semi-Final - Live Cricket Score, Commentary",Sydney Sixers Innings,167,9,J Bird,4,0,36,0,1,1,9.00
400,"Jan 25, ",06:40 PM,"The Gabba, ",Brisbane,"Brisbane Heat vs Sydney Sixers, 2nd Semi-Final - Live Cricket Score, Commentary",Sydney Sixers Innings,167,9,Ben Dwarshuis,4,0,34,1,1,0,8.50
401,"Jan 25, ",06:40 PM,"The Gabba, ",Brisbane,"Brisbane Heat vs Sydney Sixers, 2nd Semi-Final - Live Cricket Score, Commentary",Sydney Sixers Innings,167,9,S Abbott,4,0,40,4,0,0,10.00
402,"Jan 25, ",06:40 PM,"The Gabba, ",Brisbane,"Brisbane Heat vs Sydney Sixers, 2nd Semi-Final - Live Cricket Score, Commentary",Sydney Sixers Innings,167,9,Lyon,4,0,23,4,0,0,5.80
403,"Jan 25, ",06:40 PM,"The Gabba, ",Brisbane,"Brisbane Heat vs Sydney Sixers, 2nd Semi-Final - Live Cricket Score, Commentary",Sydney Sixers Innings,167,9,J Botha,4,0,32,0,0,5,8.00
404,"Jan 25, ",06:40 PM,"The Gabba, ",Brisbane,"Brisbane Heat vs Sydney Sixers, 2nd Semi-Final - Live Cricket Score, Commentary",Brisbane Heat Innings,167,8,Joe Burns,2,0,17,1,0,0,8.50
405,"Jan 25, ",06:40 PM,"The Gabba, ",Brisbane,"Brisbane Heat vs Sydney Sixers, 2nd Semi-Final - Live Cricket Score, Commentary",Brisbane Heat Innings,167,8,Samuel Badree,4,0,32,1,0,0,8.00
406,"Jan 25, ",06:40 PM,"The Gabba, ",Brisbane,"Brisbane Heat vs Sydney Sixers, 2nd Semi-Final - Live Cricket Score, Commentary",Brisbane Heat Innings,167,8,Mark Steketee,4,0,21,2,0,1,5.20
407,"Jan 25, ",06:40 PM,"The Gabba, ",Brisbane,"Brisbane Heat vs Sydney Sixers, 2nd Semi-Final - Live Cricket Score, Commentary",Brisbane Heat Innings,167,8,Mitchell Swepson,4,0,31,1,0,0,7.80
408,"Jan 25, ",06:40 PM,"The Gabba, ",Brisbane,"Brisbane Heat vs Sydney Sixers, 2nd Semi-Final - Live Cricket Score, Commentary",Brisbane Heat Innings,167,8,Jack Wildermuth,3,0,33,1,0,0,11.00
409,"Jan 25, ",06:40 PM,"The Gabba, ",Brisbane,"Brisbane Heat vs Sydney Sixers, 2nd Semi-Final - Live Cricket Score, Commentary",Brisbane Heat Innings,167,8,Marnus Labuschagne,1,0,18,0,0,0,18.00
410,"Jan 25, ",06:40 PM,"The Gabba, ",Brisbane,"Brisbane Heat vs Sydney Sixers, 2nd Semi-Final - Live Cricket Score, Commentary",Brisbane Heat Innings,167,8,Ben Cutting,2,0,14,1,0,1,7.00
411,"Jan 28, ",04:15 PM,"W.A.C.A. Ground, ",Perth,"Perth Scorchers vs Sydney Sixers, Final - Live Cricket Score, Commentary",Perth Scorchers Innings,141,9,Johnson,4,0,13,1,0,2,3.20
412,"Jan 28, ",04:15 PM,"W.A.C.A. Ground, ",Perth,"Perth Scorchers vs Sydney Sixers, Final - Live Cricket Score, Commentary",Perth Scorchers Innings,141,9,A Turner,1,0,8,1,0,0,8.00
413,"Jan 28, ",04:15 PM,"W.A.C.A. Ground, ",Perth,"Perth Scorchers vs Sydney Sixers, Final - Live Cricket Score, Commentary",Perth Scorchers Innings,141,9,Jhye Richardson,4,0,30,3,0,1,7.50
414,"Jan 28, ",04:15 PM,"W.A.C.A. Ground, ",Perth,"Perth Scorchers vs Sydney Sixers, Final - Live Cricket Score, Commentary",Perth Scorchers Innings,141,9,Andrew Tye,4,0,25,0,0,1,6.20
415,"Jan 28, ",04:15 PM,"W.A.C.A. Ground, ",Perth,"Perth Scorchers vs Sydney Sixers, Final - Live Cricket Score, Commentary",Perth Scorchers Innings,141,9,T Bresnan,4,0,40,3,0,1,10.00
416,"Jan 28, ",04:15 PM,"W.A.C.A. Ground, ",Perth,"Perth Scorchers vs Sydney Sixers, Final - Live Cricket Score, Commentary",Perth Scorchers Innings,141,9,Ashton Agar,3,0,22,0,0,0,7.30
417,"Jan 28, ",04:15 PM,"W.A.C.A. Ground, ",Perth,"Perth Scorchers vs Sydney Sixers, Final - Live Cricket Score, Commentary",Sydney Sixers Innings,144,1,Ben Dwarshuis,4,0,30,0,0,0,7.50
418,"Jan 28, ",04:15 PM,"W.A.C.A. Ground, ",Perth,"Perth Scorchers vs Sydney Sixers, Final - Live Cricket Score, Commentary",Sydney Sixers Innings,144,1,Jackson Bird,2,0,28,0,0,0,14.00
419,"Jan 28, ",04:15 PM,"W.A.C.A. Ground, ",Perth,"Perth Scorchers vs Sydney Sixers, Final - Live Cricket Score, Commentary",Sydney Sixers Innings,144,1,Nathan Lyon,4,0,28,1,0,0,7.00
420,"Jan 28, ",04:15 PM,"W.A.C.A. Ground, ",Perth,"Perth Scorchers vs Sydney Sixers, Final - Live Cricket Score, Commentary",Sydney Sixers Innings,144,1,Sean Abbott,3,0,33,0,0,0,11.00
421,"Jan 28, ",04:15 PM,"W.A.C.A. Ground, ",Perth,"Perth Scorchers vs Sydney Sixers, Final - Live Cricket Score, Commentary",Sydney Sixers Innings,144,1,Johan Botha,1.5,0,19,0,0,0,10.40
422,"Jan 28, ",04:15 PM,"W.A.C.A. Ground, ",Perth,"Perth Scorchers vs Sydney Sixers, Final - Live Cricket Score, Commentary",Sydney Sixers Innings,144,1,Moises Henriques (c),1,0,5,0,0,0,5.00
