,Date,Time,Teams,Winners,Links
0,"Dec 20, Tue",2:10 PM,"SYDNEY THUNDER vs SYDNEY SIXERS, 1st Match",Sydney Sixers won by 9 wkts,https://www.cricbuzz.com/cricket-scores/16725/syt-vs-sys-1st-match-big-bash-league-2016-17
1,"Dec 21, Wed",2:10 PM,"ADELAIDE STRIKERS vs BRISBANE HEAT, 2nd Match",Brisbane Heat won by 10 runs,https://www.cricbuzz.com/cricket-scores/16726/ads-vs-brh-2nd-match-big-bash-league-2016-17
2,"Dec 22, Thu",2:10 PM,"MELBOURNE RENEGADES vs SYDNEY THUNDER, 3rd Match",Melbourne Renegades won by 48 runs,https://www.cricbuzz.com/cricket-scores/16727/mlr-vs-syt-3rd-match-big-bash-league-2016-17
3,"Dec 23, Fri",12:40 PM,"SYDNEY SIXERS vs HOBART HURRICANES, 4th Match",Hobart Hurricanes won by 60 runs,https://www.cricbuzz.com/cricket-scores/16728/sys-vs-hbh-4th-match-big-bash-league-2016-17
4,,3:45 PM,"PERTH SCORCHERS vs ADELAIDE STRIKERS, 5th Match",Perth Scorchers won by 48 runs,https://www.cricbuzz.com/cricket-scores/16729/prs-vs-ads-5th-match-big-bash-league-2016-17
5,"Dec 26, Mon",1:40 PM,"HOBART HURRICANES vs MELBOURNE STARS, 6th Match",Melbourne Stars won by 7 wkts,https://www.cricbuzz.com/cricket-scores/16730/hbh-vs-mls-6th-match-big-bash-league-2016-17
6,"Dec 27, Tue",1:40 PM,"SYDNEY SIXERS vs PERTH SCORCHERS, 7th Match",Sydney Sixers won by 6 wkts,https://www.cricbuzz.com/cricket-scores/16731/sys-vs-prs-7th-match-big-bash-league-2016-17
7,"Dec 28, Wed",1:40 PM,"SYDNEY THUNDER vs BRISBANE HEAT, 8th Match",Brisbane Heat won by 3 wkts,https://www.cricbuzz.com/cricket-scores/16732/syt-vs-brh-8th-match-big-bash-league-2016-17
8,"Dec 29, Thu",1:40 PM,"MELBOURNE RENEGADES vs PERTH SCORCHERS, 9th Match",Perth Scorchers won by 4 wkts,https://www.cricbuzz.com/cricket-scores/16733/mlr-vs-prs-9th-match-big-bash-league-2016-17
9,"Dec 30, Fri",1:40 PM,"BRISBANE HEAT vs HOBART HURRICANES, 10th Match",Brisbane Heat won by 7 wkts,https://www.cricbuzz.com/cricket-scores/16734/brh-vs-hbh-10th-match-big-bash-league-2016-17
10,"Dec 31, Sat",1:40 PM,"ADELAIDE STRIKERS vs SYDNEY SIXERS, 11th Match",Adelaide Strikers won by 48 runs,https://www.cricbuzz.com/cricket-scores/16735/ads-vs-sys-11th-match-big-bash-league-2016-17
11,"Jan 01, Sun",12:40 PM,"MELBOURNE STARS vs MELBOURNE RENEGADES, 12th Match",Melbourne Renegades won by 7 runs (D/L method - Match reduced to 18 overs due to rain),https://www.cricbuzz.com/cricket-scores/16736/mls-vs-mlr-12th-match-big-bash-league-2016-17
12,,3:45 PM,"PERTH SCORCHERS vs SYDNEY THUNDER, 13th Match",Perth Scorchers won by 50 runs,https://www.cricbuzz.com/cricket-scores/16737/prs-vs-syt-13th-match-big-bash-league-2016-17
13,"Jan 02, Mon",1:40 PM,"HOBART HURRICANES vs ADELAIDE STRIKERS, 14th Match",Hobart Hurricanes won by 8 wkts,https://www.cricbuzz.com/cricket-scores/16738/hbh-vs-ads-14th-match-big-bash-league-2016-17
14,"Jan 03, Tue",1:40 PM,"BRISBANE HEAT vs SYDNEY SIXERS, 15th Match",Sydney Sixers won by 3 wkts,https://www.cricbuzz.com/cricket-scores/16739/brh-vs-sys-15th-match-big-bash-league-2016-17
15,"Jan 04, Wed",1:40 PM,"SYDNEY THUNDER vs MELBOURNE STARS, 16th Match",Sydney Thunder won by 6 wkts,https://www.cricbuzz.com/cricket-scores/16740/syt-vs-mls-16th-match-big-bash-league-2016-17
16,"Jan 05, Thu",1:40 PM,"PERTH SCORCHERS vs BRISBANE HEAT, 17th Match",Brisbane Heat won by 9 wkts,https://www.cricbuzz.com/cricket-scores/16741/prs-vs-brh-17th-match-big-bash-league-2016-17
17,"Jan 06, Fri",1:40 PM,"ADELAIDE STRIKERS vs HOBART HURRICANES, 18th Match",Adelaide Strikers won by 5 wkts,https://www.cricbuzz.com/cricket-scores/16742/ads-vs-hbh-18th-match-big-bash-league-2016-17
18,"Jan 07, Sat",1:40 PM,"MELBOURNE RENEGADES vs MELBOURNE STARS, 19th Match",Melbourne Stars won by 46 runs,https://www.cricbuzz.com/cricket-scores/16743/mlr-vs-mls-19th-match-big-bash-league-2016-17
19,"Jan 08, Sun",1:40 PM,"HOBART HURRICANES vs SYDNEY THUNDER, 20th Match",Sydney Thunder won by 6 wkts,https://www.cricbuzz.com/cricket-scores/16744/hbh-vs-syt-20th-match-big-bash-league-2016-17
20,"Jan 09, Mon",2:10 PM,"SYDNEY SIXERS vs MELBOURNE RENEGADES, 21st Match",Sydney Sixers won by 6 wkts,https://www.cricbuzz.com/cricket-scores/16745/sys-vs-mlr-21st-match-big-bash-league-2016-17
21,"Jan 10, Tue",2:10 PM,"MELBOURNE STARS vs ADELAIDE STRIKERS, 22nd Match",Melbourne Stars won by 2 wkts,https://www.cricbuzz.com/cricket-scores/16746/mls-vs-ads-22nd-match-big-bash-league-2016-17
22,"Jan 11, Wed",2:10 PM,"BRISBANE HEAT vs PERTH SCORCHERS, 23rd Match",Perth Scorchers won by 27 runs,https://www.cricbuzz.com/cricket-scores/16747/brh-vs-prs-23rd-match-big-bash-league-2016-17
23,"Jan 12, Thu",2:10 PM,"MELBOURNE RENEGADES vs HOBART HURRICANES, 24th Match",Hobart Hurricanes won by 2 wkts,https://www.cricbuzz.com/cricket-scores/16748/mlr-vs-hbh-24th-match-big-bash-league-2016-17
24,"Jan 14, Sat",12:40 PM,"SYDNEY THUNDER vs SYDNEY SIXERS, 25th Match",Sydney Thunder won by 8 wkts,https://www.cricbuzz.com/cricket-scores/16749/syt-vs-sys-25th-match-big-bash-league-2016-17
25,,3:45 PM,"PERTH SCORCHERS vs MELBOURNE STARS, 26th Match",Melbourne Stars won by 7 wkts,https://www.cricbuzz.com/cricket-scores/16750/prs-vs-mls-26th-match-big-bash-league-2016-17
26,"Jan 16, Mon",2:10 PM,"ADELAIDE STRIKERS vs MELBOURNE RENEGADES, 27th Match",Melbourne Renegades won by 6 runs,https://www.cricbuzz.com/cricket-scores/16751/ads-vs-mlr-27th-match-big-bash-league-2016-17
27,"Jan 17, Tue",2:10 PM,"MELBOURNE STARS vs BRISBANE HEAT, 28th Match",Brisbane Heat won by 7 wkts,https://www.cricbuzz.com/cricket-scores/16752/mls-vs-brh-28th-match-big-bash-league-2016-17
28,"Jan 18, Wed",2:10 PM,"SYDNEY THUNDER vs ADELAIDE STRIKERS, 29th Match",Adelaide Strikers won by 77 runs,https://www.cricbuzz.com/cricket-scores/16753/syt-vs-ads-29th-match-big-bash-league-2016-17
29,"Jan 20, Fri",2:10 PM,"BRISBANE HEAT vs MELBOURNE RENEGADES, 30th Match",Melbourne Renegades won by 1 run,https://www.cricbuzz.com/cricket-scores/16754/brh-vs-mlr-30th-match-big-bash-league-2016-17
30,"Jan 21, Sat",10:50 AM,"HOBART HURRICANES vs PERTH SCORCHERS, 31st Match",Perth Scorchers won by 7 wkts,https://www.cricbuzz.com/cricket-scores/16755/hbh-vs-prs-31st-match-big-bash-league-2016-17
31,,1:55 PM,"MELBOURNE STARS vs SYDNEY SIXERS, 32nd Match",Sydney Sixers won by 3 wkts,https://www.cricbuzz.com/cricket-scores/16756/mls-vs-sys-32nd-match-big-bash-league-2016-17
32,"Jan 24, Tue",2:10 PM,"PERTH SCORCHERS vs MELBOURNE STARS, 1st Semi-Final",Perth Scorchers won by 7 wkts,https://www.cricbuzz.com/cricket-scores/16757/prs-vs-mls-1st-semi-final-big-bash-league-2016-17
33,"Jan 25, Wed",2:10 PM,"BRISBANE HEAT vs SYDNEY SIXERS, 2nd Semi-Final",Match tied (Sydney Sixers won the one-over eliminator),https://www.cricbuzz.com/cricket-scores/16758/brh-vs-sys-2nd-semi-final-big-bash-league-2016-17
34,"Jan 28, Sat",1:45 PM,"PERTH SCORCHERS vs SYDNEY SIXERS, Final",Perth Scorchers won by 9 wkts,https://www.cricbuzz.com/cricket-scores/16759/prs-vs-sys-final-big-bash-league-2016-17
35,,,,,
36,,,,,
37,,,,,
38,,,,,
39,,,,,
40,,,,,
41,,,,,
42,,,,,
43,,,,,
44,,,,,
45,,,,,
46,,,,,
47,,,,,
48,,,,,
49,,,,,
50,,,,,
51,,,,,
52,,,,,
53,,,,,
54,,,,,
55,,,,,
56,,,,,
57,,,,,
58,,,,,
59,,,,,
60,,,,,
61,,,,,
62,,,,,
63,,,,,
64,,,,,
65,,,,,
66,,,,,
67,,,,,
68,,,,,
69,,,,,
70,,,,,
71,,,,,
