,Date,Time,Teams,Winners,Links
0,"Dec 10, Thu",1:45 PM,"HOBART HURRICANES vs SYDNEY SIXERS, 1st Match",Hobart Hurricanes won by 16 runs,https://www.cricbuzz.com/cricket-scores/31652/hbh-vs-sys-1st-match-big-bash-league-2020-21
1,"Dec 11, Fri",1:45 PM,"MELBOURNE STARS vs BRISBANE HEAT, 2nd Match",Melbourne Stars won by 6 wkts,https://www.cricbuzz.com/cricket-scores/31653/mls-vs-brh-2nd-match-big-bash-league-2020-21
2,"Dec 12, Sat",10:35 AM,"MELBOURNE STARS vs SYDNEY THUNDER, 3rd Match",Melbourne Stars won by 22 runs,https://www.cricbuzz.com/cricket-scores/31657/mls-vs-syt-3rd-match-big-bash-league-2020-21
3,,1:45 PM,"MELBOURNE RENEGADES vs PERTH SCORCHERS, 4th Match",Melbourne Renegades won by 7 wkts,https://www.cricbuzz.com/cricket-scores/31662/mlr-vs-prs-4th-match-big-bash-league-2020-21
4,"Dec 13, Sun",8:40 AM,"ADELAIDE STRIKERS vs HOBART HURRICANES, 5th Match",Hobart Hurricanes won by 11 runs,https://www.cricbuzz.com/cricket-scores/31667/ads-vs-hbh-5th-match-big-bash-league-2020-21
5,,1:45 PM,"SYDNEY SIXERS vs MELBOURNE RENEGADES, 6th Match",Sydney Sixers won by 145 runs,https://www.cricbuzz.com/cricket-scores/31668/sys-vs-mlr-6th-match-big-bash-league-2020-21
6,"Dec 14, Mon",1:45 PM,"SYDNEY THUNDER vs BRISBANE HEAT, 7th Match",Sydney Thunder won by 4 wkts,https://www.cricbuzz.com/cricket-scores/31673/syt-vs-brh-7th-match-big-bash-league-2020-21
7,"Dec 15, Tue",1:45 PM,"HOBART HURRICANES vs ADELAIDE STRIKERS, 8th Match",Adelaide Strikers won by 5 wkts,https://www.cricbuzz.com/cricket-scores/31678/hbh-vs-ads-8th-match-big-bash-league-2020-21
8,"Dec 16, Wed",1:45 PM,"PERTH SCORCHERS vs MELBOURNE STARS, 9th Match",No result,https://www.cricbuzz.com/cricket-scores/31683/prs-vs-mls-9th-match-big-bash-league-2020-21
9,"Dec 19, Sat",5:40 AM,"HOBART HURRICANES vs MELBOURNE RENEGADES, 10th Match",Hobart Hurricanes won by 6 wkts,https://www.cricbuzz.com/cricket-scores/31688/hbh-vs-mlr-10th-match-big-bash-league-2020-21
10,"Dec 20, Sun",1:45 PM,"SYDNEY SIXERS vs ADELAIDE STRIKERS, 11th Match",Sydney Sixers won by 38 runs,https://www.cricbuzz.com/cricket-scores/31692/sys-vs-ads-11th-match-big-bash-league-2020-21
11,"Dec 22, Tue",1:45 PM,"SYDNEY THUNDER vs PERTH SCORCHERS, 12th Match",Sydney Thunder won by 7 wkts,https://www.cricbuzz.com/cricket-scores/31697/syt-vs-prs-12th-match-big-bash-league-2020-21
12,"Dec 23, Wed",1:45 PM,"BRISBANE HEAT vs ADELAIDE STRIKERS, 13th Match",Adelaide Strikers won by 2 runs,https://www.cricbuzz.com/cricket-scores/31698/brh-vs-ads-13th-match-big-bash-league-2020-21
13,"Dec 26, Sat",12:40 PM,"SYDNEY THUNDER vs MELBOURNE RENEGADES, 14th Match",Sydney Thunder won by 129 runs,https://www.cricbuzz.com/cricket-scores/31702/syt-vs-mlr-14th-match-big-bash-league-2020-21
14,,3:50 PM,"SYDNEY SIXERS vs MELBOURNE STARS, 15th Match",Sydney Sixers won by 1 wkt,https://www.cricbuzz.com/cricket-scores/31707/sys-vs-mls-15th-match-big-bash-league-2020-21
15,"Dec 27, Sun",1:45 PM,"BRISBANE HEAT vs HOBART HURRICANES, 16th Match",Brisbane Heat won by 4 wkts,https://www.cricbuzz.com/cricket-scores/31712/brh-vs-hbh-16th-match-big-bash-league-2020-21
16,"Dec 28, Mon",1:45 PM,"PERTH SCORCHERS vs ADELAIDE STRIKERS, 17th Match",Adelaide Strikers won by 71 runs,https://www.cricbuzz.com/cricket-scores/31717/prs-vs-ads-17th-match-big-bash-league-2020-21
17,"Dec 29, Tue",12:40 PM,"MELBOURNE RENEGADES vs SYDNEY SIXERS, 18th Match",Sydney Sixers won by 2 wkts,https://www.cricbuzz.com/cricket-scores/31722/mlr-vs-sys-18th-match-big-bash-league-2020-21
18,,1:45 PM,"SYDNEY THUNDER vs MELBOURNE STARS, 19th Match",Sydney Thunder won by 75 runs,https://www.cricbuzz.com/cricket-scores/31723/syt-vs-mls-19th-match-big-bash-league-2020-21
19,"Dec 30, Wed",1:45 PM,"HOBART HURRICANES vs BRISBANE HEAT, 20th Match",Hobart Hurricanes won by 1 run,https://www.cricbuzz.com/cricket-scores/31727/hbh-vs-brh-20th-match-big-bash-league-2020-21
20,"Dec 31, Thu",1:45 PM,"ADELAIDE STRIKERS vs PERTH SCORCHERS, 21st Match",Perth Scorchers won by 7 wkts,https://www.cricbuzz.com/cricket-scores/31728/ads-vs-prs-21st-match-big-bash-league-2020-21
21,"Jan 01, Fri",1:45 PM,"MELBOURNE RENEGADES vs SYDNEY THUNDER, 22nd Match",Sydney Thunder won by 7 runs (DLS method),https://www.cricbuzz.com/cricket-scores/31733/mlr-vs-syt-22nd-match-big-bash-league-2020-21
22,"Jan 02, Sat",11:35 AM,"HOBART HURRICANES vs MELBOURNE STARS, 23rd Match",Hobart Hurricanes won by 21 runs,https://www.cricbuzz.com/cricket-scores/31738/hbh-vs-mls-23rd-match-big-bash-league-2020-21
23,,2:45 PM,"BRISBANE HEAT vs SYDNEY SIXERS, 24th Match",Brisbane Heat won by 4 wkts,https://www.cricbuzz.com/cricket-scores/31742/brh-vs-sys-24th-match-big-bash-league-2020-21
24,"Jan 03, Sun",10:35 AM,"PERTH SCORCHERS vs MELBOURNE RENEGADES, 25th Match",Perth Scorchers won by 96 runs,https://www.cricbuzz.com/cricket-scores/31747/prs-vs-mlr-25th-match-big-bash-league-2020-21
25,,1:45 PM,"ADELAIDE STRIKERS vs SYDNEY SIXERS, 26th Match",Sydney Sixers won by 7 wkts,https://www.cricbuzz.com/cricket-scores/31752/ads-vs-sys-26th-match-big-bash-league-2020-21
26,"Jan 04, Mon",10:35 AM,"MELBOURNE STARS vs HOBART HURRICANES, 27th Match",Melbourne Stars won by 10 runs,https://www.cricbuzz.com/cricket-scores/31753/mls-vs-hbh-27th-match-big-bash-league-2020-21
27,,1:45 PM,"BRISBANE HEAT vs SYDNEY THUNDER, 28th Match",Brisbane Heat won by 5 wkts,https://www.cricbuzz.com/cricket-scores/31758/brh-vs-syt-28th-match-big-bash-league-2020-21
28,"Jan 05, Tue",1:45 PM,"MELBOURNE RENEGADES vs ADELAIDE STRIKERS, 29th Match",Adelaide Strikers won by 60 runs,https://www.cricbuzz.com/cricket-scores/31763/mlr-vs-ads-29th-match-big-bash-league-2020-21
29,"Jan 06, Wed",1:45 PM,"PERTH SCORCHERS vs SYDNEY SIXERS, 30th Match",Perth Scorchers won by 86 runs,https://www.cricbuzz.com/cricket-scores/31768/prs-vs-sys-30th-match-big-bash-league-2020-21
30,"Jan 07, Thu",12:40 PM,"HOBART HURRICANES vs SYDNEY THUNDER, 31st Match",Sydney Thunder won by 39 runs,https://www.cricbuzz.com/cricket-scores/31772/hbh-vs-syt-31st-match-big-bash-league-2020-21
31,,3:50 PM,"BRISBANE HEAT vs MELBOURNE STARS, 32nd Match",Brisbane Heat won by 18 runs (DLS method),https://www.cricbuzz.com/cricket-scores/31777/brh-vs-mls-32nd-match-big-bash-league-2020-21
32,"Jan 08, Fri",12:40 PM,"ADELAIDE STRIKERS vs MELBOURNE RENEGADES, 33rd Match",Melbourne Renegades won by 6 wkts,https://www.cricbuzz.com/cricket-scores/31778/ads-vs-mlr-33rd-match-big-bash-league-2020-21
33,"Jan 09, Sat",1:45 PM,"PERTH SCORCHERS vs SYDNEY THUNDER, 34th Match",Perth Scorchers won by 17 runs,https://www.cricbuzz.com/cricket-scores/31782/prs-vs-syt-34th-match-big-bash-league-2020-21
34,"Jan 10, Sun",1:45 PM,"SYDNEY SIXERS vs BRISBANE HEAT, 35th Match",Sydney Sixers won by 3 wkts,https://www.cricbuzz.com/cricket-scores/31787/sys-vs-brh-35th-match-big-bash-league-2020-21
35,"Jan 11, Mon",1:45 PM,"ADELAIDE STRIKERS vs MELBOURNE STARS, 36th Match",Adelaide Strikers won by 5 wkts,https://www.cricbuzz.com/cricket-scores/31788/ads-vs-mls-36th-match-big-bash-league-2020-21
36,"Jan 12, Tue",1:45 PM,"PERTH SCORCHERS vs HOBART HURRICANES, 37th Match",Perth Scorchers won by 9 wkts,https://www.cricbuzz.com/cricket-scores/31793/prs-vs-hbh-37th-match-big-bash-league-2020-21
37,"Jan 13, Wed",1:45 PM,"SYDNEY THUNDER vs SYDNEY SIXERS, 38th Match",Sydney Sixers won by 5 wkts (DLS method),https://www.cricbuzz.com/cricket-scores/31797/syt-vs-sys-38th-match-big-bash-league-2020-21
38,"Jan 14, Thu",1:45 PM,"BRISBANE HEAT vs MELBOURNE RENEGADES, 39th Match",Brisbane Heat won by 5 wkts,https://www.cricbuzz.com/cricket-scores/31798/brh-vs-mlr-39th-match-big-bash-league-2020-21
39,"Jan 15, Fri",1:45 PM,"MELBOURNE STARS vs ADELAIDE STRIKERS, 40th Match",Melbourne Stars won by 111 runs,https://www.cricbuzz.com/cricket-scores/31803/mls-vs-ads-40th-match-big-bash-league-2020-21
40,"Jan 16, Sat",1:10 PM,"SYDNEY SIXERS vs PERTH SCORCHERS, 41st Match",Sydney Sixers won by 7 wkts,https://www.cricbuzz.com/cricket-scores/31807/sys-vs-prs-41st-match-big-bash-league-2020-21
41,"Jan 17, Sun",1:45 PM,"MELBOURNE STARS vs MELBOURNE RENEGADES, 42nd Match",Melbourne Stars won by 6 wkts,https://www.cricbuzz.com/cricket-scores/31812/mls-vs-mlr-42nd-match-big-bash-league-2020-21
42,"Jan 18, Mon",1:45 PM,"SYDNEY THUNDER vs HOBART HURRICANES, 43rd Match",Hobart Hurricanes won by 6 wkts,https://www.cricbuzz.com/cricket-scores/31817/syt-vs-hbh-43rd-match-big-bash-league-2020-21
43,"Jan 19, Tue",1:45 PM,"PERTH SCORCHERS vs BRISBANE HEAT, 44th Match",Perth Scorchers won by 59 runs,https://www.cricbuzz.com/cricket-scores/31818/prs-vs-brh-44th-match-big-bash-league-2020-21
44,"Jan 20, Wed",1:45 PM,"MELBOURNE RENEGADES vs MELBOURNE STARS, 45th Match",Melbourne Renegades won by 5 wkts,https://www.cricbuzz.com/cricket-scores/31822/mlr-vs-mls-45th-match-big-bash-league-2020-21
45,"Jan 21, Thu",1:45 PM,"ADELAIDE STRIKERS vs BRISBANE HEAT, 46th Match",Adelaide Strikers won by 82 runs,https://www.cricbuzz.com/cricket-scores/31823/ads-vs-brh-46th-match-big-bash-league-2020-21
46,"Jan 22, Fri",10:35 AM,"HOBART HURRICANES vs PERTH SCORCHERS, 47th Match",Perth Scorchers won by 22 runs,https://www.cricbuzz.com/cricket-scores/31827/hbh-vs-prs-47th-match-big-bash-league-2020-21
47,,1:45 PM,"SYDNEY SIXERS vs SYDNEY THUNDER, 48th Match",Sydney Thunder won by 46 runs,https://www.cricbuzz.com/cricket-scores/31828/sys-vs-syt-48th-match-big-bash-league-2020-21
48,"Jan 23, Sat",10:35 AM,"MELBOURNE RENEGADES vs BRISBANE HEAT, 49th Match",Brisbane Heat won by 26 runs,https://www.cricbuzz.com/cricket-scores/31833/mlr-vs-brh-49th-match-big-bash-league-2020-21
49,,1:45 PM,"MELBOURNE STARS vs PERTH SCORCHERS, 50th Match",Perth Scorchers won by 11 runs,https://www.cricbuzz.com/cricket-scores/31838/mls-vs-prs-50th-match-big-bash-league-2020-21
50,"Jan 24, Sun",10:35 AM,"SYDNEY THUNDER vs ADELAIDE STRIKERS, 51st Match",Adelaide Strikers won by 6 runs,https://www.cricbuzz.com/cricket-scores/31843/syt-vs-ads-51st-match-big-bash-league-2020-21
51,,1:45 PM,"SYDNEY SIXERS vs HOBART HURRICANES, 52nd Match",Hobart Hurricanes won by 7 runs,https://www.cricbuzz.com/cricket-scores/31848/sys-vs-hbh-52nd-match-big-bash-league-2020-21
52,"Jan 25, Mon",1:45 PM,"ADELAIDE STRIKERS vs SYDNEY THUNDER, 53rd Match",Sydney Thunder won by 9 wkts - Reduced to 14 overs per side due to rain,https://www.cricbuzz.com/cricket-scores/31852/ads-vs-syt-53rd-match-big-bash-league-2020-21
53,"Jan 26, Tue",7:00 AM,"BRISBANE HEAT vs PERTH SCORCHERS, 54th Match",Brisbane Heat won by 6 runs,https://www.cricbuzz.com/cricket-scores/31853/brh-vs-prs-54th-match-big-bash-league-2020-21
54,,10:20 AM,"MELBOURNE RENEGADES vs HOBART HURRICANES, 55th Match",Melbourne Renegades won by 11 runs,https://www.cricbuzz.com/cricket-scores/31858/mlr-vs-hbh-55th-match-big-bash-league-2020-21
55,,2:00 PM,"MELBOURNE STARS vs SYDNEY SIXERS, 56th Match",Sydney Sixers won by 5 wkts,https://www.cricbuzz.com/cricket-scores/31863/mls-vs-sys-56th-match-big-bash-league-2020-21
56,"Jan 29, Fri",1:45 PM,"BRISBANE HEAT vs ADELAIDE STRIKERS, Eliminator",Brisbane Heat won by 6 wkts,https://www.cricbuzz.com/cricket-scores/31868/brh-vs-ads-eliminator-big-bash-league-2020-21
57,"Jan 30, Sat",1:45 PM,"SYDNEY SIXERS vs PERTH SCORCHERS, Qualifier",Sydney Sixers won by 9 wkts,https://www.cricbuzz.com/cricket-scores/31872/sys-vs-prs-qualifier-big-bash-league-2020-21
58,"Jan 31, Sun",1:45 PM,"SYDNEY THUNDER vs BRISBANE HEAT, Knockout",Brisbane Heat won by 7 wkts,https://www.cricbuzz.com/cricket-scores/31877/syt-vs-brh-knockout-big-bash-league-2020-21
59,"Feb 04, Thu",2:10 PM,"PERTH SCORCHERS vs BRISBANE HEAT, Challenger",Perth Scorchers won by 49 runs (DLS Method),https://www.cricbuzz.com/cricket-scores/31878/prs-vs-brh-challenger-big-bash-league-2020-21
60,"Feb 06, Sat",2:10 PM,"SYDNEY SIXERS vs PERTH SCORCHERS, Final",Sydney Sixers won by 27 runs,https://www.cricbuzz.com/cricket-scores/31883/sys-vs-prs-final-big-bash-league-2020-21
61,,,,,
62,,,,,
63,,,,,
64,,,,,
65,,,,,
66,,,,,
67,,,,,
68,,,,,
69,,,,,
70,,,,,
71,,,,,
72,,,,,
73,,,,,
74,,,,,
75,,,,,
76,,,,,
77,,,,,
