,Date,Time,Teams,Winners,Links
0,"Dec 19, Tue",2:15 PM,"SYDNEY THUNDER vs SYDNEY SIXERS, 1st Match",Sydney Thunder won by 5 wkts,https://www.cricbuzz.com/cricket-scores/18492/syt-vs-sys-1st-match-big-bash-league-2017-18
1,"Dec 20, Wed",2:10 PM,"BRISBANE HEAT vs MELBOURNE STARS, 2nd Match",Brisbane Heat won by 15 runs,https://www.cricbuzz.com/cricket-scores/18493/brh-vs-mls-2nd-match-big-bash-league-2017-18
2,"Dec 21, Thu",2:10 PM,"HOBART HURRICANES vs MELBOURNE RENEGADES, 3rd Match",Melbourne Renegades won by 7 wkts,https://www.cricbuzz.com/cricket-scores/18494/hbh-vs-mlr-3rd-match-big-bash-league-2017-18
3,"Dec 22, Fri",2:10 PM,"ADELAIDE STRIKERS vs SYDNEY THUNDER, 4th Match",Adelaide Strikers won by 53 runs,https://www.cricbuzz.com/cricket-scores/18495/ads-vs-syt-4th-match-big-bash-league-2017-18
4,"Dec 23, Sat",10:40 AM,"SYDNEY SIXERS vs PERTH SCORCHERS, 5th Match",Perth Scorchers won by 6 wkts,https://www.cricbuzz.com/cricket-scores/18496/sys-vs-prs-5th-match-big-bash-league-2017-18
5,,1:55 PM,"MELBOURNE RENEGADES vs BRISBANE HEAT, 6th Match",Melbourne Renegades won by 7 wkts,https://www.cricbuzz.com/cricket-scores/18497/mlr-vs-brh-6th-match-big-bash-league-2017-18
6,"Dec 26, Tue",1:40 PM,"PERTH SCORCHERS vs MELBOURNE STARS, 7th Match",Perth Scorchers won by 13 runs,https://www.cricbuzz.com/cricket-scores/18498/prs-vs-mls-7th-match-big-bash-league-2017-18
7,"Dec 27, Wed",1:40 PM,"BRISBANE HEAT vs SYDNEY THUNDER, 8th Match",Brisbane Heat won by 6 wkts (DLS method- Match reduced to 17 overs due to rain),https://www.cricbuzz.com/cricket-scores/18499/brh-vs-syt-8th-match-big-bash-league-2017-18
8,"Dec 28, Thu",1:40 PM,"SYDNEY SIXERS vs ADELAIDE STRIKERS, 9th Match",Adelaide Strikers won by 6 runs,https://www.cricbuzz.com/cricket-scores/18500/sys-vs-ads-9th-match-big-bash-league-2017-18
9,"Dec 29, Fri",1:40 PM,"MELBOURNE RENEGADES vs PERTH SCORCHERS, 10th Match",Perth Scorchers won by 3 wkts,https://www.cricbuzz.com/cricket-scores/18501/mlr-vs-prs-10th-match-big-bash-league-2017-18
10,"Dec 30, Sat",1:40 PM,"HOBART HURRICANES vs SYDNEY THUNDER, 11th Match",Sydney Thunder won by 57 runs,https://www.cricbuzz.com/cricket-scores/18502/hbh-vs-syt-11th-match-big-bash-league-2017-18
11,"Dec 31, Sun",1:40 PM,"ADELAIDE STRIKERS vs BRISBANE HEAT, 12th Match",Adelaide Strikers won by 56 runs,https://www.cricbuzz.com/cricket-scores/18503/ads-vs-brh-12th-match-big-bash-league-2017-18
12,"Jan 01, Mon",12:40 PM,"SYDNEY THUNDER vs HOBART HURRICANES, 13th Match",Hobart Hurricanes won by 9 runs,https://www.cricbuzz.com/cricket-scores/18504/syt-vs-hbh-13th-match-big-bash-league-2017-18
13,,3:55 PM,"PERTH SCORCHERS vs SYDNEY SIXERS, 14th Match",Perth Scorchers won by 6 wkts,https://www.cricbuzz.com/cricket-scores/18505/prs-vs-sys-14th-match-big-bash-league-2017-18
14,"Jan 02, Tue",1:40 PM,"MELBOURNE STARS vs BRISBANE HEAT, 15th Match",Brisbane Heat won by 9 wkts,https://www.cricbuzz.com/cricket-scores/18506/mls-vs-brh-15th-match-big-bash-league-2017-18
15,"Jan 03, Wed",1:40 PM,"MELBOURNE RENEGADES vs SYDNEY SIXERS, 16th Match",Melbourne Renegades won by 8 wkts,https://www.cricbuzz.com/cricket-scores/18507/mlr-vs-sys-16th-match-big-bash-league-2017-18
16,"Jan 04, Thu",1:40 PM,"HOBART HURRICANES vs ADELAIDE STRIKERS, 17th Match",Hobart Hurricanes won by 7 runs,https://www.cricbuzz.com/cricket-scores/18508/hbh-vs-ads-17th-match-big-bash-league-2017-18
17,"Jan 05, Fri",1:40 PM,"BRISBANE HEAT vs PERTH SCORCHERS, 18th Match",Brisbane Heat won by 49 runs,https://www.cricbuzz.com/cricket-scores/18509/brh-vs-prs-18th-match-big-bash-league-2017-18
18,"Jan 06, Sat",1:40 PM,"MELBOURNE STARS vs MELBOURNE RENEGADES, 19th Match",Melbourne Renegades won by 6 wkts,https://www.cricbuzz.com/cricket-scores/18510/mls-vs-mlr-19th-match-big-bash-league-2017-18
19,"Jan 07, Sun",1:40 PM,"SYDNEY THUNDER vs ADELAIDE STRIKERS, 20th Match",Adelaide Strikers won by 25 runs,https://www.cricbuzz.com/cricket-scores/18511/syt-vs-ads-20th-match-big-bash-league-2017-18
20,"Jan 08, Mon",12:40 PM,"HOBART HURRICANES vs SYDNEY SIXERS, 21st Match",Hobart Hurricanes won by 5 runs,https://www.cricbuzz.com/cricket-scores/18512/hbh-vs-sys-21st-match-big-bash-league-2017-18
21,,3:50 PM,"PERTH SCORCHERS vs MELBOURNE RENEGADES, 22nd Match",Perth Scorchers won by 5 wkts,https://www.cricbuzz.com/cricket-scores/18513/prs-vs-mlr-22nd-match-big-bash-league-2017-18
22,"Jan 09, Tue",2:10 PM,"ADELAIDE STRIKERS vs MELBOURNE STARS, 23rd Match",Adelaide Strikers won by 8 wkts,https://www.cricbuzz.com/cricket-scores/18514/ads-vs-mls-23rd-match-big-bash-league-2017-18
23,"Jan 10, Wed",2:10 PM,"BRISBANE HEAT vs HOBART HURRICANES, 24th Match",Hobart Hurricanes won by 3 runs,https://www.cricbuzz.com/cricket-scores/18515/brh-vs-hbh-24th-match-big-bash-league-2017-18
24,"Jan 11, Thu",2:10 PM,"SYDNEY THUNDER vs PERTH SCORCHERS, 25th Match",Sydney Thunder won by 3 runs,https://www.cricbuzz.com/cricket-scores/18516/syt-vs-prs-25th-match-big-bash-league-2017-18
25,"Jan 12, Fri",2:10 PM,"MELBOURNE RENEGADES vs MELBOURNE STARS, 26th Match",Melbourne Stars won by 23 runs,https://www.cricbuzz.com/cricket-scores/18517/mlr-vs-mls-26th-match-big-bash-league-2017-18
26,"Jan 13, Sat",10:40 AM,"ADELAIDE STRIKERS vs PERTH SCORCHERS, 27th Match",Perth Scorchers won by 6 wkts,https://www.cricbuzz.com/cricket-scores/18518/ads-vs-prs-27th-match-big-bash-league-2017-18
27,,1:50 PM,"SYDNEY SIXERS vs SYDNEY THUNDER, 28th Match",Sydney Sixers won by 8 wkts,https://www.cricbuzz.com/cricket-scores/18519/sys-vs-syt-28th-match-big-bash-league-2017-18
28,"Jan 15, Mon",2:10 PM,"HOBART HURRICANES vs BRISBANE HEAT, 29th Match",Hobart Hurricanes won by 6 wkts,https://www.cricbuzz.com/cricket-scores/18520/hbh-vs-brh-29th-match-big-bash-league-2017-18
29,"Jan 16, Tue",2:10 PM,"MELBOURNE STARS vs SYDNEY SIXERS, 30th Match",Sydney Sixers won by 8 wkts,https://www.cricbuzz.com/cricket-scores/18521/mls-vs-sys-30th-match-big-bash-league-2017-18
30,"Jan 17, Wed",2:10 PM,"ADELAIDE STRIKERS vs HOBART HURRICANES, 31st Match",Adelaide Strikers won by 11 runs,https://www.cricbuzz.com/cricket-scores/18522/ads-vs-hbh-31st-match-big-bash-league-2017-18
31,"Jan 18, Thu",2:10 PM,"SYDNEY SIXERS vs BRISBANE HEAT, 32nd Match",Sydney Sixers won by 9 wkts,https://www.cricbuzz.com/cricket-scores/18523/sys-vs-brh-32nd-match-big-bash-league-2017-18
32,"Jan 20, Sat",12:40 PM,"MELBOURNE STARS vs SYDNEY THUNDER, 33rd Match",Sydney Thunder won by 7 wkts,https://www.cricbuzz.com/cricket-scores/18524/mls-vs-syt-33rd-match-big-bash-league-2017-18
33,,3:50 PM,"PERTH SCORCHERS vs HOBART HURRICANES, 34th Match",Perth Scorchers won by 5 wkts,https://www.cricbuzz.com/cricket-scores/18525/prs-vs-hbh-34th-match-big-bash-league-2017-18
34,"Jan 22, Mon",2:10 PM,"MELBOURNE RENEGADES vs ADELAIDE STRIKERS, 35th Match",Adelaide Strikers won by 26 runs,https://www.cricbuzz.com/cricket-scores/18526/mlr-vs-ads-35th-match-big-bash-league-2017-18
35,"Jan 23, Tue",2:10 PM,"SYDNEY SIXERS vs MELBOURNE STARS, 36th Match",Sydney Sixers won by 5 wkts,https://www.cricbuzz.com/cricket-scores/18527/sys-vs-mls-36th-match-big-bash-league-2017-18
36,"Jan 24, Wed",2:10 PM,"SYDNEY THUNDER vs MELBOURNE RENEGADES, 37th Match",Melbourne Renegades won by 9 runs,https://www.cricbuzz.com/cricket-scores/18528/syt-vs-mlr-37th-match-big-bash-league-2017-18
37,"Jan 25, Thu",2:10 PM,"PERTH SCORCHERS vs ADELAIDE STRIKERS, 38th Match",Perth Scorchers won by 4 wkts,https://www.cricbuzz.com/cricket-scores/18529/prs-vs-ads-38th-match-big-bash-league-2017-18
38,"Jan 27, Sat",10:40 AM,"MELBOURNE STARS vs HOBART HURRICANES, 39th Match",Melbourne Stars won by 3 wkts,https://www.cricbuzz.com/cricket-scores/18530/mls-vs-hbh-39th-match-big-bash-league-2017-18
39,,1:50 PM,"BRISBANE HEAT vs MELBOURNE RENEGADES, 40th Match",Melbourne Renegades won by 26 runs,https://www.cricbuzz.com/cricket-scores/18531/brh-vs-mlr-40th-match-big-bash-league-2017-18
40,"Feb 01, Thu",2:10 PM,"PERTH SCORCHERS vs HOBART HURRICANES, 1st Semi-Final",Hobart Hurricanes won by 71 runs,https://www.cricbuzz.com/cricket-scores/18532/prs-vs-hbh-1st-semi-final-big-bash-league-2017-18
41,"Feb 02, Fri",2:10 PM,"ADELAIDE STRIKERS vs MELBOURNE RENEGADES, 2nd Semi-Final",Adelaide Strikers won by 1 run,https://www.cricbuzz.com/cricket-scores/18533/ads-vs-mlr-2nd-semi-final-big-bash-league-2017-18
42,"Feb 04, Sun",11:00 AM,"ADELAIDE STRIKERS vs HOBART HURRICANES, Final",Adelaide Strikers won by 25 runs,https://www.cricbuzz.com/cricket-scores/18534/ads-vs-hbh-final-big-bash-league-2017-18
