,Date,Time,Teams,Winners,Links
0,"Dec 17, Tue",1:40 PM,"BRISBANE HEAT vs SYDNEY THUNDER, 1st Match",Sydney Thunder won by 29 runs,https://www.cricbuzz.com/cricket-scores/23047/brh-vs-syt-1st-match-big-bash-league-2019-20
1,"Dec 18, Wed",1:40 PM,"SYDNEY SIXERS vs PERTH SCORCHERS, 2nd Match",Sydney Sixers won by 8 wkts,https://www.cricbuzz.com/cricket-scores/23048/sys-vs-prs-2nd-match-big-bash-league-2019-20
2,"Dec 19, Thu",1:40 PM,"MELBOURNE RENEGADES vs SYDNEY THUNDER, 3rd Match",Sydney Thunder won by 6 wkts,https://www.cricbuzz.com/cricket-scores/23049/mlr-vs-syt-3rd-match-big-bash-league-2019-20
3,"Dec 20, Fri",9:15 AM,"HOBART HURRICANES vs SYDNEY SIXERS, 4th Match",Hobart Hurricanes won by 25 runs,https://www.cricbuzz.com/cricket-scores/23050/hbh-vs-sys-4th-match-big-bash-league-2019-20
4,,1:40 PM,"BRISBANE HEAT vs MELBOURNE STARS, 5th Match",Melbourne Stars won by 22 runs,https://www.cricbuzz.com/cricket-scores/23051/brh-vs-mls-5th-match-big-bash-league-2019-20
5,"Dec 21, Sat",12:40 PM,"SYDNEY THUNDER vs ADELAIDE STRIKERS, 6th Match",No result,https://www.cricbuzz.com/cricket-scores/23052/syt-vs-ads-6th-match-big-bash-league-2019-20
6,,3:40 PM,"PERTH SCORCHERS vs MELBOURNE RENEGADES, 7th Match",Perth Scorchers won by 11 runs,https://www.cricbuzz.com/cricket-scores/23053/prs-vs-mlr-7th-match-big-bash-league-2019-20
7,"Dec 22, Sun",9:15 AM,"MELBOURNE STARS vs HOBART HURRICANES, 8th Match",Melbourne Stars won by 52 runs,https://www.cricbuzz.com/cricket-scores/23054/mls-vs-hbh-8th-match-big-bash-league-2019-20
8,,1:40 PM,"SYDNEY SIXERS vs BRISBANE HEAT, 9th Match",Brisbane Heat won by 48 runs,https://www.cricbuzz.com/cricket-scores/23055/sys-vs-brh-9th-match-big-bash-league-2019-20
9,"Dec 23, Mon",1:40 PM,"ADELAIDE STRIKERS vs PERTH SCORCHERS, 10th Match",Adelaide Strikers won by 15 runs (DLS method-Match reduced to 8 ovs due to rain),https://www.cricbuzz.com/cricket-scores/23056/ads-vs-prs-10th-match-big-bash-league-2019-20
10,"Dec 24, Tue",9:15 AM,"HOBART HURRICANES vs MELBOURNE RENEGADES, 11th Match",Hobart Hurricanes won by 7 wkts,https://www.cricbuzz.com/cricket-scores/23057/hbh-vs-mlr-11th-match-big-bash-league-2019-20
11,"Dec 26, Thu",1:40 PM,"PERTH SCORCHERS vs SYDNEY SIXERS, 12th Match",Sydney Sixers won by 48 runs,https://www.cricbuzz.com/cricket-scores/23058/prs-vs-sys-12th-match-big-bash-league-2019-20
12,"Dec 27, Fri",1:40 PM,"MELBOURNE STARS vs ADELAIDE STRIKERS, 13th Match",Adelaide Strikers won by 4 runs,https://www.cricbuzz.com/cricket-scores/23059/mls-vs-ads-13th-match-big-bash-league-2019-20
13,"Dec 28, Sat",1:40 PM,"SYDNEY SIXERS vs SYDNEY THUNDER, 14th Match",Match tied (Sydney Sixers Won in Super Over),https://www.cricbuzz.com/cricket-scores/23060/sys-vs-syt-14th-match-big-bash-league-2019-20
14,"Dec 29, Sun",1:40 PM,"MELBOURNE RENEGADES vs ADELAIDE STRIKERS, 15th Match",Adelaide Strikers won by 18 runs,https://www.cricbuzz.com/cricket-scores/23061/mlr-vs-ads-15th-match-big-bash-league-2019-20
15,"Dec 30, Mon",1:40 PM,"HOBART HURRICANES vs MELBOURNE STARS, 16th Match",Melbourne Stars won by 4 runs (DLS Method),https://www.cricbuzz.com/cricket-scores/23062/hbh-vs-mls-16th-match-big-bash-league-2019-20
16,"Dec 31, Tue",1:40 PM,"ADELAIDE STRIKERS vs SYDNEY THUNDER, 17th Match",Sydney Thunder won by 3 runs,https://www.cricbuzz.com/cricket-scores/23063/ads-vs-syt-17th-match-big-bash-league-2019-20
17,"Jan 01, Wed",1:40 PM,"BRISBANE HEAT vs PERTH SCORCHERS, 18th Match",Perth Scorchers won by 40 runs,https://www.cricbuzz.com/cricket-scores/23064/brh-vs-prs-18th-match-big-bash-league-2019-20
18,"Jan 02, Thu",10:10 AM,"SYDNEY THUNDER vs MELBOURNE STARS, 19th Match",Melbourne Stars won by 3 wkts,https://www.cricbuzz.com/cricket-scores/23065/syt-vs-mls-19th-match-big-bash-league-2019-20
19,,1:40 PM,"MELBOURNE RENEGADES vs SYDNEY SIXERS, 20th Match",Sydney Sixers won by 6 wkts,https://www.cricbuzz.com/cricket-scores/23066/mlr-vs-sys-20th-match-big-bash-league-2019-20
20,"Jan 03, Fri",1:40 PM,"HOBART HURRICANES vs BRISBANE HEAT, 21st Match",Brisbane Heat won by 31 runs,https://www.cricbuzz.com/cricket-scores/23067/hbh-vs-brh-21st-match-big-bash-league-2019-20
21,"Jan 04, Sat",1:40 PM,"MELBOURNE STARS vs MELBOURNE RENEGADES, 22nd Match",Melbourne Stars won by 8 wkts,https://www.cricbuzz.com/cricket-scores/23068/mls-vs-mlr-22nd-match-big-bash-league-2019-20
22,"Jan 05, Sun",1:10 PM,"SYDNEY SIXERS vs ADELAIDE STRIKERS, 23rd Match",Sydney Sixers won by 7 wkts,https://www.cricbuzz.com/cricket-scores/23069/sys-vs-ads-23rd-match-big-bash-league-2019-20
23,,4:10 PM,"PERTH SCORCHERS vs HOBART HURRICANES, 24th Match",Hobart Hurricanes won by 8 runs,https://www.cricbuzz.com/cricket-scores/23070/prs-vs-hbh-24th-match-big-bash-league-2019-20
24,"Jan 06, Mon",1:40 PM,"SYDNEY THUNDER vs BRISBANE HEAT, 25th Match",Brisbane Heat won by 16 runs (DLS method),https://www.cricbuzz.com/cricket-scores/23071/syt-vs-brh-25th-match-big-bash-league-2019-20
25,"Jan 07, Tue",1:40 PM,"MELBOURNE RENEGADES vs PERTH SCORCHERS, 26th Match",Perth Scorchers won by 6 wkts,https://www.cricbuzz.com/cricket-scores/23072/mlr-vs-prs-26th-match-big-bash-league-2019-20
26,"Jan 08, Wed",10:10 AM,"ADELAIDE STRIKERS vs SYDNEY SIXERS, 27th Match",Sydney Sixers won by 2 wkts,https://www.cricbuzz.com/cricket-scores/23073/ads-vs-sys-27th-match-big-bash-league-2019-20
27,,1:40 PM,"MELBOURNE STARS vs SYDNEY THUNDER, 28th Match",Melbourne Stars won by 6 wkts,https://www.cricbuzz.com/cricket-scores/23074/mls-vs-syt-28th-match-big-bash-league-2019-20
28,"Jan 09, Thu",1:40 PM,"BRISBANE HEAT vs HOBART HURRICANES, 29th Match",Brisbane Heat won by 5 wkts,https://www.cricbuzz.com/cricket-scores/23075/brh-vs-hbh-29th-match-big-bash-league-2019-20
29,"Jan 10, Fri",1:40 PM,"MELBOURNE RENEGADES vs MELBOURNE STARS, 30th Match",Melbourne Stars won by 7 wkts,https://www.cricbuzz.com/cricket-scores/23076/mlr-vs-mls-30th-match-big-bash-league-2019-20
30,"Jan 11, Sat",12:40 PM,"SYDNEY THUNDER vs HOBART HURRICANES, 31st Match",Sydney Thunder won by 4 wkts,https://www.cricbuzz.com/cricket-scores/23077/syt-vs-hbh-31st-match-big-bash-league-2019-20
31,,3:40 PM,"PERTH SCORCHERS vs BRISBANE HEAT, 32nd Match",Perth Scorchers won by 34 runs,https://www.cricbuzz.com/cricket-scores/23078/prs-vs-brh-32nd-match-big-bash-league-2019-20
32,"Jan 12, Sun",10:10 AM,"ADELAIDE STRIKERS vs MELBOURNE RENEGADES, 33rd Match",Adelaide Strikers won by 63 runs,https://www.cricbuzz.com/cricket-scores/23079/ads-vs-mlr-33rd-match-big-bash-league-2019-20
33,,1:40 PM,"MELBOURNE STARS vs SYDNEY SIXERS, 34th Match",Melbourne Stars won by 44 runs,https://www.cricbuzz.com/cricket-scores/23080/mls-vs-sys-34th-match-big-bash-league-2019-20
34,"Jan 13, Mon",1:40 PM,"HOBART HURRICANES vs PERTH SCORCHERS, 35th Match",Perth Scorchers won by 77 runs,https://www.cricbuzz.com/cricket-scores/23081/hbh-vs-prs-35th-match-big-bash-league-2019-20
35,"Jan 14, Tue",10:10 AM,"BRISBANE HEAT vs ADELAIDE STRIKERS, 36th Match",Brisbane Heat won by 7 wkts,https://www.cricbuzz.com/cricket-scores/23082/brh-vs-ads-36th-match-big-bash-league-2019-20
36,"Jan 15, Wed",12:40 PM,"SYDNEY THUNDER vs MELBOURNE RENEGADES, 37th Match",Melbourne Renegades won by 12 runs (DLS method),https://www.cricbuzz.com/cricket-scores/23083/syt-vs-mlr-37th-match-big-bash-league-2019-20
37,,3:40 PM,"PERTH SCORCHERS vs MELBOURNE STARS, 38th Match",Melbourne Stars won by 8 wkts,https://www.cricbuzz.com/cricket-scores/23084/prs-vs-mls-38th-match-big-bash-league-2019-20
38,"Jan 16, Thu",1:40 PM,"SYDNEY SIXERS vs HOBART HURRICANES, 39th Match",No result,https://www.cricbuzz.com/cricket-scores/23085/sys-vs-hbh-39th-match-big-bash-league-2019-20
39,"Jan 17, Fri",10:10 AM,"ADELAIDE STRIKERS vs BRISBANE HEAT, 40th Match",Adelaide Strikers won by 10 wkts,https://www.cricbuzz.com/cricket-scores/23086/ads-vs-brh-40th-match-big-bash-league-2019-20
40,"Jan 18, Sat",10:10 AM,"MELBOURNE STARS vs PERTH SCORCHERS, 41st Match",Melbourne Stars won by 10 runs,https://www.cricbuzz.com/cricket-scores/23087/mls-vs-prs-41st-match-big-bash-league-2019-20
41,,1:40 PM,"SYDNEY THUNDER vs SYDNEY SIXERS, 42nd Match",Sydney Thunder won by 4 runs (DLS method),https://www.cricbuzz.com/cricket-scores/23088/syt-vs-sys-42nd-match-big-bash-league-2019-20
42,"Jan 19, Sun",9:15 AM,"HOBART HURRICANES vs ADELAIDE STRIKERS, 43rd Match",Adelaide Strikers won by 10 runs,https://www.cricbuzz.com/cricket-scores/23089/hbh-vs-ads-43rd-match-big-bash-league-2019-20
43,,1:40 PM,"BRISBANE HEAT vs MELBOURNE RENEGADES, 44th Match",Melbourne Renegades won by 44 runs,https://www.cricbuzz.com/cricket-scores/23090/brh-vs-mlr-44th-match-big-bash-league-2019-20
44,"Jan 20, Mon",1:10 PM,"SYDNEY SIXERS vs MELBOURNE STARS, 45th Match",Sydney Sixers won by 21 runs,https://www.cricbuzz.com/cricket-scores/23091/sys-vs-mls-45th-match-big-bash-league-2019-20
45,,4:10 PM,"PERTH SCORCHERS vs SYDNEY THUNDER, 46th Match",Perth Scorchers won by 8 wkts,https://www.cricbuzz.com/cricket-scores/23092/prs-vs-syt-46th-match-big-bash-league-2019-20
46,"Jan 21, Tue",1:40 PM,"MELBOURNE RENEGADES vs HOBART HURRICANES, 47th Match",Hobart Hurricanes won by 4 runs,https://www.cricbuzz.com/cricket-scores/23093/mlr-vs-hbh-47th-match-big-bash-league-2019-20
47,"Jan 22, Wed",1:40 PM,"ADELAIDE STRIKERS vs MELBOURNE STARS, 48th Match",Adelaide Strikers won by 11 runs,https://www.cricbuzz.com/cricket-scores/23094/ads-vs-mls-48th-match-big-bash-league-2019-20
48,"Jan 23, Thu",1:40 PM,"BRISBANE HEAT vs SYDNEY SIXERS, 49th Match",Sydney Sixers won by 8 wkts,https://www.cricbuzz.com/cricket-scores/23095/brh-vs-sys-49th-match-big-bash-league-2019-20
49,"Jan 24, Fri",12:40 PM,"HOBART HURRICANES vs SYDNEY THUNDER, 50th Match",Hobart Hurricanes won by 57 runs,https://www.cricbuzz.com/cricket-scores/23096/hbh-vs-syt-50th-match-big-bash-league-2019-20
50,,3:40 PM,"PERTH SCORCHERS vs ADELAIDE STRIKERS, 51st Match",Adelaide Strikers won by 16 runs,https://www.cricbuzz.com/cricket-scores/23097/prs-vs-ads-51st-match-big-bash-league-2019-20
51,"Jan 25, Sat",10:10 AM,"SYDNEY SIXERS vs MELBOURNE RENEGADES, 52nd Match",Sydney Sixers won by 7 wkts,https://www.cricbuzz.com/cricket-scores/23098/sys-vs-mlr-52nd-match-big-bash-league-2019-20
52,,1:40 PM,"MELBOURNE STARS vs BRISBANE HEAT, 53rd Match",Brisbane Heat won by 71 runs,https://www.cricbuzz.com/cricket-scores/23099/mls-vs-brh-53rd-match-big-bash-league-2019-20
53,"Jan 26, Sun",9:15 AM,"SYDNEY THUNDER vs PERTH SCORCHERS, 54th Match",Sydney Thunder won by 7 wkts (Reduced 12 overs due to rain - DLS target 96runs),https://www.cricbuzz.com/cricket-scores/23100/syt-vs-prs-54th-match-big-bash-league-2019-20
54,,1:40 PM,"ADELAIDE STRIKERS vs HOBART HURRICANES, 55th Match",Hobart Hurricanes won by 10 runs,https://www.cricbuzz.com/cricket-scores/23101/ads-vs-hbh-55th-match-big-bash-league-2019-20
55,"Jan 27, Mon",9:15 AM,"MELBOURNE RENEGADES vs BRISBANE HEAT, 56th Match",Melbourne Renegades won by 7 wkts,https://www.cricbuzz.com/cricket-scores/23102/mlr-vs-brh-56th-match-big-bash-league-2019-20
56,"Jan 30, Thu",2:10 PM,"HOBART HURRICANES vs SYDNEY THUNDER, Eliminator",Sydney Thunder won by 57 runs,https://www.cricbuzz.com/cricket-scores/23103/hbh-vs-syt-eliminator-big-bash-league-2019-20
57,"Jan 31, Fri",1:45 PM,"MELBOURNE STARS vs SYDNEY SIXERS, Qualifier",Sydney Sixers won by 43 runs,https://www.cricbuzz.com/cricket-scores/23104/mls-vs-sys-qualifier-big-bash-league-2019-20
58,"Feb 01, Sat",2:10 PM,"ADELAIDE STRIKERS vs SYDNEY THUNDER, Knockout",Sydney Thunder won by 8 runs,https://www.cricbuzz.com/cricket-scores/23105/ads-vs-syt-knockout-big-bash-league-2019-20
59,"Feb 06, Thu",2:10 PM,"MELBOURNE STARS vs SYDNEY THUNDER, Challenger",Melbourne Stars won by 28 runs,https://www.cricbuzz.com/cricket-scores/23106/mls-vs-syt-challenger-big-bash-league-2019-20
60,"Feb 08, Sat",1:45 PM,"SYDNEY SIXERS vs MELBOURNE STARS, Final",Sydney Sixers won by 19 runs,https://www.cricbuzz.com/cricket-scores/23107/sys-vs-mls-final-big-bash-league-2019-20
