,Date,Time,Stadium,City,Match Details,Team Bowling,Total Runs Conceeded,Total Wickets Taken,Bowler Name,Overs,Maidens,Runs,Wickets,No Balls,Wides,Economies
0,"Dec 18, ",07:10 PM,"Adelaide Oval, ",Adelaide,"Adelaide Strikers vs Melbourne Stars, 1st Match - Live Cricket Score, Commentary",Adelaide Strikers Innings,148,7,Kane Richardson,3,0,20,2,0,1,6.67
1,"Dec 18, ",07:10 PM,"Adelaide Oval, ",Adelaide,"Adelaide Strikers vs Melbourne Stars, 1st Match - Live Cricket Score, Commentary",Adelaide Strikers Innings,148,7,Kieron Pollard,2,0,23,0,0,0,11.50
2,"Dec 18, ",07:10 PM,"Adelaide Oval, ",Adelaide,"Adelaide Strikers vs Melbourne Stars, 1st Match - Live Cricket Score, Commentary",Adelaide Strikers Innings,148,7,Craig Simmons,2,0,14,0,0,1,7.00
3,"Dec 18, ",07:10 PM,"Adelaide Oval, ",Adelaide,"Adelaide Strikers vs Melbourne Stars, 1st Match - Live Cricket Score, Commentary",Adelaide Strikers Innings,148,7,Ben Laughlin,4,0,34,2,0,1,8.50
4,"Dec 18, ",07:10 PM,"Adelaide Oval, ",Adelaide,"Adelaide Strikers vs Melbourne Stars, 1st Match - Live Cricket Score, Commentary",Adelaide Strikers Innings,148,7,Shaun Tait,3,0,24,0,0,1,8.00
5,"Dec 18, ",07:10 PM,"Adelaide Oval, ",Adelaide,"Adelaide Strikers vs Melbourne Stars, 1st Match - Live Cricket Score, Commentary",Adelaide Strikers Innings,148,7,Johan Botha,2,0,11,1,0,0,5.50
6,"Dec 18, ",07:10 PM,"Adelaide Oval, ",Adelaide,"Adelaide Strikers vs Melbourne Stars, 1st Match - Live Cricket Score, Commentary",Adelaide Strikers Innings,148,7,Adam Zampa,4,0,21,1,0,0,5.25
7,"Dec 18, ",07:10 PM,"Adelaide Oval, ",Adelaide,"Adelaide Strikers vs Melbourne Stars, 1st Match - Live Cricket Score, Commentary",Melbourne Stars Innings,149,2,Michael Beer,3,0,24,0,0,0,8.00
8,"Dec 18, ",07:10 PM,"Adelaide Oval, ",Adelaide,"Adelaide Strikers vs Melbourne Stars, 1st Match - Live Cricket Score, Commentary",Melbourne Stars Innings,149,2,Jackson Bird,2,0,25,0,0,0,12.50
9,"Dec 18, ",07:10 PM,"Adelaide Oval, ",Adelaide,"Adelaide Strikers vs Melbourne Stars, 1st Match - Live Cricket Score, Commentary",Melbourne Stars Innings,149,2,Clive Rose,2,0,36,0,0,0,18.00
10,"Dec 18, ",07:10 PM,"Adelaide Oval, ",Adelaide,"Adelaide Strikers vs Melbourne Stars, 1st Match - Live Cricket Score, Commentary",Melbourne Stars Innings,149,2,James Faulkner,2,0,21,0,0,0,10.50
11,"Dec 18, ",07:10 PM,"Adelaide Oval, ",Adelaide,"Adelaide Strikers vs Melbourne Stars, 1st Match - Live Cricket Score, Commentary",Melbourne Stars Innings,149,2,John Hastings,2.3,0,31,2,0,1,13.48
12,"Dec 18, ",07:10 PM,"Adelaide Oval, ",Adelaide,"Adelaide Strikers vs Melbourne Stars, 1st Match - Live Cricket Score, Commentary",Melbourne Stars Innings,149,2,Glenn Maxwell,1,0,9,0,0,0,9.00
13,"Dec 19, ",07:40 PM,"Sydney Cricket Ground, ",Sydney,"Sydney Sixers vs Melbourne Renegades, 2nd Match - Live Cricket Score, Commentary",Sydney Sixers Innings,154,7,Brett Lee,4,0,21,2,0,2,5.25
14,"Dec 19, ",07:40 PM,"Sydney Cricket Ground, ",Sydney,"Sydney Sixers vs Melbourne Renegades, 2nd Match - Live Cricket Score, Commentary",Sydney Sixers Innings,154,7,Doug Bollinger,4,0,45,1,0,1,11.25
15,"Dec 19, ",07:40 PM,"Sydney Cricket Ground, ",Sydney,"Sydney Sixers vs Melbourne Renegades, 2nd Match - Live Cricket Score, Commentary",Sydney Sixers Innings,154,7,Ben Dwarshuis,4,0,38,2,0,2,9.50
16,"Dec 19, ",07:40 PM,"Sydney Cricket Ground, ",Sydney,"Sydney Sixers vs Melbourne Renegades, 2nd Match - Live Cricket Score, Commentary",Sydney Sixers Innings,154,7,Sean Abbott,4,0,20,2,0,0,5.00
17,"Dec 19, ",07:40 PM,"Sydney Cricket Ground, ",Sydney,"Sydney Sixers vs Melbourne Renegades, 2nd Match - Live Cricket Score, Commentary",Sydney Sixers Innings,154,7,Luke Doran,2,0,18,0,0,0,9.00
18,"Dec 19, ",07:40 PM,"Sydney Cricket Ground, ",Sydney,"Sydney Sixers vs Melbourne Renegades, 2nd Match - Live Cricket Score, Commentary",Sydney Sixers Innings,154,7,Moises Henriques,2,0,11,0,0,1,5.50
19,"Dec 19, ",07:40 PM,"Sydney Cricket Ground, ",Sydney,"Sydney Sixers vs Melbourne Renegades, 2nd Match - Live Cricket Score, Commentary",Melbourne Renegades Innings,158,2,Peter Siddle,3,0,29,0,0,1,9.67
20,"Dec 19, ",07:40 PM,"Sydney Cricket Ground, ",Sydney,"Sydney Sixers vs Melbourne Renegades, 2nd Match - Live Cricket Score, Commentary",Melbourne Renegades Innings,158,2,Andrew Fekete,3,0,22,0,0,1,7.33
21,"Dec 19, ",07:40 PM,"Sydney Cricket Ground, ",Sydney,"Sydney Sixers vs Melbourne Renegades, 2nd Match - Live Cricket Score, Commentary",Melbourne Renegades Innings,158,2,Andre Russell,2.5,0,25,1,0,0,10.00
22,"Dec 19, ",07:40 PM,"Sydney Cricket Ground, ",Sydney,"Sydney Sixers vs Melbourne Renegades, 2nd Match - Live Cricket Score, Commentary",Melbourne Renegades Innings,158,2,Nathan Rimmington,3,0,22,1,0,0,7.33
23,"Dec 19, ",07:40 PM,"Sydney Cricket Ground, ",Sydney,"Sydney Sixers vs Melbourne Renegades, 2nd Match - Live Cricket Score, Commentary",Melbourne Renegades Innings,158,2,Dwayne Bravo,3,0,18,0,0,0,6.00
24,"Dec 19, ",07:40 PM,"Sydney Cricket Ground, ",Sydney,"Sydney Sixers vs Melbourne Renegades, 2nd Match - Live Cricket Score, Commentary",Melbourne Renegades Innings,158,2,Fawad Ahmed,4,0,38,0,0,0,9.50
25,"Dec 20, ",07:10 PM,"Melbourne Cricket Ground, ",Melbourne,"Melbourne Stars vs Hobart Hurricanes, 3rd Match - Live Cricket Score, Commentary",Melbourne Stars Innings,190,5,Jackson Bird,4,0,31,1,1,0,7.75
26,"Dec 20, ",07:10 PM,"Melbourne Cricket Ground, ",Melbourne,"Melbourne Stars vs Hobart Hurricanes, 3rd Match - Live Cricket Score, Commentary",Melbourne Stars Innings,190,5,Daniel Worrall,4,0,60,0,0,2,15.00
27,"Dec 20, ",07:10 PM,"Melbourne Cricket Ground, ",Melbourne,"Melbourne Stars vs Hobart Hurricanes, 3rd Match - Live Cricket Score, Commentary",Melbourne Stars Innings,190,5,John Hastings,4,0,24,3,1,0,6.00
28,"Dec 20, ",07:10 PM,"Melbourne Cricket Ground, ",Melbourne,"Melbourne Stars vs Hobart Hurricanes, 3rd Match - Live Cricket Score, Commentary",Melbourne Stars Innings,190,5,Michael Beer,2,0,13,0,0,0,6.50
29,"Dec 20, ",07:10 PM,"Melbourne Cricket Ground, ",Melbourne,"Melbourne Stars vs Hobart Hurricanes, 3rd Match - Live Cricket Score, Commentary",Melbourne Stars Innings,190,5,Glenn Maxwell,2,0,19,0,0,0,9.50
30,"Dec 20, ",07:10 PM,"Melbourne Cricket Ground, ",Melbourne,"Melbourne Stars vs Hobart Hurricanes, 3rd Match - Live Cricket Score, Commentary",Melbourne Stars Innings,190,5,James Faulkner,4,0,42,1,1,0,10.50
31,"Dec 20, ",07:10 PM,"Melbourne Cricket Ground, ",Melbourne,"Melbourne Stars vs Hobart Hurricanes, 3rd Match - Live Cricket Score, Commentary",Hobart Hurricanes Innings,138,9,Xavier Doherty,4,0,27,1,0,1,6.75
32,"Dec 20, ",07:10 PM,"Melbourne Cricket Ground, ",Melbourne,"Melbourne Stars vs Hobart Hurricanes, 3rd Match - Live Cricket Score, Commentary",Hobart Hurricanes Innings,138,9,Joe Mennie,4,1,20,3,0,0,5.00
33,"Dec 20, ",07:10 PM,"Melbourne Cricket Ground, ",Melbourne,"Melbourne Stars vs Hobart Hurricanes, 3rd Match - Live Cricket Score, Commentary",Hobart Hurricanes Innings,138,9,Evan Gulbis,2,0,18,0,0,0,9.00
34,"Dec 20, ",07:10 PM,"Melbourne Cricket Ground, ",Melbourne,"Melbourne Stars vs Hobart Hurricanes, 3rd Match - Live Cricket Score, Commentary",Hobart Hurricanes Innings,138,9,Ben Hilfenhaus,4,0,27,4,0,0,6.75
35,"Dec 20, ",07:10 PM,"Melbourne Cricket Ground, ",Melbourne,"Melbourne Stars vs Hobart Hurricanes, 3rd Match - Live Cricket Score, Commentary",Hobart Hurricanes Innings,138,9,Cameron Boyce,4,0,28,1,0,0,7.00
36,"Dec 20, ",07:10 PM,"Melbourne Cricket Ground, ",Melbourne,"Melbourne Stars vs Hobart Hurricanes, 3rd Match - Live Cricket Score, Commentary",Hobart Hurricanes Innings,138,9,Daren Sammy,2,0,16,0,0,0,8.00
37,"Dec 21, ",07:10 PM,"Stadium Australia, ","Homebush Bay, Sydney","Sydney Thunder vs Brisbane Heat, 4th Match - Live Cricket Score, Commentary",Brisbane Heat Innings,208,1,James Hopes,4,0,40,0,0,0,10.00
38,"Dec 21, ",07:10 PM,"Stadium Australia, ","Homebush Bay, Sydney","Sydney Thunder vs Brisbane Heat, 4th Match - Live Cricket Score, Commentary",Brisbane Heat Innings,208,1,Daniel Christian,2,0,19,0,0,1,9.50
39,"Dec 21, ",07:10 PM,"Stadium Australia, ","Homebush Bay, Sydney","Sydney Thunder vs Brisbane Heat, 4th Match - Live Cricket Score, Commentary",Brisbane Heat Innings,208,1,Ryan Duffield,4,0,39,0,0,1,9.75
40,"Dec 21, ",07:10 PM,"Stadium Australia, ","Homebush Bay, Sydney","Sydney Thunder vs Brisbane Heat, 4th Match - Live Cricket Score, Commentary",Brisbane Heat Innings,208,1,Andrew Flintoff,2,0,25,0,0,0,12.50
41,"Dec 21, ",07:10 PM,"Stadium Australia, ","Homebush Bay, Sydney","Sydney Thunder vs Brisbane Heat, 4th Match - Live Cricket Score, Commentary",Brisbane Heat Innings,208,1,Daniel Vettori,4,0,37,0,0,0,9.25
42,"Dec 21, ",07:10 PM,"Stadium Australia, ","Homebush Bay, Sydney","Sydney Thunder vs Brisbane Heat, 4th Match - Live Cricket Score, Commentary",Brisbane Heat Innings,208,1,Cameron Gannon,4,0,47,1,0,0,11.75
43,"Dec 21, ",07:10 PM,"Stadium Australia, ","Homebush Bay, Sydney","Sydney Thunder vs Brisbane Heat, 4th Match - Live Cricket Score, Commentary",Sydney Thunder Innings,152,10,Gurinder Sandhu,3,0,19,3,0,0,6.33
44,"Dec 21, ",07:10 PM,"Stadium Australia, ","Homebush Bay, Sydney","Sydney Thunder vs Brisbane Heat, 4th Match - Live Cricket Score, Commentary",Sydney Thunder Innings,152,10,Pat Cummins,3.5,0,21,2,0,0,6.00
45,"Dec 21, ",07:10 PM,"Stadium Australia, ","Homebush Bay, Sydney","Sydney Thunder vs Brisbane Heat, 4th Match - Live Cricket Score, Commentary",Sydney Thunder Innings,152,10,Jacques Kallis,3,0,30,1,0,0,10.00
46,"Dec 21, ",07:10 PM,"Stadium Australia, ","Homebush Bay, Sydney","Sydney Thunder vs Brisbane Heat, 4th Match - Live Cricket Score, Commentary",Sydney Thunder Innings,152,10,Dirk Nannes,4,0,33,1,0,2,8.25
47,"Dec 21, ",07:10 PM,"Stadium Australia, ","Homebush Bay, Sydney","Sydney Thunder vs Brisbane Heat, 4th Match - Live Cricket Score, Commentary",Sydney Thunder Innings,152,10,Nathan Hauritz,2,0,25,0,0,0,12.50
48,"Dec 21, ",07:10 PM,"Stadium Australia, ","Homebush Bay, Sydney","Sydney Thunder vs Brisbane Heat, 4th Match - Live Cricket Score, Commentary",Sydney Thunder Innings,152,10,Andrew McDonald,2,0,20,3,0,1,10.00
49,"Dec 22, ",04:10 PM,"W.A.C.A. Ground, ",Perth,"Perth Scorchers vs Adelaide Strikers, 5th Match - Live Cricket Score, Commentary",Adelaide Strikers Innings,146,7,Johan Botha,4,0,25,1,0,0,6.25
50,"Dec 22, ",04:10 PM,"W.A.C.A. Ground, ",Perth,"Perth Scorchers vs Adelaide Strikers, 5th Match - Live Cricket Score, Commentary",Adelaide Strikers Innings,146,7,Kane Richardson,4,0,31,3,0,1,7.75
51,"Dec 22, ",04:10 PM,"W.A.C.A. Ground, ",Perth,"Perth Scorchers vs Adelaide Strikers, 5th Match - Live Cricket Score, Commentary",Adelaide Strikers Innings,146,7,Kieron Pollard,1,0,11,0,0,0,11.00
52,"Dec 22, ",04:10 PM,"W.A.C.A. Ground, ",Perth,"Perth Scorchers vs Adelaide Strikers, 5th Match - Live Cricket Score, Commentary",Adelaide Strikers Innings,146,7,Trent Lawford,3,0,15,0,0,0,5.00
53,"Dec 22, ",04:10 PM,"W.A.C.A. Ground, ",Perth,"Perth Scorchers vs Adelaide Strikers, 5th Match - Live Cricket Score, Commentary",Adelaide Strikers Innings,146,7,Adam Zampa,4,0,30,1,0,0,7.50
54,"Dec 22, ",04:10 PM,"W.A.C.A. Ground, ",Perth,"Perth Scorchers vs Adelaide Strikers, 5th Match - Live Cricket Score, Commentary",Adelaide Strikers Innings,146,7,Ben Laughlin,4,0,32,1,0,0,8.00
55,"Dec 22, ",04:10 PM,"W.A.C.A. Ground, ",Perth,"Perth Scorchers vs Adelaide Strikers, 5th Match - Live Cricket Score, Commentary",Perth Scorchers Innings,147,9,Ashton Turner,3,0,20,1,0,0,6.67
56,"Dec 22, ",04:10 PM,"W.A.C.A. Ground, ",Perth,"Perth Scorchers vs Adelaide Strikers, 5th Match - Live Cricket Score, Commentary",Perth Scorchers Innings,147,9,Jason Behrendorff,4,0,22,4,0,0,5.50
57,"Dec 22, ",04:10 PM,"W.A.C.A. Ground, ",Perth,"Perth Scorchers vs Adelaide Strikers, 5th Match - Live Cricket Score, Commentary",Perth Scorchers Innings,147,9,Andrew Tye,4,0,23,0,0,2,5.75
58,"Dec 22, ",04:10 PM,"W.A.C.A. Ground, ",Perth,"Perth Scorchers vs Adelaide Strikers, 5th Match - Live Cricket Score, Commentary",Perth Scorchers Innings,147,9,Yasir Arafat,3.4,0,26,1,1,0,7.65
59,"Dec 22, ",04:10 PM,"W.A.C.A. Ground, ",Perth,"Perth Scorchers vs Adelaide Strikers, 5th Match - Live Cricket Score, Commentary",Perth Scorchers Innings,147,9,James Muirhead,4,0,38,1,0,1,9.50
60,"Dec 22, ",04:10 PM,"W.A.C.A. Ground, ",Perth,"Perth Scorchers vs Adelaide Strikers, 5th Match - Live Cricket Score, Commentary",Perth Scorchers Innings,147,9,Ashton Agar,1,0,8,1,0,0,8.00
61,"Dec 23, ",07:10 PM,"Bellerive Oval, ",Hobart,"Hobart Hurricanes vs Sydney Sixers, 6th Match - Live Cricket Score, Commentary",Sydney Sixers Innings,154,8,Brett Lee,4,0,34,3,0,0,8.50
62,"Dec 23, ",07:10 PM,"Bellerive Oval, ",Hobart,"Hobart Hurricanes vs Sydney Sixers, 6th Match - Live Cricket Score, Commentary",Sydney Sixers Innings,154,8,Doug Bollinger,4,0,27,1,0,1,6.75
63,"Dec 23, ",07:10 PM,"Bellerive Oval, ",Hobart,"Hobart Hurricanes vs Sydney Sixers, 6th Match - Live Cricket Score, Commentary",Sydney Sixers Innings,154,8,Sean Abbott,4,0,29,0,0,0,7.25
64,"Dec 23, ",07:10 PM,"Bellerive Oval, ",Hobart,"Hobart Hurricanes vs Sydney Sixers, 6th Match - Live Cricket Score, Commentary",Sydney Sixers Innings,154,8,Ben Dwarshuis,2,0,26,0,0,0,13.00
65,"Dec 23, ",07:10 PM,"Bellerive Oval, ",Hobart,"Hobart Hurricanes vs Sydney Sixers, 6th Match - Live Cricket Score, Commentary",Sydney Sixers Innings,154,8,Moises Henriques,4,0,22,2,0,1,5.50
66,"Dec 23, ",07:10 PM,"Bellerive Oval, ",Hobart,"Hobart Hurricanes vs Sydney Sixers, 6th Match - Live Cricket Score, Commentary",Sydney Sixers Innings,154,8,Luke Doran,1,0,15,1,0,0,15.00
67,"Dec 23, ",07:10 PM,"Bellerive Oval, ",Hobart,"Hobart Hurricanes vs Sydney Sixers, 6th Match - Live Cricket Score, Commentary",Hobart Hurricanes Innings,158,3,Ben Hilfenhaus,4,0,40,0,0,0,10.00
68,"Dec 23, ",07:10 PM,"Bellerive Oval, ",Hobart,"Hobart Hurricanes vs Sydney Sixers, 6th Match - Live Cricket Score, Commentary",Hobart Hurricanes Innings,158,3,Joe Mennie,4,0,35,1,0,0,8.75
69,"Dec 23, ",07:10 PM,"Bellerive Oval, ",Hobart,"Hobart Hurricanes vs Sydney Sixers, 6th Match - Live Cricket Score, Commentary",Hobart Hurricanes Innings,158,3,Xavier Doherty,4,0,32,1,0,0,8.00
70,"Dec 23, ",07:10 PM,"Bellerive Oval, ",Hobart,"Hobart Hurricanes vs Sydney Sixers, 6th Match - Live Cricket Score, Commentary",Hobart Hurricanes Innings,158,3,Cameron Boyce,4,0,24,1,0,0,6.00
71,"Dec 23, ",07:10 PM,"Bellerive Oval, ",Hobart,"Hobart Hurricanes vs Sydney Sixers, 6th Match - Live Cricket Score, Commentary",Hobart Hurricanes Innings,158,3,Daren Sammy,2,0,20,0,0,0,10.00
72,"Dec 23, ",07:10 PM,"Bellerive Oval, ",Hobart,"Hobart Hurricanes vs Sydney Sixers, 6th Match - Live Cricket Score, Commentary",Hobart Hurricanes Innings,158,3,Evan Gulbis,0.1,0,4,0,0,0,40.00
73,"Dec 26, ",04:10 PM,"W.A.C.A. Ground, ",Perth,"Perth Scorchers vs Melbourne Renegades, 7th Match - Live Cricket Score, Commentary",Melbourne Renegades Innings,192,3,Nick Winter,2,0,15,0,0,2,7.50
74,"Dec 26, ",04:10 PM,"W.A.C.A. Ground, ",Perth,"Perth Scorchers vs Melbourne Renegades, 7th Match - Live Cricket Score, Commentary",Melbourne Renegades Innings,192,3,Andrew Fekete,4,0,41,1,0,1,10.25
75,"Dec 26, ",04:10 PM,"W.A.C.A. Ground, ",Perth,"Perth Scorchers vs Melbourne Renegades, 7th Match - Live Cricket Score, Commentary",Melbourne Renegades Innings,192,3,Matthew Short,3,0,26,1,0,0,8.67
76,"Dec 26, ",04:10 PM,"W.A.C.A. Ground, ",Perth,"Perth Scorchers vs Melbourne Renegades, 7th Match - Live Cricket Score, Commentary",Melbourne Renegades Innings,192,3,Dwayne Bravo,4,0,48,1,0,0,12.00
77,"Dec 26, ",04:10 PM,"W.A.C.A. Ground, ",Perth,"Perth Scorchers vs Melbourne Renegades, 7th Match - Live Cricket Score, Commentary",Melbourne Renegades Innings,192,3,Aaron Finch,1,0,6,0,0,0,6.00
78,"Dec 26, ",04:10 PM,"W.A.C.A. Ground, ",Perth,"Perth Scorchers vs Melbourne Renegades, 7th Match - Live Cricket Score, Commentary",Melbourne Renegades Innings,192,3,Andre Russell,3,0,26,0,0,0,8.67
79,"Dec 26, ",04:10 PM,"W.A.C.A. Ground, ",Perth,"Perth Scorchers vs Melbourne Renegades, 7th Match - Live Cricket Score, Commentary",Melbourne Renegades Innings,192,3,Fawad Ahmed,3,0,25,0,0,0,8.33
80,"Dec 26, ",04:10 PM,"W.A.C.A. Ground, ",Perth,"Perth Scorchers vs Melbourne Renegades, 7th Match - Live Cricket Score, Commentary",Perth Scorchers Innings,157,9,Jason Behrendorff,4,0,16,2,0,0,4.00
81,"Dec 26, ",04:10 PM,"W.A.C.A. Ground, ",Perth,"Perth Scorchers vs Melbourne Renegades, 7th Match - Live Cricket Score, Commentary",Perth Scorchers Innings,157,9,Ashton Turner,1,0,3,0,0,0,3.00
82,"Dec 26, ",04:10 PM,"W.A.C.A. Ground, ",Perth,"Perth Scorchers vs Melbourne Renegades, 7th Match - Live Cricket Score, Commentary",Perth Scorchers Innings,157,9,Matt Dixon,4,0,30,1,0,2,7.50
83,"Dec 26, ",04:10 PM,"W.A.C.A. Ground, ",Perth,"Perth Scorchers vs Melbourne Renegades, 7th Match - Live Cricket Score, Commentary",Perth Scorchers Innings,157,9,Ashton Agar,3,0,22,2,0,0,7.33
84,"Dec 26, ",04:10 PM,"W.A.C.A. Ground, ",Perth,"Perth Scorchers vs Melbourne Renegades, 7th Match - Live Cricket Score, Commentary",Perth Scorchers Innings,157,9,Andrew Tye,4,0,36,2,0,1,9.00
85,"Dec 26, ",04:10 PM,"W.A.C.A. Ground, ",Perth,"Perth Scorchers vs Melbourne Renegades, 7th Match - Live Cricket Score, Commentary",Perth Scorchers Innings,157,9,Yasir Arafat,4,0,46,1,0,6,11.50
86,"Dec 27, ",07:10 PM,"Stadium Australia, ","Homebush Bay, Sydney","Sydney Thunder vs Sydney Sixers, 8th Match - Live Cricket Score, Commentary",Sydney Thunder Innings,180,7,Gurinder Sandhu,4,0,28,2,0,2,7.00
87,"Dec 27, ",07:10 PM,"Stadium Australia, ","Homebush Bay, Sydney","Sydney Thunder vs Sydney Sixers, 8th Match - Live Cricket Score, Commentary",Sydney Thunder Innings,180,7,Pat Cummins,4,0,23,1,0,1,5.75
88,"Dec 27, ",07:10 PM,"Stadium Australia, ","Homebush Bay, Sydney","Sydney Thunder vs Sydney Sixers, 8th Match - Live Cricket Score, Commentary",Sydney Thunder Innings,180,7,Jacques Kallis,4,0,38,0,0,0,9.50
89,"Dec 27, ",07:10 PM,"Stadium Australia, ","Homebush Bay, Sydney","Sydney Thunder vs Sydney Sixers, 8th Match - Live Cricket Score, Commentary",Sydney Thunder Innings,180,7,Dirk Nannes,3,0,32,2,0,2,10.67
90,"Dec 27, ",07:10 PM,"Stadium Australia, ","Homebush Bay, Sydney","Sydney Thunder vs Sydney Sixers, 8th Match - Live Cricket Score, Commentary",Sydney Thunder Innings,180,7,Andrew McDonald,1,0,7,0,0,1,7.00
91,"Dec 27, ",07:10 PM,"Stadium Australia, ","Homebush Bay, Sydney","Sydney Thunder vs Sydney Sixers, 8th Match - Live Cricket Score, Commentary",Sydney Thunder Innings,180,7,Nathan Hauritz,4,0,35,2,0,0,8.75
92,"Dec 27, ",07:10 PM,"Stadium Australia, ","Homebush Bay, Sydney","Sydney Thunder vs Sydney Sixers, 8th Match - Live Cricket Score, Commentary",Sydney Sixers Innings,164,5,Brett Lee,4,0,28,1,0,5,7.00
93,"Dec 27, ",07:10 PM,"Stadium Australia, ","Homebush Bay, Sydney","Sydney Thunder vs Sydney Sixers, 8th Match - Live Cricket Score, Commentary",Sydney Sixers Innings,164,5,Mitchell Starc,4,0,36,1,0,2,9.00
94,"Dec 27, ",07:10 PM,"Stadium Australia, ","Homebush Bay, Sydney","Sydney Thunder vs Sydney Sixers, 8th Match - Live Cricket Score, Commentary",Sydney Sixers Innings,164,5,Doug Bollinger,4,0,45,0,0,0,11.25
95,"Dec 27, ",07:10 PM,"Stadium Australia, ","Homebush Bay, Sydney","Sydney Thunder vs Sydney Sixers, 8th Match - Live Cricket Score, Commentary",Sydney Sixers Innings,164,5,Sean Abbott,4,0,28,2,0,0,7.00
96,"Dec 27, ",07:10 PM,"Stadium Australia, ","Homebush Bay, Sydney","Sydney Thunder vs Sydney Sixers, 8th Match - Live Cricket Score, Commentary",Sydney Sixers Innings,164,5,Luke Doran,2,0,14,0,0,0,7.00
97,"Dec 27, ",07:10 PM,"Stadium Australia, ","Homebush Bay, Sydney","Sydney Thunder vs Sydney Sixers, 8th Match - Live Cricket Score, Commentary",Sydney Sixers Innings,164,5,Moises Henriques,2,0,9,0,0,0,4.50
98,"Dec 28, ",06:10 PM,"The Gabba, ",Brisbane,"Brisbane Heat vs Melbourne Stars, 9th Match - Live Cricket Score, Commentary",Melbourne Stars Innings,164,8,Jackson Bird,4,0,31,1,0,1,7.75
99,"Dec 28, ",06:10 PM,"The Gabba, ",Brisbane,"Brisbane Heat vs Melbourne Stars, 9th Match - Live Cricket Score, Commentary",Melbourne Stars Innings,164,8,James Faulkner,4,0,26,2,1,0,6.50
100,"Dec 28, ",06:10 PM,"The Gabba, ",Brisbane,"Brisbane Heat vs Melbourne Stars, 9th Match - Live Cricket Score, Commentary",Melbourne Stars Innings,164,8,John Hastings,4,0,30,2,0,0,7.50
101,"Dec 28, ",06:10 PM,"The Gabba, ",Brisbane,"Brisbane Heat vs Melbourne Stars, 9th Match - Live Cricket Score, Commentary",Melbourne Stars Innings,164,8,Michael Beer,4,0,30,0,0,0,7.50
102,"Dec 28, ",06:10 PM,"The Gabba, ",Brisbane,"Brisbane Heat vs Melbourne Stars, 9th Match - Live Cricket Score, Commentary",Melbourne Stars Innings,164,8,Scott Boland,4,0,45,2,0,1,11.25
103,"Dec 28, ",06:10 PM,"The Gabba, ",Brisbane,"Brisbane Heat vs Melbourne Stars, 9th Match - Live Cricket Score, Commentary",Brisbane Heat Innings,163,7,Ryan Duffield,4,1,28,3,0,1,7.00
104,"Dec 28, ",06:10 PM,"The Gabba, ",Brisbane,"Brisbane Heat vs Melbourne Stars, 9th Match - Live Cricket Score, Commentary",Brisbane Heat Innings,163,7,Mark Steketee,2,0,18,0,0,0,9.00
105,"Dec 28, ",06:10 PM,"The Gabba, ",Brisbane,"Brisbane Heat vs Melbourne Stars, 9th Match - Live Cricket Score, Commentary",Brisbane Heat Innings,163,7,Andrew Flintoff,4,0,41,2,0,2,10.25
106,"Dec 28, ",06:10 PM,"The Gabba, ",Brisbane,"Brisbane Heat vs Melbourne Stars, 9th Match - Live Cricket Score, Commentary",Brisbane Heat Innings,163,7,Ben Cutting,2,0,25,0,0,0,12.50
107,"Dec 28, ",06:10 PM,"The Gabba, ",Brisbane,"Brisbane Heat vs Melbourne Stars, 9th Match - Live Cricket Score, Commentary",Brisbane Heat Innings,163,7,James Hopes,2,0,6,0,0,0,3.00
108,"Dec 28, ",06:10 PM,"The Gabba, ",Brisbane,"Brisbane Heat vs Melbourne Stars, 9th Match - Live Cricket Score, Commentary",Brisbane Heat Innings,163,7,Daniel Christian,2,0,12,1,0,0,6.00
109,"Dec 28, ",06:10 PM,"The Gabba, ",Brisbane,"Brisbane Heat vs Melbourne Stars, 9th Match - Live Cricket Score, Commentary",Brisbane Heat Innings,163,7,Daniel Vettori,4,0,28,1,0,1,7.00
110,"Dec 29, ",07:10 PM,"Sydney Cricket Ground, ",Sydney,"Sydney Sixers vs Perth Scorchers, 10th Match - Live Cricket Score, Commentary",Sydney Sixers Innings,135,7,Brett Lee,4,0,20,0,0,0,5.00
111,"Dec 29, ",07:10 PM,"Sydney Cricket Ground, ",Sydney,"Sydney Sixers vs Perth Scorchers, 10th Match - Live Cricket Score, Commentary",Sydney Sixers Innings,135,7,Mitchell Starc,4,0,21,2,0,1,5.25
112,"Dec 29, ",07:10 PM,"Sydney Cricket Ground, ",Sydney,"Sydney Sixers vs Perth Scorchers, 10th Match - Live Cricket Score, Commentary",Sydney Sixers Innings,135,7,Doug Bollinger,2,0,21,0,0,0,10.50
113,"Dec 29, ",07:10 PM,"Sydney Cricket Ground, ",Sydney,"Sydney Sixers vs Perth Scorchers, 10th Match - Live Cricket Score, Commentary",Sydney Sixers Innings,135,7,Sean Abbott,4,0,33,1,0,0,8.25
114,"Dec 29, ",07:10 PM,"Sydney Cricket Ground, ",Sydney,"Sydney Sixers vs Perth Scorchers, 10th Match - Live Cricket Score, Commentary",Sydney Sixers Innings,135,7,Moises Henriques,3,0,17,0,0,0,5.67
115,"Dec 29, ",07:10 PM,"Sydney Cricket Ground, ",Sydney,"Sydney Sixers vs Perth Scorchers, 10th Match - Live Cricket Score, Commentary",Sydney Sixers Innings,135,7,Luke Doran,3,0,22,2,0,0,7.33
116,"Dec 29, ",07:10 PM,"Sydney Cricket Ground, ",Sydney,"Sydney Sixers vs Perth Scorchers, 10th Match - Live Cricket Score, Commentary",Perth Scorchers Innings,99,10,Matt Dixon,4,0,22,2,0,2,5.50
117,"Dec 29, ",07:10 PM,"Sydney Cricket Ground, ",Sydney,"Sydney Sixers vs Perth Scorchers, 10th Match - Live Cricket Score, Commentary",Perth Scorchers Innings,99,10,Jason Behrendorff,4,0,17,1,0,0,4.25
118,"Dec 29, ",07:10 PM,"Sydney Cricket Ground, ",Sydney,"Sydney Sixers vs Perth Scorchers, 10th Match - Live Cricket Score, Commentary",Perth Scorchers Innings,99,10,Ashton Agar,2,0,22,0,0,1,11.00
119,"Dec 29, ",07:10 PM,"Sydney Cricket Ground, ",Sydney,"Sydney Sixers vs Perth Scorchers, 10th Match - Live Cricket Score, Commentary",Perth Scorchers Innings,99,10,Yasir Arafat,2.3,0,15,2,0,1,6.52
120,"Dec 29, ",07:10 PM,"Sydney Cricket Ground, ",Sydney,"Sydney Sixers vs Perth Scorchers, 10th Match - Live Cricket Score, Commentary",Perth Scorchers Innings,99,10,Andrew Tye,2,0,12,2,0,0,6.00
121,"Dec 29, ",07:10 PM,"Sydney Cricket Ground, ",Sydney,"Sydney Sixers vs Perth Scorchers, 10th Match - Live Cricket Score, Commentary",Perth Scorchers Innings,99,10,Adam Voges,2,0,6,0,0,0,3.00
122,"Dec 29, ",07:10 PM,"Sydney Cricket Ground, ",Sydney,"Sydney Sixers vs Perth Scorchers, 10th Match - Live Cricket Score, Commentary",Perth Scorchers Innings,99,10,Ashton Turner,1,0,3,2,0,0,3.00
123,"Dec 30, ",07:10 PM,"Docklands Stadium, ",Melbourne,"Melbourne Renegades vs Sydney Thunder, 11th Match - Live Cricket Score, Commentary",Melbourne Renegades Innings,114,6,James Pattinson,4,0,24,3,0,0,6.00
124,"Dec 30, ",07:10 PM,"Docklands Stadium, ",Melbourne,"Melbourne Renegades vs Sydney Thunder, 11th Match - Live Cricket Score, Commentary",Melbourne Renegades Innings,114,6,Peter Siddle,4,0,23,0,1,1,5.75
125,"Dec 30, ",07:10 PM,"Docklands Stadium, ",Melbourne,"Melbourne Renegades vs Sydney Thunder, 11th Match - Live Cricket Score, Commentary",Melbourne Renegades Innings,114,6,Matthew Short,2,0,8,0,0,0,4.00
126,"Dec 30, ",07:10 PM,"Docklands Stadium, ",Melbourne,"Melbourne Renegades vs Sydney Thunder, 11th Match - Live Cricket Score, Commentary",Melbourne Renegades Innings,114,6,Andre Russell,4,0,20,2,0,1,5.00
127,"Dec 30, ",07:10 PM,"Docklands Stadium, ",Melbourne,"Melbourne Renegades vs Sydney Thunder, 11th Match - Live Cricket Score, Commentary",Melbourne Renegades Innings,114,6,Dwayne Bravo,3,0,19,0,0,2,6.33
128,"Dec 30, ",07:10 PM,"Docklands Stadium, ",Melbourne,"Melbourne Renegades vs Sydney Thunder, 11th Match - Live Cricket Score, Commentary",Melbourne Renegades Innings,114,6,Nathan Rimmington,3,0,20,0,0,0,6.67
129,"Dec 30, ",07:10 PM,"Docklands Stadium, ",Melbourne,"Melbourne Renegades vs Sydney Thunder, 11th Match - Live Cricket Score, Commentary",Sydney Thunder Innings,118,2,Gurinder Sandhu,4,0,31,0,0,1,7.75
130,"Dec 30, ",07:10 PM,"Docklands Stadium, ",Melbourne,"Melbourne Renegades vs Sydney Thunder, 11th Match - Live Cricket Score, Commentary",Sydney Thunder Innings,118,2,Pat Cummins,2.5,0,31,0,0,0,12.40
131,"Dec 30, ",07:10 PM,"Docklands Stadium, ",Melbourne,"Melbourne Renegades vs Sydney Thunder, 11th Match - Live Cricket Score, Commentary",Sydney Thunder Innings,118,2,Dirk Nannes,2,0,18,1,0,1,9.00
132,"Dec 30, ",07:10 PM,"Docklands Stadium, ",Melbourne,"Melbourne Renegades vs Sydney Thunder, 11th Match - Live Cricket Score, Commentary",Sydney Thunder Innings,118,2,Jacques Kallis,3,0,13,0,0,0,4.33
133,"Dec 30, ",07:10 PM,"Docklands Stadium, ",Melbourne,"Melbourne Renegades vs Sydney Thunder, 11th Match - Live Cricket Score, Commentary",Sydney Thunder Innings,118,2,Andrew McDonald,1,0,9,0,0,0,9.00
134,"Dec 30, ",07:10 PM,"Docklands Stadium, ",Melbourne,"Melbourne Renegades vs Sydney Thunder, 11th Match - Live Cricket Score, Commentary",Sydney Thunder Innings,118,2,Nathan Hauritz,1,0,14,1,0,0,14.00
135,"Dec 31, ",06:40 PM,"Adelaide Oval, ",Adelaide,"Adelaide Strikers vs Hobart Hurricanes, 12th Match - Live Cricket Score, Commentary",Adelaide Strikers Innings,136,8,Kane Richardson,2,0,12,1,0,0,6.00
136,"Dec 31, ",06:40 PM,"Adelaide Oval, ",Adelaide,"Adelaide Strikers vs Hobart Hurricanes, 12th Match - Live Cricket Score, Commentary",Adelaide Strikers Innings,136,8,Craig Simmons,4,0,21,0,0,0,5.25
137,"Dec 31, ",06:40 PM,"Adelaide Oval, ",Adelaide,"Adelaide Strikers vs Hobart Hurricanes, 12th Match - Live Cricket Score, Commentary",Adelaide Strikers Innings,136,8,Shaun Tait,4,0,22,3,0,0,5.50
138,"Dec 31, ",06:40 PM,"Adelaide Oval, ",Adelaide,"Adelaide Strikers vs Hobart Hurricanes, 12th Match - Live Cricket Score, Commentary",Adelaide Strikers Innings,136,8,Ben Laughlin,3,0,26,2,0,1,8.67
139,"Dec 31, ",06:40 PM,"Adelaide Oval, ",Adelaide,"Adelaide Strikers vs Hobart Hurricanes, 12th Match - Live Cricket Score, Commentary",Adelaide Strikers Innings,136,8,Adam Zampa,4,0,19,1,0,1,4.75
140,"Dec 31, ",06:40 PM,"Adelaide Oval, ",Adelaide,"Adelaide Strikers vs Hobart Hurricanes, 12th Match - Live Cricket Score, Commentary",Adelaide Strikers Innings,136,8,Johan Botha,3,0,33,1,0,0,11.00
141,"Dec 31, ",06:40 PM,"Adelaide Oval, ",Adelaide,"Adelaide Strikers vs Hobart Hurricanes, 12th Match - Live Cricket Score, Commentary",Hobart Hurricanes Innings,141,2,Timm van der Gugten,3,0,32,0,0,0,10.67
142,"Dec 31, ",06:40 PM,"Adelaide Oval, ",Adelaide,"Adelaide Strikers vs Hobart Hurricanes, 12th Match - Live Cricket Score, Commentary",Hobart Hurricanes Innings,141,2,Joe Mennie,2,0,18,0,0,0,9.00
143,"Dec 31, ",06:40 PM,"Adelaide Oval, ",Adelaide,"Adelaide Strikers vs Hobart Hurricanes, 12th Match - Live Cricket Score, Commentary",Hobart Hurricanes Innings,141,2,Daren Sammy,3,0,10,1,0,0,3.33
144,"Dec 31, ",06:40 PM,"Adelaide Oval, ",Adelaide,"Adelaide Strikers vs Hobart Hurricanes, 12th Match - Live Cricket Score, Commentary",Hobart Hurricanes Innings,141,2,Ben Hilfenhaus,1.3,0,32,0,0,0,24.62
145,"Dec 31, ",06:40 PM,"Adelaide Oval, ",Adelaide,"Adelaide Strikers vs Hobart Hurricanes, 12th Match - Live Cricket Score, Commentary",Hobart Hurricanes Innings,141,2,Cameron Boyce,4,0,42,1,0,0,10.50
146,"Dec 31, ",06:40 PM,"Adelaide Oval, ",Adelaide,"Adelaide Strikers vs Hobart Hurricanes, 12th Match - Live Cricket Score, Commentary",Hobart Hurricanes Innings,141,2,Evan Gulbis,1,0,4,0,0,1,4.00
147,"Jan 01, ",04:10 PM,"W.A.C.A. Ground, ",Perth,"Perth Scorchers vs Sydney Thunder, 13th Match - Live Cricket Score, Commentary",Perth Scorchers Innings,179,3,Ashton Turner,1,0,8,0,0,0,8.00
148,"Jan 01, ",04:10 PM,"W.A.C.A. Ground, ",Perth,"Perth Scorchers vs Sydney Thunder, 13th Match - Live Cricket Score, Commentary",Perth Scorchers Innings,179,3,Jason Behrendorff,4,0,40,1,1,0,10.00
149,"Jan 01, ",04:10 PM,"W.A.C.A. Ground, ",Perth,"Perth Scorchers vs Sydney Thunder, 13th Match - Live Cricket Score, Commentary",Perth Scorchers Innings,179,3,Matt Dixon,4,0,48,0,0,0,12.00
150,"Jan 01, ",04:10 PM,"W.A.C.A. Ground, ",Perth,"Perth Scorchers vs Sydney Thunder, 13th Match - Live Cricket Score, Commentary",Perth Scorchers Innings,179,3,Andrew Tye,4,0,26,1,0,0,6.50
151,"Jan 01, ",04:10 PM,"W.A.C.A. Ground, ",Perth,"Perth Scorchers vs Sydney Thunder, 13th Match - Live Cricket Score, Commentary",Perth Scorchers Innings,179,3,Yasir Arafat,4,0,30,0,0,1,7.50
152,"Jan 01, ",04:10 PM,"W.A.C.A. Ground, ",Perth,"Perth Scorchers vs Sydney Thunder, 13th Match - Live Cricket Score, Commentary",Perth Scorchers Innings,179,3,Ashton Agar,3,0,26,1,0,0,8.67
153,"Jan 01, ",04:10 PM,"W.A.C.A. Ground, ",Perth,"Perth Scorchers vs Sydney Thunder, 13th Match - Live Cricket Score, Commentary",Sydney Thunder Innings,159,5,Jacques Kallis,4,0,24,2,0,1,6.00
154,"Jan 01, ",04:10 PM,"W.A.C.A. Ground, ",Perth,"Perth Scorchers vs Sydney Thunder, 13th Match - Live Cricket Score, Commentary",Sydney Thunder Innings,159,5,Josh Lalor,4,0,23,1,0,0,5.75
155,"Jan 01, ",04:10 PM,"W.A.C.A. Ground, ",Perth,"Perth Scorchers vs Sydney Thunder, 13th Match - Live Cricket Score, Commentary",Sydney Thunder Innings,159,5,Nathan Hauritz,4,0,34,2,0,0,8.50
156,"Jan 01, ",04:10 PM,"W.A.C.A. Ground, ",Perth,"Perth Scorchers vs Sydney Thunder, 13th Match - Live Cricket Score, Commentary",Sydney Thunder Innings,159,5,Pat Cummins,4,0,39,0,0,5,9.75
157,"Jan 01, ",04:10 PM,"W.A.C.A. Ground, ",Perth,"Perth Scorchers vs Sydney Thunder, 13th Match - Live Cricket Score, Commentary",Sydney Thunder Innings,159,5,Gurinder Sandhu,4,0,37,0,2,1,9.25
158,"Jan 02, ",07:10 PM,"Bellerive Oval, ",Hobart,"Hobart Hurricanes vs Brisbane Heat, 14th Match - Live Cricket Score, Commentary",Hobart Hurricanes Innings,208,6,Xavier Doherty,4,0,32,0,0,0,8.00
159,"Jan 02, ",07:10 PM,"Bellerive Oval, ",Hobart,"Hobart Hurricanes vs Brisbane Heat, 14th Match - Live Cricket Score, Commentary",Hobart Hurricanes Innings,208,6,Joe Mennie,4,0,44,1,0,0,11.00
160,"Jan 02, ",07:10 PM,"Bellerive Oval, ",Hobart,"Hobart Hurricanes vs Brisbane Heat, 14th Match - Live Cricket Score, Commentary",Hobart Hurricanes Innings,208,6,Jake Reed,4,0,41,1,0,0,10.25
161,"Jan 02, ",07:10 PM,"Bellerive Oval, ",Hobart,"Hobart Hurricanes vs Brisbane Heat, 14th Match - Live Cricket Score, Commentary",Hobart Hurricanes Innings,208,6,Daren Sammy,4,0,51,1,0,1,12.75
162,"Jan 02, ",07:10 PM,"Bellerive Oval, ",Hobart,"Hobart Hurricanes vs Brisbane Heat, 14th Match - Live Cricket Score, Commentary",Hobart Hurricanes Innings,208,6,Cameron Boyce,4,0,40,3,0,1,10.00
163,"Jan 02, ",07:10 PM,"Bellerive Oval, ",Hobart,"Hobart Hurricanes vs Brisbane Heat, 14th Match - Live Cricket Score, Commentary",Brisbane Heat Innings,209,4,Daniel Vettori,4,0,46,0,0,0,11.50
164,"Jan 02, ",07:10 PM,"Bellerive Oval, ",Hobart,"Hobart Hurricanes vs Brisbane Heat, 14th Match - Live Cricket Score, Commentary",Brisbane Heat Innings,209,4,Ryan Duffield,3,0,36,1,0,1,12.00
165,"Jan 02, ",07:10 PM,"Bellerive Oval, ",Hobart,"Hobart Hurricanes vs Brisbane Heat, 14th Match - Live Cricket Score, Commentary",Brisbane Heat Innings,209,4,Daniel Christian,1,0,14,0,0,0,14.00
166,"Jan 02, ",07:10 PM,"Bellerive Oval, ",Hobart,"Hobart Hurricanes vs Brisbane Heat, 14th Match - Live Cricket Score, Commentary",Brisbane Heat Innings,209,4,James Hopes,4,0,31,0,0,0,7.75
167,"Jan 02, ",07:10 PM,"Bellerive Oval, ",Hobart,"Hobart Hurricanes vs Brisbane Heat, 14th Match - Live Cricket Score, Commentary",Brisbane Heat Innings,209,4,Andrew Flintoff,2,0,28,1,0,0,14.00
168,"Jan 02, ",07:10 PM,"Bellerive Oval, ",Hobart,"Hobart Hurricanes vs Brisbane Heat, 14th Match - Live Cricket Score, Commentary",Brisbane Heat Innings,209,4,Ben Cutting,1,0,14,0,0,4,14.00
169,"Jan 02, ",07:10 PM,"Bellerive Oval, ",Hobart,"Hobart Hurricanes vs Brisbane Heat, 14th Match - Live Cricket Score, Commentary",Brisbane Heat Innings,209,4,Jason Floros,4,0,35,2,0,3,8.75
170,"Jan 03, ",07:10 PM,"Docklands Stadium, ",Melbourne,"Melbourne Renegades vs Melbourne Stars, 15th Match - Live Cricket Score, Commentary",Melbourne Renegades Innings,169,6,James Pattinson,4,0,42,0,0,7,10.50
171,"Jan 03, ",07:10 PM,"Docklands Stadium, ",Melbourne,"Melbourne Renegades vs Melbourne Stars, 15th Match - Live Cricket Score, Commentary",Melbourne Renegades Innings,169,6,Nick Winter,3,0,24,2,0,0,8.00
172,"Jan 03, ",07:10 PM,"Docklands Stadium, ",Melbourne,"Melbourne Renegades vs Melbourne Stars, 15th Match - Live Cricket Score, Commentary",Melbourne Renegades Innings,169,6,Nathan Rimmington,2,0,16,0,0,1,8.00
173,"Jan 03, ",07:10 PM,"Docklands Stadium, ",Melbourne,"Melbourne Renegades vs Melbourne Stars, 15th Match - Live Cricket Score, Commentary",Melbourne Renegades Innings,169,6,Fawad Ahmed,4,0,22,0,0,0,5.50
174,"Jan 03, ",07:10 PM,"Docklands Stadium, ",Melbourne,"Melbourne Renegades vs Melbourne Stars, 15th Match - Live Cricket Score, Commentary",Melbourne Renegades Innings,169,6,Andre Russell,2,0,26,1,1,0,13.00
175,"Jan 03, ",07:10 PM,"Docklands Stadium, ",Melbourne,"Melbourne Renegades vs Melbourne Stars, 15th Match - Live Cricket Score, Commentary",Melbourne Renegades Innings,169,6,Aaron Finch,2,0,14,0,0,1,7.00
176,"Jan 03, ",07:10 PM,"Docklands Stadium, ",Melbourne,"Melbourne Renegades vs Melbourne Stars, 15th Match - Live Cricket Score, Commentary",Melbourne Renegades Innings,169,6,Dwayne Bravo,3,0,22,3,0,0,7.33
177,"Jan 03, ",07:10 PM,"Docklands Stadium, ",Melbourne,"Melbourne Renegades vs Melbourne Stars, 15th Match - Live Cricket Score, Commentary",Melbourne Stars Innings,57,10,Michael Beer,4,0,14,2,0,3,3.50
178,"Jan 03, ",07:10 PM,"Docklands Stadium, ",Melbourne,"Melbourne Renegades vs Melbourne Stars, 15th Match - Live Cricket Score, Commentary",Melbourne Stars Innings,57,10,Jackson Bird,3,0,12,2,0,0,4.00
179,"Jan 03, ",07:10 PM,"Docklands Stadium, ",Melbourne,"Melbourne Renegades vs Melbourne Stars, 15th Match - Live Cricket Score, Commentary",Melbourne Stars Innings,57,10,John Hastings,1,0,6,1,0,0,6.00
180,"Jan 03, ",07:10 PM,"Docklands Stadium, ",Melbourne,"Melbourne Renegades vs Melbourne Stars, 15th Match - Live Cricket Score, Commentary",Melbourne Stars Innings,57,10,James Faulkner,1.4,0,8,1,0,0,5.71
181,"Jan 03, ",07:10 PM,"Docklands Stadium, ",Melbourne,"Melbourne Renegades vs Melbourne Stars, 15th Match - Live Cricket Score, Commentary",Melbourne Stars Innings,57,10,Glenn Maxwell,1,0,2,1,0,0,2.00
182,"Jan 03, ",07:10 PM,"Docklands Stadium, ",Melbourne,"Melbourne Renegades vs Melbourne Stars, 15th Match - Live Cricket Score, Commentary",Melbourne Stars Innings,57,10,Scott Boland,2,0,10,2,0,2,5.00
183,"Jan 04, ",06:10 PM,"The Gabba, ",Brisbane,"Brisbane Heat vs Adelaide Strikers, 16th Match - Live Cricket Score, Commentary",Adelaide Strikers Innings,152,6,Kane Richardson,4,0,30,0,0,0,7.50
184,"Jan 04, ",06:10 PM,"The Gabba, ",Brisbane,"Brisbane Heat vs Adelaide Strikers, 16th Match - Live Cricket Score, Commentary",Adelaide Strikers Innings,152,6,Craig Simmons,4,0,26,2,0,0,6.50
185,"Jan 04, ",06:10 PM,"The Gabba, ",Brisbane,"Brisbane Heat vs Adelaide Strikers, 16th Match - Live Cricket Score, Commentary",Adelaide Strikers Innings,152,6,Trent Lawford,1,0,15,0,0,0,15.00
186,"Jan 04, ",06:10 PM,"The Gabba, ",Brisbane,"Brisbane Heat vs Adelaide Strikers, 16th Match - Live Cricket Score, Commentary",Adelaide Strikers Innings,152,6,Kieron Pollard,1,0,11,0,0,0,11.00
187,"Jan 04, ",06:10 PM,"The Gabba, ",Brisbane,"Brisbane Heat vs Adelaide Strikers, 16th Match - Live Cricket Score, Commentary",Adelaide Strikers Innings,152,6,Ben Laughlin,3,0,31,2,0,1,10.33
188,"Jan 04, ",06:10 PM,"The Gabba, ",Brisbane,"Brisbane Heat vs Adelaide Strikers, 16th Match - Live Cricket Score, Commentary",Adelaide Strikers Innings,152,6,Adam Zampa,3,0,13,1,0,0,4.33
189,"Jan 04, ",06:10 PM,"The Gabba, ",Brisbane,"Brisbane Heat vs Adelaide Strikers, 16th Match - Live Cricket Score, Commentary",Adelaide Strikers Innings,152,6,Johan Botha,4,0,25,1,0,1,6.25
190,"Jan 04, ",06:10 PM,"The Gabba, ",Brisbane,"Brisbane Heat vs Adelaide Strikers, 16th Match - Live Cricket Score, Commentary",Brisbane Heat Innings,158,5,Ryan Duffield,4,0,32,0,0,4,8.00
191,"Jan 04, ",06:10 PM,"The Gabba, ",Brisbane,"Brisbane Heat vs Adelaide Strikers, 16th Match - Live Cricket Score, Commentary",Brisbane Heat Innings,158,5,Mark Steketee,2,0,10,1,0,0,5.00
192,"Jan 04, ",06:10 PM,"The Gabba, ",Brisbane,"Brisbane Heat vs Adelaide Strikers, 16th Match - Live Cricket Score, Commentary",Brisbane Heat Innings,158,5,Cameron Gannon,2.5,0,32,2,0,0,12.80
193,"Jan 04, ",06:10 PM,"The Gabba, ",Brisbane,"Brisbane Heat vs Adelaide Strikers, 16th Match - Live Cricket Score, Commentary",Brisbane Heat Innings,158,5,Ben Cutting,2,0,12,0,0,1,6.00
194,"Jan 04, ",06:10 PM,"The Gabba, ",Brisbane,"Brisbane Heat vs Adelaide Strikers, 16th Match - Live Cricket Score, Commentary",Brisbane Heat Innings,158,5,James Hopes,4,0,30,1,0,2,7.50
195,"Jan 04, ",06:10 PM,"The Gabba, ",Brisbane,"Brisbane Heat vs Adelaide Strikers, 16th Match - Live Cricket Score, Commentary",Brisbane Heat Innings,158,5,Daniel Vettori,3,0,23,0,0,0,7.67
196,"Jan 04, ",06:10 PM,"The Gabba, ",Brisbane,"Brisbane Heat vs Adelaide Strikers, 16th Match - Live Cricket Score, Commentary",Brisbane Heat Innings,158,5,Daniel Christian,1,0,13,0,1,0,13.00
197,"Jan 05, ",07:10 PM,"Melbourne Cricket Ground, ",Melbourne,"Melbourne Stars vs Sydney Sixers, 17th Match - Live Cricket Score, Commentary",Melbourne Stars Innings,150,6,Glenn Maxwell,3,0,24,0,0,1,8.00
198,"Jan 05, ",07:10 PM,"Melbourne Cricket Ground, ",Melbourne,"Melbourne Stars vs Sydney Sixers, 17th Match - Live Cricket Score, Commentary",Melbourne Stars Innings,150,6,Jackson Bird,3,0,19,1,0,0,6.33
199,"Jan 05, ",07:10 PM,"Melbourne Cricket Ground, ",Melbourne,"Melbourne Stars vs Sydney Sixers, 17th Match - Live Cricket Score, Commentary",Melbourne Stars Innings,150,6,James Faulkner,2,0,24,1,0,0,12.00
200,"Jan 05, ",07:10 PM,"Melbourne Cricket Ground, ",Melbourne,"Melbourne Stars vs Sydney Sixers, 17th Match - Live Cricket Score, Commentary",Melbourne Stars Innings,150,6,John Hastings,4,0,37,2,0,0,9.25
201,"Jan 05, ",07:10 PM,"Melbourne Cricket Ground, ",Melbourne,"Melbourne Stars vs Sydney Sixers, 17th Match - Live Cricket Score, Commentary",Melbourne Stars Innings,150,6,Scott Boland,4,0,19,2,0,0,4.75
202,"Jan 05, ",07:10 PM,"Melbourne Cricket Ground, ",Melbourne,"Melbourne Stars vs Sydney Sixers, 17th Match - Live Cricket Score, Commentary",Melbourne Stars Innings,150,6,Michael Beer,4,0,24,0,0,1,6.00
203,"Jan 05, ",07:10 PM,"Melbourne Cricket Ground, ",Melbourne,"Melbourne Stars vs Sydney Sixers, 17th Match - Live Cricket Score, Commentary",Sydney Sixers Innings,150,4,Brett Lee,4,0,31,1,0,2,7.75
204,"Jan 05, ",07:10 PM,"Melbourne Cricket Ground, ",Melbourne,"Melbourne Stars vs Sydney Sixers, 17th Match - Live Cricket Score, Commentary",Sydney Sixers Innings,150,4,Doug Bollinger,4,0,32,1,0,1,8.00
205,"Jan 05, ",07:10 PM,"Melbourne Cricket Ground, ",Melbourne,"Melbourne Stars vs Sydney Sixers, 17th Match - Live Cricket Score, Commentary",Sydney Sixers Innings,150,4,Steve OKeefe,4,0,24,0,0,0,6.00
206,"Jan 05, ",07:10 PM,"Melbourne Cricket Ground, ",Melbourne,"Melbourne Stars vs Sydney Sixers, 17th Match - Live Cricket Score, Commentary",Sydney Sixers Innings,150,4,Sean Abbott,3,0,24,0,0,2,8.00
207,"Jan 05, ",07:10 PM,"Melbourne Cricket Ground, ",Melbourne,"Melbourne Stars vs Sydney Sixers, 17th Match - Live Cricket Score, Commentary",Sydney Sixers Innings,150,4,Ben Dwarshuis,4,0,31,2,0,0,7.75
208,"Jan 05, ",07:10 PM,"Melbourne Cricket Ground, ",Melbourne,"Melbourne Stars vs Sydney Sixers, 17th Match - Live Cricket Score, Commentary",Sydney Sixers Innings,150,4,Moises Henriques,1,0,6,0,0,0,6.00
209,"Jan 06, ",06:40 PM,"Adelaide Oval, ",Adelaide,"Adelaide Strikers vs Perth Scorchers, 18th Match - Live Cricket Score, Commentary",Adelaide Strikers Innings,133,6,Craig Simmons,2,0,19,0,0,0,9.50
210,"Jan 06, ",06:40 PM,"Adelaide Oval, ",Adelaide,"Adelaide Strikers vs Perth Scorchers, 18th Match - Live Cricket Score, Commentary",Adelaide Strikers Innings,133,6,Kane Richardson,4,1,18,0,0,1,4.50
211,"Jan 06, ",06:40 PM,"Adelaide Oval, ",Adelaide,"Adelaide Strikers vs Perth Scorchers, 18th Match - Live Cricket Score, Commentary",Adelaide Strikers Innings,133,6,Ben Laughlin,4,0,27,2,0,0,6.75
212,"Jan 06, ",06:40 PM,"Adelaide Oval, ",Adelaide,"Adelaide Strikers vs Perth Scorchers, 18th Match - Live Cricket Score, Commentary",Adelaide Strikers Innings,133,6,Adam Zampa,4,0,26,2,0,0,6.50
213,"Jan 06, ",06:40 PM,"Adelaide Oval, ",Adelaide,"Adelaide Strikers vs Perth Scorchers, 18th Match - Live Cricket Score, Commentary",Adelaide Strikers Innings,133,6,Johan Botha,2,0,13,0,0,0,6.50
214,"Jan 06, ",06:40 PM,"Adelaide Oval, ",Adelaide,"Adelaide Strikers vs Perth Scorchers, 18th Match - Live Cricket Score, Commentary",Adelaide Strikers Innings,133,6,Shaun Tait,4,0,27,2,1,2,6.75
215,"Jan 06, ",06:40 PM,"Adelaide Oval, ",Adelaide,"Adelaide Strikers vs Perth Scorchers, 18th Match - Live Cricket Score, Commentary",Perth Scorchers Innings,115,10,Yasir Arafat,3.3,0,30,2,1,1,9.09
216,"Jan 06, ",06:40 PM,"Adelaide Oval, ",Adelaide,"Adelaide Strikers vs Perth Scorchers, 18th Match - Live Cricket Score, Commentary",Perth Scorchers Innings,115,10,Jason Behrendorff,4,0,24,1,0,0,6.00
217,"Jan 06, ",06:40 PM,"Adelaide Oval, ",Adelaide,"Adelaide Strikers vs Perth Scorchers, 18th Match - Live Cricket Score, Commentary",Perth Scorchers Innings,115,10,Andrew Tye,4,0,20,2,0,1,5.00
218,"Jan 06, ",06:40 PM,"Adelaide Oval, ",Adelaide,"Adelaide Strikers vs Perth Scorchers, 18th Match - Live Cricket Score, Commentary",Perth Scorchers Innings,115,10,Ashton Agar,4,0,24,2,0,0,6.00
219,"Jan 06, ",06:40 PM,"Adelaide Oval, ",Adelaide,"Adelaide Strikers vs Perth Scorchers, 18th Match - Live Cricket Score, Commentary",Perth Scorchers Innings,115,10,Brad Hogg,4,0,11,2,0,0,2.75
220,"Jan 07, ",07:10 PM,"Bellerive Oval, ",Hobart,"Hobart Hurricanes vs Melbourne Renegades, 19th Match - Live Cricket Score, Commentary",Hobart Hurricanes Innings,163,7,Jake Reed,4,0,32,1,0,1,8.00
221,"Jan 07, ",07:10 PM,"Bellerive Oval, ",Hobart,"Hobart Hurricanes vs Melbourne Renegades, 19th Match - Live Cricket Score, Commentary",Hobart Hurricanes Innings,163,7,Ben Hilfenhaus,4,0,32,3,0,0,8.00
222,"Jan 07, ",07:10 PM,"Bellerive Oval, ",Hobart,"Hobart Hurricanes vs Melbourne Renegades, 19th Match - Live Cricket Score, Commentary",Hobart Hurricanes Innings,163,7,Tim Bresnan,4,0,32,0,0,1,8.00
223,"Jan 07, ",07:10 PM,"Bellerive Oval, ",Hobart,"Hobart Hurricanes vs Melbourne Renegades, 19th Match - Live Cricket Score, Commentary",Hobart Hurricanes Innings,163,7,Xavier Doherty,4,0,30,1,0,0,7.50
224,"Jan 07, ",07:10 PM,"Bellerive Oval, ",Hobart,"Hobart Hurricanes vs Melbourne Renegades, 19th Match - Live Cricket Score, Commentary",Hobart Hurricanes Innings,163,7,Cameron Boyce,4,0,34,2,0,0,8.50
225,"Jan 07, ",07:10 PM,"Bellerive Oval, ",Hobart,"Hobart Hurricanes vs Melbourne Renegades, 19th Match - Live Cricket Score, Commentary",Melbourne Renegades Innings,126,10,Shakib Al Hasan,4,0,33,2,0,2,8.25
226,"Jan 07, ",07:10 PM,"Bellerive Oval, ",Hobart,"Hobart Hurricanes vs Melbourne Renegades, 19th Match - Live Cricket Score, Commentary",Melbourne Renegades Innings,126,10,Nick Winter,3.2,0,19,3,0,0,5.94
227,"Jan 07, ",07:10 PM,"Bellerive Oval, ",Hobart,"Hobart Hurricanes vs Melbourne Renegades, 19th Match - Live Cricket Score, Commentary",Melbourne Renegades Innings,126,10,Peter Siddle,3,0,15,2,0,0,5.00
228,"Jan 07, ",07:10 PM,"Bellerive Oval, ",Hobart,"Hobart Hurricanes vs Melbourne Renegades, 19th Match - Live Cricket Score, Commentary",Melbourne Renegades Innings,126,10,Nathan Rimmington,3,0,32,1,0,1,10.67
229,"Jan 07, ",07:10 PM,"Bellerive Oval, ",Hobart,"Hobart Hurricanes vs Melbourne Renegades, 19th Match - Live Cricket Score, Commentary",Melbourne Renegades Innings,126,10,Fawad Ahmed,4,0,13,2,0,0,3.25
230,"Jan 07, ",07:10 PM,"Bellerive Oval, ",Hobart,"Hobart Hurricanes vs Melbourne Renegades, 19th Match - Live Cricket Score, Commentary",Melbourne Renegades Innings,126,10,Ben Stokes,1,0,9,0,0,0,9.00
231,"Jan 07, ",07:10 PM,"Bellerive Oval, ",Hobart,"Hobart Hurricanes vs Melbourne Renegades, 19th Match - Live Cricket Score, Commentary",Melbourne Renegades Innings,126,10,Aaron Finch,1,0,5,0,0,0,5.00
232,"Jan 08, ",04:10 PM,"W.A.C.A. Ground, ",Perth,"Perth Scorchers vs Brisbane Heat, 20th Match - Live Cricket Score, Commentary",Perth Scorchers Innings,134,7,Yasir Arafat,4,0,38,0,0,1,9.50
233,"Jan 08, ",04:10 PM,"W.A.C.A. Ground, ",Perth,"Perth Scorchers vs Brisbane Heat, 20th Match - Live Cricket Score, Commentary",Perth Scorchers Innings,134,7,Jason Behrendorff,4,0,28,2,0,0,7.00
234,"Jan 08, ",04:10 PM,"W.A.C.A. Ground, ",Perth,"Perth Scorchers vs Brisbane Heat, 20th Match - Live Cricket Score, Commentary",Perth Scorchers Innings,134,7,Ashton Turner,1,0,6,1,0,0,6.00
235,"Jan 08, ",04:10 PM,"W.A.C.A. Ground, ",Perth,"Perth Scorchers vs Brisbane Heat, 20th Match - Live Cricket Score, Commentary",Perth Scorchers Innings,134,7,Andrew Tye,4,0,23,1,0,1,5.75
236,"Jan 08, ",04:10 PM,"W.A.C.A. Ground, ",Perth,"Perth Scorchers vs Brisbane Heat, 20th Match - Live Cricket Score, Commentary",Perth Scorchers Innings,134,7,Ashton Agar,3,0,23,0,0,0,7.67
237,"Jan 08, ",04:10 PM,"W.A.C.A. Ground, ",Perth,"Perth Scorchers vs Brisbane Heat, 20th Match - Live Cricket Score, Commentary",Perth Scorchers Innings,134,7,Brad Hogg,4,0,14,2,0,1,3.50
238,"Jan 08, ",04:10 PM,"W.A.C.A. Ground, ",Perth,"Perth Scorchers vs Brisbane Heat, 20th Match - Live Cricket Score, Commentary",Brisbane Heat Innings,137,2,Ryan Duffield,3,0,30,1,0,3,10.00
239,"Jan 08, ",04:10 PM,"W.A.C.A. Ground, ",Perth,"Perth Scorchers vs Brisbane Heat, 20th Match - Live Cricket Score, Commentary",Brisbane Heat Innings,137,2,Mark Steketee,2.5,0,25,0,0,2,10.00
240,"Jan 08, ",04:10 PM,"W.A.C.A. Ground, ",Perth,"Perth Scorchers vs Brisbane Heat, 20th Match - Live Cricket Score, Commentary",Brisbane Heat Innings,137,2,Ben Cutting,3,0,19,1,0,0,6.33
241,"Jan 08, ",04:10 PM,"W.A.C.A. Ground, ",Perth,"Perth Scorchers vs Brisbane Heat, 20th Match - Live Cricket Score, Commentary",Brisbane Heat Innings,137,2,Daniel Vettori,4,0,27,0,0,0,6.75
242,"Jan 08, ",04:10 PM,"W.A.C.A. Ground, ",Perth,"Perth Scorchers vs Brisbane Heat, 20th Match - Live Cricket Score, Commentary",Brisbane Heat Innings,137,2,James Hopes,2,0,14,0,0,0,7.00
243,"Jan 08, ",04:10 PM,"W.A.C.A. Ground, ",Perth,"Perth Scorchers vs Brisbane Heat, 20th Match - Live Cricket Score, Commentary",Brisbane Heat Innings,137,2,Andrew Flintoff,1,0,18,0,0,0,18.00
244,"Jan 09, ",07:10 PM,"Sydney Showground Stadium, ",Sydney,"Sydney Thunder vs Hobart Hurricanes, 21st Match - Live Cricket Score, Commentary",Hobart Hurricanes Innings,77,7,Jake Reed,4,0,11,4,0,1,2.75
245,"Jan 09, ",07:10 PM,"Sydney Showground Stadium, ",Sydney,"Sydney Thunder vs Hobart Hurricanes, 21st Match - Live Cricket Score, Commentary",Hobart Hurricanes Innings,77,7,Ben Hilfenhaus,3,0,9,1,0,0,3.00
246,"Jan 09, ",07:10 PM,"Sydney Showground Stadium, ",Sydney,"Sydney Thunder vs Hobart Hurricanes, 21st Match - Live Cricket Score, Commentary",Hobart Hurricanes Innings,77,7,Tim Bresnan,3,0,21,1,0,1,7.00
247,"Jan 09, ",07:10 PM,"Sydney Showground Stadium, ",Sydney,"Sydney Thunder vs Hobart Hurricanes, 21st Match - Live Cricket Score, Commentary",Hobart Hurricanes Innings,77,7,Evan Gulbis,4,0,22,1,0,1,5.50
248,"Jan 09, ",07:10 PM,"Sydney Showground Stadium, ",Sydney,"Sydney Thunder vs Hobart Hurricanes, 21st Match - Live Cricket Score, Commentary",Hobart Hurricanes Innings,77,7,Shoaib Malik,3,0,14,0,0,0,4.67
249,"Jan 09, ",07:10 PM,"Sydney Showground Stadium, ",Sydney,"Sydney Thunder vs Hobart Hurricanes, 21st Match - Live Cricket Score, Commentary",Sydney Thunder Innings,84,5,Jacques Kallis,4,0,18,2,0,2,4.50
250,"Jan 09, ",07:10 PM,"Sydney Showground Stadium, ",Sydney,"Sydney Thunder vs Hobart Hurricanes, 21st Match - Live Cricket Score, Commentary",Sydney Thunder Innings,84,5,Josh Lalor,1.4,0,12,0,0,0,8.57
251,"Jan 09, ",07:10 PM,"Sydney Showground Stadium, ",Sydney,"Sydney Thunder vs Hobart Hurricanes, 21st Match - Live Cricket Score, Commentary",Sydney Thunder Innings,84,5,Pat Cummins,4,0,26,1,0,0,6.50
252,"Jan 09, ",07:10 PM,"Sydney Showground Stadium, ",Sydney,"Sydney Thunder vs Hobart Hurricanes, 21st Match - Live Cricket Score, Commentary",Sydney Thunder Innings,84,5,Gurinder Sandhu,3,0,17,2,0,0,5.67
253,"Jan 09, ",07:10 PM,"Sydney Showground Stadium, ",Sydney,"Sydney Thunder vs Hobart Hurricanes, 21st Match - Live Cricket Score, Commentary",Sydney Thunder Innings,84,5,Nathan Hauritz,1,0,7,0,0,0,7.00
254,"Jan 10, ",07:10 PM,"Melbourne Cricket Ground, ",Melbourne,"Melbourne Stars vs Melbourne Renegades, 22nd Match - Live Cricket Score, Commentary",Melbourne Stars Innings,153,6,Michael Beer,3,0,13,0,0,0,4.33
255,"Jan 10, ",07:10 PM,"Melbourne Cricket Ground, ",Melbourne,"Melbourne Stars vs Melbourne Renegades, 22nd Match - Live Cricket Score, Commentary",Melbourne Stars Innings,153,6,Jackson Bird,3,0,27,1,0,0,9.00
256,"Jan 10, ",07:10 PM,"Melbourne Cricket Ground, ",Melbourne,"Melbourne Stars vs Melbourne Renegades, 22nd Match - Live Cricket Score, Commentary",Melbourne Stars Innings,153,6,John Hastings,4,0,36,1,0,1,9.00
257,"Jan 10, ",07:10 PM,"Melbourne Cricket Ground, ",Melbourne,"Melbourne Stars vs Melbourne Renegades, 22nd Match - Live Cricket Score, Commentary",Melbourne Stars Innings,153,6,Glenn Maxwell,3,0,25,1,0,0,8.33
258,"Jan 10, ",07:10 PM,"Melbourne Cricket Ground, ",Melbourne,"Melbourne Stars vs Melbourne Renegades, 22nd Match - Live Cricket Score, Commentary",Melbourne Stars Innings,153,6,Scott Boland,4,0,31,0,0,0,7.75
259,"Jan 10, ",07:10 PM,"Melbourne Cricket Ground, ",Melbourne,"Melbourne Stars vs Melbourne Renegades, 22nd Match - Live Cricket Score, Commentary",Melbourne Stars Innings,153,6,James Faulkner,3,0,19,3,0,0,6.33
260,"Jan 10, ",07:10 PM,"Melbourne Cricket Ground, ",Melbourne,"Melbourne Stars vs Melbourne Renegades, 22nd Match - Live Cricket Score, Commentary",Melbourne Renegades Innings,154,7,James Pattinson,4,0,32,1,1,4,8.00
261,"Jan 10, ",07:10 PM,"Melbourne Cricket Ground, ",Melbourne,"Melbourne Stars vs Melbourne Renegades, 22nd Match - Live Cricket Score, Commentary",Melbourne Renegades Innings,154,7,Shakib Al Hasan,4,0,23,1,0,0,5.75
262,"Jan 10, ",07:10 PM,"Melbourne Cricket Ground, ",Melbourne,"Melbourne Stars vs Melbourne Renegades, 22nd Match - Live Cricket Score, Commentary",Melbourne Renegades Innings,154,7,Peter Siddle,2,0,22,0,1,0,11.00
263,"Jan 10, ",07:10 PM,"Melbourne Cricket Ground, ",Melbourne,"Melbourne Stars vs Melbourne Renegades, 22nd Match - Live Cricket Score, Commentary",Melbourne Renegades Innings,154,7,Ben Stokes,2,0,22,2,0,2,11.00
264,"Jan 10, ",07:10 PM,"Melbourne Cricket Ground, ",Melbourne,"Melbourne Stars vs Melbourne Renegades, 22nd Match - Live Cricket Score, Commentary",Melbourne Renegades Innings,154,7,Fawad Ahmed,4,0,26,1,0,0,6.50
265,"Jan 10, ",07:10 PM,"Melbourne Cricket Ground, ",Melbourne,"Melbourne Stars vs Melbourne Renegades, 22nd Match - Live Cricket Score, Commentary",Melbourne Renegades Innings,154,7,Nathan Rimmington,3,0,20,0,0,0,6.67
266,"Jan 10, ",07:10 PM,"Melbourne Cricket Ground, ",Melbourne,"Melbourne Stars vs Melbourne Renegades, 22nd Match - Live Cricket Score, Commentary",Melbourne Renegades Innings,154,7,Aaron Finch,1,0,5,0,0,0,5.00
267,"Jan 11, ",01:45 PM,"Bellerive Oval, ",Hobart,"Hobart Hurricanes vs Perth Scorchers, 23rd Match - Live Cricket Score, Commentary",Hobart Hurricanes Innings,141,8,Xavier Doherty,3,0,23,1,0,0,7.67
268,"Jan 11, ",01:45 PM,"Bellerive Oval, ",Hobart,"Hobart Hurricanes vs Perth Scorchers, 23rd Match - Live Cricket Score, Commentary",Hobart Hurricanes Innings,141,8,Jake Reed,3,0,27,2,0,0,9.00
269,"Jan 11, ",01:45 PM,"Bellerive Oval, ",Hobart,"Hobart Hurricanes vs Perth Scorchers, 23rd Match - Live Cricket Score, Commentary",Hobart Hurricanes Innings,141,8,Ben Hilfenhaus,4,0,27,0,0,1,6.75
270,"Jan 11, ",01:45 PM,"Bellerive Oval, ",Hobart,"Hobart Hurricanes vs Perth Scorchers, 23rd Match - Live Cricket Score, Commentary",Hobart Hurricanes Innings,141,8,Tim Bresnan,4,0,18,3,0,0,4.50
271,"Jan 11, ",01:45 PM,"Bellerive Oval, ",Hobart,"Hobart Hurricanes vs Perth Scorchers, 23rd Match - Live Cricket Score, Commentary",Hobart Hurricanes Innings,141,8,Shoaib Malik,3,0,16,0,0,0,5.33
272,"Jan 11, ",01:45 PM,"Bellerive Oval, ",Hobart,"Hobart Hurricanes vs Perth Scorchers, 23rd Match - Live Cricket Score, Commentary",Hobart Hurricanes Innings,141,8,Cameron Boyce,3,0,25,1,0,0,8.33
273,"Jan 11, ",01:45 PM,"Bellerive Oval, ",Hobart,"Hobart Hurricanes vs Perth Scorchers, 23rd Match - Live Cricket Score, Commentary",Perth Scorchers Innings,123,7,Yasir Arafat,4,0,21,2,0,0,5.25
274,"Jan 11, ",01:45 PM,"Bellerive Oval, ",Hobart,"Hobart Hurricanes vs Perth Scorchers, 23rd Match - Live Cricket Score, Commentary",Perth Scorchers Innings,123,7,Jason Behrendorff,4,0,21,2,0,1,5.25
275,"Jan 11, ",01:45 PM,"Bellerive Oval, ",Hobart,"Hobart Hurricanes vs Perth Scorchers, 23rd Match - Live Cricket Score, Commentary",Perth Scorchers Innings,123,7,Andrew Tye,4,0,26,1,0,0,6.50
276,"Jan 11, ",01:45 PM,"Bellerive Oval, ",Hobart,"Hobart Hurricanes vs Perth Scorchers, 23rd Match - Live Cricket Score, Commentary",Perth Scorchers Innings,123,7,Ashton Agar,4,0,27,1,0,0,6.75
277,"Jan 11, ",01:45 PM,"Bellerive Oval, ",Hobart,"Hobart Hurricanes vs Perth Scorchers, 23rd Match - Live Cricket Score, Commentary",Perth Scorchers Innings,123,7,Brad Hogg,4,0,26,1,0,0,6.50
278,"Jan 11, ",06:10 PM,"The Gabba, ",Brisbane,"Brisbane Heat vs Sydney Sixers, 24th Match - Live Cricket Score, Commentary",Sydney Sixers Innings,147,6,Brett Lee,4,0,29,2,1,4,7.25
279,"Jan 11, ",06:10 PM,"The Gabba, ",Brisbane,"Brisbane Heat vs Sydney Sixers, 24th Match - Live Cricket Score, Commentary",Sydney Sixers Innings,147,6,Doug Bollinger,4,0,18,1,0,0,4.50
280,"Jan 11, ",06:10 PM,"The Gabba, ",Brisbane,"Brisbane Heat vs Sydney Sixers, 24th Match - Live Cricket Score, Commentary",Sydney Sixers Innings,147,6,Sean Abbott,4,0,27,0,0,1,6.75
281,"Jan 11, ",06:10 PM,"The Gabba, ",Brisbane,"Brisbane Heat vs Sydney Sixers, 24th Match - Live Cricket Score, Commentary",Sydney Sixers Innings,147,6,Moises Henriques,4,0,35,2,0,1,8.75
282,"Jan 11, ",06:10 PM,"The Gabba, ",Brisbane,"Brisbane Heat vs Sydney Sixers, 24th Match - Live Cricket Score, Commentary",Sydney Sixers Innings,147,6,Steve OKeefe,3,0,24,0,0,0,8.00
283,"Jan 11, ",06:10 PM,"The Gabba, ",Brisbane,"Brisbane Heat vs Sydney Sixers, 24th Match - Live Cricket Score, Commentary",Sydney Sixers Innings,147,6,Simon Keen,1,0,10,0,0,0,10.00
284,"Jan 11, ",06:10 PM,"The Gabba, ",Brisbane,"Brisbane Heat vs Sydney Sixers, 24th Match - Live Cricket Score, Commentary",Brisbane Heat Innings,148,4,Ryan Duffield,3,0,32,0,1,0,10.67
285,"Jan 11, ",06:10 PM,"The Gabba, ",Brisbane,"Brisbane Heat vs Sydney Sixers, 24th Match - Live Cricket Score, Commentary",Brisbane Heat Innings,148,4,Cameron Gannon,3.4,0,37,1,0,1,10.88
286,"Jan 11, ",06:10 PM,"The Gabba, ",Brisbane,"Brisbane Heat vs Sydney Sixers, 24th Match - Live Cricket Score, Commentary",Brisbane Heat Innings,148,4,Ben Cutting,3,0,20,0,0,0,6.67
287,"Jan 11, ",06:10 PM,"The Gabba, ",Brisbane,"Brisbane Heat vs Sydney Sixers, 24th Match - Live Cricket Score, Commentary",Brisbane Heat Innings,148,4,Daniel Christian,4,0,25,1,0,0,6.25
288,"Jan 11, ",06:10 PM,"The Gabba, ",Brisbane,"Brisbane Heat vs Sydney Sixers, 24th Match - Live Cricket Score, Commentary",Brisbane Heat Innings,148,4,James Hopes,3,0,23,2,0,0,7.67
289,"Jan 11, ",06:10 PM,"The Gabba, ",Brisbane,"Brisbane Heat vs Sydney Sixers, 24th Match - Live Cricket Score, Commentary",Brisbane Heat Innings,148,4,Andrew Flintoff,1,0,10,0,0,0,10.00
290,"Jan 12, ",07:10 PM,"Adelaide Oval, ",Adelaide,"Adelaide Strikers vs Sydney Thunder, 25th Match - Live Cricket Score, Commentary",Sydney Thunder Innings,119,5,Jacques Kallis,2,0,15,0,0,0,7.50
291,"Jan 12, ",07:10 PM,"Adelaide Oval, ",Adelaide,"Adelaide Strikers vs Sydney Thunder, 25th Match - Live Cricket Score, Commentary",Sydney Thunder Innings,119,5,Josh Lalor,2,0,32,1,0,1,16.00
292,"Jan 12, ",07:10 PM,"Adelaide Oval, ",Adelaide,"Adelaide Strikers vs Sydney Thunder, 25th Match - Live Cricket Score, Commentary",Sydney Thunder Innings,119,5,Gurinder Sandhu,2,0,7,1,0,0,3.50
293,"Jan 12, ",07:10 PM,"Adelaide Oval, ",Adelaide,"Adelaide Strikers vs Sydney Thunder, 25th Match - Live Cricket Score, Commentary",Sydney Thunder Innings,119,5,Nathan Hauritz,1,0,12,0,0,0,12.00
294,"Jan 12, ",07:10 PM,"Adelaide Oval, ",Adelaide,"Adelaide Strikers vs Sydney Thunder, 25th Match - Live Cricket Score, Commentary",Sydney Thunder Innings,119,5,Chris Tremain,2,0,32,2,0,0,16.00
295,"Jan 12, ",07:10 PM,"Adelaide Oval, ",Adelaide,"Adelaide Strikers vs Sydney Thunder, 25th Match - Live Cricket Score, Commentary",Sydney Thunder Innings,119,5,Ian Moran,1,0,19,1,0,1,19.00
296,"Jan 13, ",07:40 PM,"Docklands Stadium, ",Melbourne,"Melbourne Renegades vs Brisbane Heat, 26th Match - Live Cricket Score, Commentary",Melbourne Renegades Innings,80,10,James Pattinson,3,1,23,2,2,1,7.67
297,"Jan 13, ",07:40 PM,"Docklands Stadium, ",Melbourne,"Melbourne Renegades vs Brisbane Heat, 26th Match - Live Cricket Score, Commentary",Melbourne Renegades Innings,80,10,Peter Siddle,4,0,21,0,0,2,5.25
298,"Jan 13, ",07:40 PM,"Docklands Stadium, ",Melbourne,"Melbourne Renegades vs Brisbane Heat, 26th Match - Live Cricket Score, Commentary",Melbourne Renegades Innings,80,10,Shakib Al Hasan,4,0,13,4,0,0,3.25
299,"Jan 13, ",07:40 PM,"Docklands Stadium, ",Melbourne,"Melbourne Renegades vs Brisbane Heat, 26th Match - Live Cricket Score, Commentary",Melbourne Renegades Innings,80,10,Fawad Ahmed,4,1,7,1,0,0,1.75
300,"Jan 13, ",07:40 PM,"Docklands Stadium, ",Melbourne,"Melbourne Renegades vs Brisbane Heat, 26th Match - Live Cricket Score, Commentary",Melbourne Renegades Innings,80,10,Nathan Rimmington,1.3,0,7,1,0,2,5.38
301,"Jan 13, ",07:40 PM,"Docklands Stadium, ",Melbourne,"Melbourne Renegades vs Brisbane Heat, 26th Match - Live Cricket Score, Commentary",Melbourne Renegades Innings,80,10,Ben Stokes,1,0,7,1,0,0,7.00
302,"Jan 13, ",07:40 PM,"Docklands Stadium, ",Melbourne,"Melbourne Renegades vs Brisbane Heat, 26th Match - Live Cricket Score, Commentary",Brisbane Heat Innings,81,5,James Hopes,4,1,8,1,0,0,2.00
303,"Jan 13, ",07:40 PM,"Docklands Stadium, ",Melbourne,"Melbourne Renegades vs Brisbane Heat, 26th Match - Live Cricket Score, Commentary",Brisbane Heat Innings,81,5,Alister McDermott,1,0,12,0,0,1,12.00
304,"Jan 13, ",07:40 PM,"Docklands Stadium, ",Melbourne,"Melbourne Renegades vs Brisbane Heat, 26th Match - Live Cricket Score, Commentary",Brisbane Heat Innings,81,5,Daniel Christian,4,0,13,2,0,3,3.25
305,"Jan 13, ",07:40 PM,"Docklands Stadium, ",Melbourne,"Melbourne Renegades vs Brisbane Heat, 26th Match - Live Cricket Score, Commentary",Brisbane Heat Innings,81,5,Stephen Parry,2,0,17,1,0,0,8.50
306,"Jan 13, ",07:40 PM,"Docklands Stadium, ",Melbourne,"Melbourne Renegades vs Brisbane Heat, 26th Match - Live Cricket Score, Commentary",Brisbane Heat Innings,81,5,Jason Floros,2,0,18,0,0,0,9.00
307,"Jan 13, ",07:40 PM,"Docklands Stadium, ",Melbourne,"Melbourne Renegades vs Brisbane Heat, 26th Match - Live Cricket Score, Commentary",Brisbane Heat Innings,81,5,Ben Cutting,1,0,12,0,0,0,12.00
308,"Jan 14, ",07:40 PM,"Sydney Cricket Ground, ",Sydney,"Sydney Sixers vs Adelaide Strikers, 27th Match - Live Cricket Score, Commentary",Sydney Sixers Innings,182,6,Brett Lee,4,0,37,0,0,2,9.25
309,"Jan 14, ",07:40 PM,"Sydney Cricket Ground, ",Sydney,"Sydney Sixers vs Adelaide Strikers, 27th Match - Live Cricket Score, Commentary",Sydney Sixers Innings,182,6,Doug Bollinger,2,0,23,1,0,0,11.50
310,"Jan 14, ",07:40 PM,"Sydney Cricket Ground, ",Sydney,"Sydney Sixers vs Adelaide Strikers, 27th Match - Live Cricket Score, Commentary",Sydney Sixers Innings,182,6,Nathan Lyon,3,0,28,1,0,0,9.33
311,"Jan 14, ",07:40 PM,"Sydney Cricket Ground, ",Sydney,"Sydney Sixers vs Adelaide Strikers, 27th Match - Live Cricket Score, Commentary",Sydney Sixers Innings,182,6,Sean Abbott,3,0,38,1,0,2,12.67
312,"Jan 14, ",07:40 PM,"Sydney Cricket Ground, ",Sydney,"Sydney Sixers vs Adelaide Strikers, 27th Match - Live Cricket Score, Commentary",Sydney Sixers Innings,182,6,Moises Henriques,4,0,32,1,0,1,8.00
313,"Jan 14, ",07:40 PM,"Sydney Cricket Ground, ",Sydney,"Sydney Sixers vs Adelaide Strikers, 27th Match - Live Cricket Score, Commentary",Sydney Sixers Innings,182,6,Steve OKeefe,4,0,21,1,0,0,5.25
314,"Jan 14, ",07:40 PM,"Sydney Cricket Ground, ",Sydney,"Sydney Sixers vs Adelaide Strikers, 27th Match - Live Cricket Score, Commentary",Adelaide Strikers Innings,159,10,Johan Botha,4,0,27,2,0,0,6.75
315,"Jan 14, ",07:40 PM,"Sydney Cricket Ground, ",Sydney,"Sydney Sixers vs Adelaide Strikers, 27th Match - Live Cricket Score, Commentary",Adelaide Strikers Innings,159,10,Kane Richardson,4,0,54,2,0,0,13.50
316,"Jan 14, ",07:40 PM,"Sydney Cricket Ground, ",Sydney,"Sydney Sixers vs Adelaide Strikers, 27th Match - Live Cricket Score, Commentary",Adelaide Strikers Innings,159,10,Ben Laughlin,3.4,0,22,1,0,3,6.47
317,"Jan 14, ",07:40 PM,"Sydney Cricket Ground, ",Sydney,"Sydney Sixers vs Adelaide Strikers, 27th Match - Live Cricket Score, Commentary",Adelaide Strikers Innings,159,10,Adam Zampa,4,0,23,1,0,0,5.75
318,"Jan 14, ",07:40 PM,"Sydney Cricket Ground, ",Sydney,"Sydney Sixers vs Adelaide Strikers, 27th Match - Live Cricket Score, Commentary",Adelaide Strikers Innings,159,10,Shaun Tait,4,0,29,2,0,6,7.25
319,"Jan 15, ",06:40 PM,"The Gabba, ",Brisbane,"Brisbane Heat vs Hobart Hurricanes, 28th Match - Live Cricket Score, Commentary",Hobart Hurricanes Innings,198,6,Jake Reed,1,0,3,0,0,0,3.00
320,"Jan 15, ",06:40 PM,"The Gabba, ",Brisbane,"Brisbane Heat vs Hobart Hurricanes, 28th Match - Live Cricket Score, Commentary",Hobart Hurricanes Innings,198,6,Ben Hilfenhaus,4,0,44,1,0,1,11.00
321,"Jan 15, ",06:40 PM,"The Gabba, ",Brisbane,"Brisbane Heat vs Hobart Hurricanes, 28th Match - Live Cricket Score, Commentary",Hobart Hurricanes Innings,198,6,Tim Bresnan,3,0,48,0,0,0,16.00
322,"Jan 15, ",06:40 PM,"The Gabba, ",Brisbane,"Brisbane Heat vs Hobart Hurricanes, 28th Match - Live Cricket Score, Commentary",Hobart Hurricanes Innings,198,6,Evan Gulbis,4,0,38,1,0,1,9.50
323,"Jan 15, ",06:40 PM,"The Gabba, ",Brisbane,"Brisbane Heat vs Hobart Hurricanes, 28th Match - Live Cricket Score, Commentary",Hobart Hurricanes Innings,198,6,Shoaib Malik,4,0,37,3,0,1,9.25
324,"Jan 15, ",06:40 PM,"The Gabba, ",Brisbane,"Brisbane Heat vs Hobart Hurricanes, 28th Match - Live Cricket Score, Commentary",Hobart Hurricanes Innings,198,6,Cameron Boyce,4,0,28,1,0,0,7.00
325,"Jan 15, ",06:40 PM,"The Gabba, ",Brisbane,"Brisbane Heat vs Hobart Hurricanes, 28th Match - Live Cricket Score, Commentary",Brisbane Heat Innings,180,8,James Hopes,4,0,32,1,0,3,8.00
326,"Jan 15, ",06:40 PM,"The Gabba, ",Brisbane,"Brisbane Heat vs Hobart Hurricanes, 28th Match - Live Cricket Score, Commentary",Brisbane Heat Innings,180,8,Mark Steketee,4,0,28,2,0,1,7.00
327,"Jan 15, ",06:40 PM,"The Gabba, ",Brisbane,"Brisbane Heat vs Hobart Hurricanes, 28th Match - Live Cricket Score, Commentary",Brisbane Heat Innings,180,8,Daniel Christian,4,0,48,2,0,0,12.00
328,"Jan 15, ",06:40 PM,"The Gabba, ",Brisbane,"Brisbane Heat vs Hobart Hurricanes, 28th Match - Live Cricket Score, Commentary",Brisbane Heat Innings,180,8,Stephen Parry,2,0,16,1,0,0,8.00
329,"Jan 15, ",06:40 PM,"The Gabba, ",Brisbane,"Brisbane Heat vs Hobart Hurricanes, 28th Match - Live Cricket Score, Commentary",Brisbane Heat Innings,180,8,Ben Cutting,4,0,33,1,0,3,8.25
330,"Jan 15, ",06:40 PM,"The Gabba, ",Brisbane,"Brisbane Heat vs Hobart Hurricanes, 28th Match - Live Cricket Score, Commentary",Brisbane Heat Innings,180,8,Andrew Flintoff,2,0,14,0,0,0,7.00
331,"Jan 17, ",07:10 PM,"Sydney Showground Stadium, ",Sydney,"Sydney Thunder vs Melbourne Stars, 29th Match - Live Cricket Score, Commentary",Melbourne Stars Innings,106,8,Michael Beer,4,0,14,2,0,0,3.50
332,"Jan 17, ",07:10 PM,"Sydney Showground Stadium, ",Sydney,"Sydney Thunder vs Melbourne Stars, 29th Match - Live Cricket Score, Commentary",Melbourne Stars Innings,106,8,Jackson Bird,4,0,15,2,0,0,3.75
333,"Jan 17, ",07:10 PM,"Sydney Showground Stadium, ",Sydney,"Sydney Thunder vs Melbourne Stars, 29th Match - Live Cricket Score, Commentary",Melbourne Stars Innings,106,8,John Hastings,4,0,23,2,0,0,5.75
334,"Jan 17, ",07:10 PM,"Sydney Showground Stadium, ",Sydney,"Sydney Thunder vs Melbourne Stars, 29th Match - Live Cricket Score, Commentary",Melbourne Stars Innings,106,8,Scott Boland,4,0,29,0,0,1,7.25
335,"Jan 17, ",07:10 PM,"Sydney Showground Stadium, ",Sydney,"Sydney Thunder vs Melbourne Stars, 29th Match - Live Cricket Score, Commentary",Melbourne Stars Innings,106,8,Clint McKay,3,0,14,2,0,0,4.67
336,"Jan 17, ",07:10 PM,"Sydney Showground Stadium, ",Sydney,"Sydney Thunder vs Melbourne Stars, 29th Match - Live Cricket Score, Commentary",Melbourne Stars Innings,106,8,Kevin Pietersen,1,0,7,0,0,0,7.00
337,"Jan 17, ",07:10 PM,"Sydney Showground Stadium, ",Sydney,"Sydney Thunder vs Melbourne Stars, 29th Match - Live Cricket Score, Commentary",Sydney Thunder Innings,107,2,Jacques Kallis,3,0,23,0,0,0,7.67
338,"Jan 17, ",07:10 PM,"Sydney Showground Stadium, ",Sydney,"Sydney Thunder vs Melbourne Stars, 29th Match - Live Cricket Score, Commentary",Sydney Thunder Innings,107,2,Josh Lalor,2,0,18,1,0,1,9.00
339,"Jan 17, ",07:10 PM,"Sydney Showground Stadium, ",Sydney,"Sydney Thunder vs Melbourne Stars, 29th Match - Live Cricket Score, Commentary",Sydney Thunder Innings,107,2,Dirk Nannes,1,0,10,0,0,0,10.00
340,"Jan 17, ",07:10 PM,"Sydney Showground Stadium, ",Sydney,"Sydney Thunder vs Melbourne Stars, 29th Match - Live Cricket Score, Commentary",Sydney Thunder Innings,107,2,Chris Tremain,3,0,18,0,0,2,6.00
341,"Jan 17, ",07:10 PM,"Sydney Showground Stadium, ",Sydney,"Sydney Thunder vs Melbourne Stars, 29th Match - Live Cricket Score, Commentary",Sydney Thunder Innings,107,2,Ahilen Beadle,4,0,22,0,0,0,5.50
342,"Jan 17, ",07:10 PM,"Sydney Showground Stadium, ",Sydney,"Sydney Thunder vs Melbourne Stars, 29th Match - Live Cricket Score, Commentary",Sydney Thunder Innings,107,2,Nathan Hauritz,1.3,0,16,1,0,0,12.31
343,"Jan 19, ",07:40 PM,"Docklands Stadium, ",Melbourne,"Melbourne Renegades vs Adelaide Strikers, 30th Match - Live Cricket Score, Commentary",Melbourne Renegades Innings,166,5,James Pattinson,4,1,12,1,0,0,3.00
344,"Jan 19, ",07:40 PM,"Docklands Stadium, ",Melbourne,"Melbourne Renegades vs Adelaide Strikers, 30th Match - Live Cricket Score, Commentary",Melbourne Renegades Innings,166,5,Peter Siddle,4,0,31,0,0,0,7.75
345,"Jan 19, ",07:40 PM,"Docklands Stadium, ",Melbourne,"Melbourne Renegades vs Adelaide Strikers, 30th Match - Live Cricket Score, Commentary",Melbourne Renegades Innings,166,5,Nathan Rimmington,3,0,40,2,0,0,13.33
346,"Jan 19, ",07:40 PM,"Docklands Stadium, ",Melbourne,"Melbourne Renegades vs Adelaide Strikers, 30th Match - Live Cricket Score, Commentary",Melbourne Renegades Innings,166,5,Fawad Ahmed,4,0,31,1,0,0,7.75
347,"Jan 19, ",07:40 PM,"Docklands Stadium, ",Melbourne,"Melbourne Renegades vs Adelaide Strikers, 30th Match - Live Cricket Score, Commentary",Melbourne Renegades Innings,166,5,Shakib Al Hasan,4,0,28,0,0,0,7.00
348,"Jan 19, ",07:40 PM,"Docklands Stadium, ",Melbourne,"Melbourne Renegades vs Adelaide Strikers, 30th Match - Live Cricket Score, Commentary",Melbourne Renegades Innings,166,5,Ben Stokes,1,0,23,0,0,0,23.00
349,"Jan 19, ",07:40 PM,"Docklands Stadium, ",Melbourne,"Melbourne Renegades vs Adelaide Strikers, 30th Match - Live Cricket Score, Commentary",Adelaide Strikers Innings,144,7,Gary Putland,4,1,16,1,0,1,4.00
350,"Jan 19, ",07:40 PM,"Docklands Stadium, ",Melbourne,"Melbourne Renegades vs Adelaide Strikers, 30th Match - Live Cricket Score, Commentary",Adelaide Strikers Innings,144,7,Kane Richardson,3,0,33,1,0,1,11.00
351,"Jan 19, ",07:40 PM,"Docklands Stadium, ",Melbourne,"Melbourne Renegades vs Adelaide Strikers, 30th Match - Live Cricket Score, Commentary",Adelaide Strikers Innings,144,7,Ben Laughlin,3,0,24,2,0,1,8.00
352,"Jan 19, ",07:40 PM,"Docklands Stadium, ",Melbourne,"Melbourne Renegades vs Adelaide Strikers, 30th Match - Live Cricket Score, Commentary",Adelaide Strikers Innings,144,7,Johan Botha,4,0,24,1,0,0,6.00
353,"Jan 19, ",07:40 PM,"Docklands Stadium, ",Melbourne,"Melbourne Renegades vs Adelaide Strikers, 30th Match - Live Cricket Score, Commentary",Adelaide Strikers Innings,144,7,Adam Zampa,4,0,31,2,0,0,7.75
354,"Jan 19, ",07:40 PM,"Docklands Stadium, ",Melbourne,"Melbourne Renegades vs Adelaide Strikers, 30th Match - Live Cricket Score, Commentary",Adelaide Strikers Innings,144,7,Travis Head,2,0,15,0,1,0,7.50
355,"Jan 21, ",07:40 PM,"Melbourne Cricket Ground, ",Melbourne,"Melbourne Stars vs Perth Scorchers, 31st Match - Live Cricket Score, Commentary",Melbourne Stars Innings,179,2,Michael Beer,4,0,38,1,0,0,9.50
356,"Jan 21, ",07:40 PM,"Melbourne Cricket Ground, ",Melbourne,"Melbourne Stars vs Perth Scorchers, 31st Match - Live Cricket Score, Commentary",Melbourne Stars Innings,179,2,Jackson Bird,4,0,38,0,0,0,9.50
357,"Jan 21, ",07:40 PM,"Melbourne Cricket Ground, ",Melbourne,"Melbourne Stars vs Perth Scorchers, 31st Match - Live Cricket Score, Commentary",Melbourne Stars Innings,179,2,John Hastings,4,0,32,0,0,0,8.00
358,"Jan 21, ",07:40 PM,"Melbourne Cricket Ground, ",Melbourne,"Melbourne Stars vs Perth Scorchers, 31st Match - Live Cricket Score, Commentary",Melbourne Stars Innings,179,2,Scott Boland,4,0,31,0,0,1,7.75
359,"Jan 21, ",07:40 PM,"Melbourne Cricket Ground, ",Melbourne,"Melbourne Stars vs Perth Scorchers, 31st Match - Live Cricket Score, Commentary",Melbourne Stars Innings,179,2,Clint McKay,4,0,39,0,0,0,9.75
360,"Jan 21, ",07:40 PM,"Melbourne Cricket Ground, ",Melbourne,"Melbourne Stars vs Perth Scorchers, 31st Match - Live Cricket Score, Commentary",Perth Scorchers Innings,182,7,Jason Behrendorff,4,0,35,0,0,0,8.75
361,"Jan 21, ",07:40 PM,"Melbourne Cricket Ground, ",Melbourne,"Melbourne Stars vs Perth Scorchers, 31st Match - Live Cricket Score, Commentary",Perth Scorchers Innings,182,7,Yasir Arafat,4,0,27,4,0,0,6.75
362,"Jan 21, ",07:40 PM,"Melbourne Cricket Ground, ",Melbourne,"Melbourne Stars vs Perth Scorchers, 31st Match - Live Cricket Score, Commentary",Perth Scorchers Innings,182,7,Andrew Tye,3.3,0,42,1,0,3,12.73
363,"Jan 21, ",07:40 PM,"Melbourne Cricket Ground, ",Melbourne,"Melbourne Stars vs Perth Scorchers, 31st Match - Live Cricket Score, Commentary",Perth Scorchers Innings,182,7,Brad Hogg,4,0,30,1,0,1,7.50
364,"Jan 21, ",07:40 PM,"Melbourne Cricket Ground, ",Melbourne,"Melbourne Stars vs Perth Scorchers, 31st Match - Live Cricket Score, Commentary",Perth Scorchers Innings,182,7,Ashton Agar,4,0,42,1,0,0,10.50
365,"Jan 22, ",07:40 PM,"Sydney Cricket Ground, ",Sydney,"Sydney Sixers vs Sydney Thunder, 32nd Match - Live Cricket Score, Commentary",Sydney Sixers Innings,154,4,Brett Lee,4,0,38,0,0,0,9.50
366,"Jan 22, ",07:40 PM,"Sydney Cricket Ground, ",Sydney,"Sydney Sixers vs Sydney Thunder, 32nd Match - Live Cricket Score, Commentary",Sydney Sixers Innings,154,4,Doug Bollinger,4,0,35,0,0,0,8.75
367,"Jan 22, ",07:40 PM,"Sydney Cricket Ground, ",Sydney,"Sydney Sixers vs Sydney Thunder, 32nd Match - Live Cricket Score, Commentary",Sydney Sixers Innings,154,4,Steve OKeefe,4,0,27,0,0,1,6.75
368,"Jan 22, ",07:40 PM,"Sydney Cricket Ground, ",Sydney,"Sydney Sixers vs Sydney Thunder, 32nd Match - Live Cricket Score, Commentary",Sydney Sixers Innings,154,4,Sean Abbott,4,0,35,1,2,1,8.75
369,"Jan 22, ",07:40 PM,"Sydney Cricket Ground, ",Sydney,"Sydney Sixers vs Sydney Thunder, 32nd Match - Live Cricket Score, Commentary",Sydney Sixers Innings,154,4,Nathan Lyon,4,0,19,3,0,0,4.75
370,"Jan 22, ",07:40 PM,"Sydney Cricket Ground, ",Sydney,"Sydney Sixers vs Sydney Thunder, 32nd Match - Live Cricket Score, Commentary",Sydney Thunder Innings,155,6,Nathan Hauritz,4,0,24,0,0,0,6.00
371,"Jan 22, ",07:40 PM,"Sydney Cricket Ground, ",Sydney,"Sydney Sixers vs Sydney Thunder, 32nd Match - Live Cricket Score, Commentary",Sydney Thunder Innings,155,6,Josh Lalor,4,1,29,4,0,0,7.25
372,"Jan 22, ",07:40 PM,"Sydney Cricket Ground, ",Sydney,"Sydney Sixers vs Sydney Thunder, 32nd Match - Live Cricket Score, Commentary",Sydney Thunder Innings,155,6,Chris Green,4,0,14,0,0,0,3.50
373,"Jan 22, ",07:40 PM,"Sydney Cricket Ground, ",Sydney,"Sydney Sixers vs Sydney Thunder, 32nd Match - Live Cricket Score, Commentary",Sydney Thunder Innings,155,6,Chris Tremain,4,0,43,1,1,1,10.75
374,"Jan 22, ",07:40 PM,"Sydney Cricket Ground, ",Sydney,"Sydney Sixers vs Sydney Thunder, 32nd Match - Live Cricket Score, Commentary",Sydney Thunder Innings,155,6,Ahilen Beadle,4,0,39,1,0,0,9.75
375,"Jan 24, ",06:40 PM,"Adelaide Oval, ",Adelaide,"Adelaide Strikers vs Sydney Sixers, 1st semi-final - Live Cricket Score, Commentary",Adelaide Strikers Innings,181,4,Johan Botha,4,0,25,0,0,0,6.25
376,"Jan 24, ",06:40 PM,"Adelaide Oval, ",Adelaide,"Adelaide Strikers vs Sydney Sixers, 1st semi-final - Live Cricket Score, Commentary",Adelaide Strikers Innings,181,4,Kane Richardson,4,0,37,1,0,0,9.25
377,"Jan 24, ",06:40 PM,"Adelaide Oval, ",Adelaide,"Adelaide Strikers vs Sydney Sixers, 1st semi-final - Live Cricket Score, Commentary",Adelaide Strikers Innings,181,4,Ben Laughlin,4,0,51,1,0,0,12.75
378,"Jan 24, ",06:40 PM,"Adelaide Oval, ",Adelaide,"Adelaide Strikers vs Sydney Sixers, 1st semi-final - Live Cricket Score, Commentary",Adelaide Strikers Innings,181,4,Shaun Tait,4,0,30,1,0,1,7.50
379,"Jan 24, ",06:40 PM,"Adelaide Oval, ",Adelaide,"Adelaide Strikers vs Sydney Sixers, 1st semi-final - Live Cricket Score, Commentary",Adelaide Strikers Innings,181,4,Adam Zampa,4,0,38,0,0,1,9.50
380,"Jan 24, ",06:40 PM,"Adelaide Oval, ",Adelaide,"Adelaide Strikers vs Sydney Sixers, 1st semi-final - Live Cricket Score, Commentary",Sydney Sixers Innings,94,10,Brett Lee,3,0,16,1,0,0,5.33
381,"Jan 24, ",06:40 PM,"Adelaide Oval, ",Adelaide,"Adelaide Strikers vs Sydney Sixers, 1st semi-final - Live Cricket Score, Commentary",Sydney Sixers Innings,94,10,Sean Abbott,2,0,14,2,0,0,7.00
382,"Jan 24, ",06:40 PM,"Adelaide Oval, ",Adelaide,"Adelaide Strikers vs Sydney Sixers, 1st semi-final - Live Cricket Score, Commentary",Sydney Sixers Innings,94,10,Nathan Lyon,4,0,26,2,0,0,6.50
383,"Jan 24, ",06:40 PM,"Adelaide Oval, ",Adelaide,"Adelaide Strikers vs Sydney Sixers, 1st semi-final - Live Cricket Score, Commentary",Sydney Sixers Innings,94,10,Doug Bollinger,3,0,21,3,0,0,7.00
384,"Jan 24, ",06:40 PM,"Adelaide Oval, ",Adelaide,"Adelaide Strikers vs Sydney Sixers, 1st semi-final - Live Cricket Score, Commentary",Sydney Sixers Innings,94,10,Steve OKeefe,2.3,0,17,2,0,0,7.39
385,"Jan 25, ",04:10 PM,"W.A.C.A. Ground, ",Perth,"Perth Scorchers vs Melbourne Stars, 2nd semi-final - Live Cricket Score, Commentary",Melbourne Stars Innings,144,7,Jackson Bird,4,1,19,0,0,0,4.75
386,"Jan 25, ",04:10 PM,"W.A.C.A. Ground, ",Perth,"Perth Scorchers vs Melbourne Stars, 2nd semi-final - Live Cricket Score, Commentary",Melbourne Stars Innings,144,7,John Hastings,4,0,27,3,0,0,6.75
387,"Jan 25, ",04:10 PM,"W.A.C.A. Ground, ",Perth,"Perth Scorchers vs Melbourne Stars, 2nd semi-final - Live Cricket Score, Commentary",Melbourne Stars Innings,144,7,Clint McKay,4,1,33,1,0,0,8.25
388,"Jan 25, ",04:10 PM,"W.A.C.A. Ground, ",Perth,"Perth Scorchers vs Melbourne Stars, 2nd semi-final - Live Cricket Score, Commentary",Melbourne Stars Innings,144,7,Kevin Pietersen,1,0,13,0,0,0,13.00
389,"Jan 25, ",04:10 PM,"W.A.C.A. Ground, ",Perth,"Perth Scorchers vs Melbourne Stars, 2nd semi-final - Live Cricket Score, Commentary",Melbourne Stars Innings,144,7,Scott Boland,3,0,25,1,0,1,8.33
390,"Jan 25, ",04:10 PM,"W.A.C.A. Ground, ",Perth,"Perth Scorchers vs Melbourne Stars, 2nd semi-final - Live Cricket Score, Commentary",Melbourne Stars Innings,144,7,Michael Beer,4,0,25,2,0,2,6.25
391,"Jan 25, ",04:10 PM,"W.A.C.A. Ground, ",Perth,"Perth Scorchers vs Melbourne Stars, 2nd semi-final - Live Cricket Score, Commentary",Perth Scorchers Innings,126,10,Jason Behrendorff,4,0,29,1,0,1,7.25
392,"Jan 25, ",04:10 PM,"W.A.C.A. Ground, ",Perth,"Perth Scorchers vs Melbourne Stars, 2nd semi-final - Live Cricket Score, Commentary",Perth Scorchers Innings,126,10,Nathan Coulter-Nile,4,0,31,2,0,1,7.75
393,"Jan 25, ",04:10 PM,"W.A.C.A. Ground, ",Perth,"Perth Scorchers vs Melbourne Stars, 2nd semi-final - Live Cricket Score, Commentary",Perth Scorchers Innings,126,10,Andrew Tye,4,0,18,4,0,0,4.50
394,"Jan 25, ",04:10 PM,"W.A.C.A. Ground, ",Perth,"Perth Scorchers vs Melbourne Stars, 2nd semi-final - Live Cricket Score, Commentary",Perth Scorchers Innings,126,10,Yasir Arafat,3.5,0,22,2,0,2,6.29
395,"Jan 25, ",04:10 PM,"W.A.C.A. Ground, ",Perth,"Perth Scorchers vs Melbourne Stars, 2nd semi-final - Live Cricket Score, Commentary",Perth Scorchers Innings,126,10,Brad Hogg,4,0,22,0,0,0,5.50
396,"Jan 28, ",07:40 PM,"Manuka Oval, ",Canberra,"Perth Scorchers vs Sydney Sixers, Final - Live Cricket Score, Commentary",Perth Scorchers Innings,147,5,Jason Behrendorff,4,0,19,1,0,1,4.75
397,"Jan 28, ",07:40 PM,"Manuka Oval, ",Canberra,"Perth Scorchers vs Sydney Sixers, Final - Live Cricket Score, Commentary",Perth Scorchers Innings,147,5,Nathan Coulter-Nile,4,0,32,1,0,4,8.00
398,"Jan 28, ",07:40 PM,"Manuka Oval, ",Canberra,"Perth Scorchers vs Sydney Sixers, Final - Live Cricket Score, Commentary",Perth Scorchers Innings,147,5,Andrew Tye,4,0,31,0,0,0,7.75
399,"Jan 28, ",07:40 PM,"Manuka Oval, ",Canberra,"Perth Scorchers vs Sydney Sixers, Final - Live Cricket Score, Commentary",Perth Scorchers Innings,147,5,Yasir Arafat,4,0,37,1,0,0,9.25
400,"Jan 28, ",07:40 PM,"Manuka Oval, ",Canberra,"Perth Scorchers vs Sydney Sixers, Final - Live Cricket Score, Commentary",Perth Scorchers Innings,147,5,Brad Hogg,4,0,25,1,0,0,6.25
401,"Jan 28, ",07:40 PM,"Manuka Oval, ",Canberra,"Perth Scorchers vs Sydney Sixers, Final - Live Cricket Score, Commentary",Sydney Sixers Innings,148,6,Brett Lee,4,0,25,3,1,1,6.25
402,"Jan 28, ",07:40 PM,"Manuka Oval, ",Canberra,"Perth Scorchers vs Sydney Sixers, Final - Live Cricket Score, Commentary",Sydney Sixers Innings,148,6,Sean Abbott,3,0,26,0,1,0,8.67
403,"Jan 28, ",07:40 PM,"Manuka Oval, ",Canberra,"Perth Scorchers vs Sydney Sixers, Final - Live Cricket Score, Commentary",Sydney Sixers Innings,148,6,Nathan Lyon,4,0,34,2,0,0,8.50
404,"Jan 28, ",07:40 PM,"Manuka Oval, ",Canberra,"Perth Scorchers vs Sydney Sixers, Final - Live Cricket Score, Commentary",Sydney Sixers Innings,148,6,Doug Bollinger,3,0,27,1,0,0,9.00
405,"Jan 28, ",07:40 PM,"Manuka Oval, ",Canberra,"Perth Scorchers vs Sydney Sixers, Final - Live Cricket Score, Commentary",Sydney Sixers Innings,148,6,Steve OKeefe,2,0,13,0,0,0,6.50
406,"Jan 28, ",07:40 PM,"Manuka Oval, ",Canberra,"Perth Scorchers vs Sydney Sixers, Final - Live Cricket Score, Commentary",Sydney Sixers Innings,148,6,Moises Henriques,4,0,21,0,0,0,5.25
