,Date,Time,Teams,Winners,Links
0,"Dec 18, Thu",2:10 PM,"ADELAIDE STRIKERS vs MELBOURNE STARS, 1st Match",Adelaide Strikers won by 8 wkts,https://www.cricbuzz.com/cricket-scores/13911/ads-vs-mls-1st-match-big-bash-league-2014-15
1,"Dec 19, Fri",2:10 PM,"SYDNEY SIXERS vs MELBOURNE RENEGADES, 2nd Match",Sydney Sixers won by 8 wkts,https://www.cricbuzz.com/cricket-scores/13912/sys-vs-mlr-2nd-match-big-bash-league-2014-15
2,"Dec 20, Sat",1:40 PM,"MELBOURNE STARS vs HOBART HURRICANES, 3rd Match",Hobart Hurricanes won by 52 runs,https://www.cricbuzz.com/cricket-scores/13913/mls-vs-hbh-3rd-match-big-bash-league-2014-15
3,"Dec 21, Sun",1:40 PM,"SYDNEY THUNDER vs BRISBANE HEAT, 4th Match",Sydney Thunder won by 56 runs,https://www.cricbuzz.com/cricket-scores/13914/syt-vs-brh-4th-match-big-bash-league-2014-15
4,"Dec 22, Mon",1:40 PM,"PERTH SCORCHERS vs ADELAIDE STRIKERS, 5th Match",Adelaide Strikers won by 1 wkt,https://www.cricbuzz.com/cricket-scores/13915/prs-vs-ads-5th-match-big-bash-league-2014-15
5,"Dec 23, Tue",1:40 PM,"HOBART HURRICANES vs SYDNEY SIXERS, 6th Match",Sydney Sixers won by 7 wkts,https://www.cricbuzz.com/cricket-scores/13916/hbh-vs-sys-6th-match-big-bash-league-2014-15
6,"Dec 26, Fri",1:40 PM,"PERTH SCORCHERS vs MELBOURNE RENEGADES, 7th Match",Perth Scorchers won by 35 runs,https://www.cricbuzz.com/cricket-scores/13917/prs-vs-mlr-7th-match-big-bash-league-2014-15
7,"Dec 27, Sat",1:40 PM,"SYDNEY THUNDER vs SYDNEY SIXERS, 8th Match",Sydney Sixers won by 16 runs,https://www.cricbuzz.com/cricket-scores/13918/syt-vs-sys-8th-match-big-bash-league-2014-15
8,"Dec 28, Sun",1:40 PM,"BRISBANE HEAT vs MELBOURNE STARS, 9th Match",Brisbane Heat won by 1 run,https://www.cricbuzz.com/cricket-scores/13919/brh-vs-mls-9th-match-big-bash-league-2014-15
9,"Dec 29, Mon",1:40 PM,"SYDNEY SIXERS vs PERTH SCORCHERS, 10th Match",Perth Scorchers won by 36 runs,https://www.cricbuzz.com/cricket-scores/13920/sys-vs-prs-10th-match-big-bash-league-2014-15
10,"Dec 30, Tue",1:40 PM,"MELBOURNE RENEGADES vs SYDNEY THUNDER, 11th Match",Melbourne Renegades won by 8 wkts,https://www.cricbuzz.com/cricket-scores/13921/mlr-vs-syt-11th-match-big-bash-league-2014-15
11,"Dec 31, Wed",1:40 PM,"ADELAIDE STRIKERS vs HOBART HURRICANES, 12th Match",Adelaide Strikers won by 8 wkts,https://www.cricbuzz.com/cricket-scores/13922/ads-vs-hbh-12th-match-big-bash-league-2014-15
12,"Jan 01, Thu",1:40 PM,"PERTH SCORCHERS vs SYDNEY THUNDER, 13th Match",Sydney Thunder won by 20 runs,https://www.cricbuzz.com/cricket-scores/13923/prs-vs-syt-13th-match-big-bash-league-2014-15
13,"Jan 02, Fri",1:40 PM,"HOBART HURRICANES vs BRISBANE HEAT, 14th Match",Hobart Hurricanes won by 6 wkts,https://www.cricbuzz.com/cricket-scores/13924/hbh-vs-brh-14th-match-big-bash-league-2014-15
14,"Jan 03, Sat",1:40 PM,"MELBOURNE RENEGADES vs MELBOURNE STARS, 15th Match",Melbourne Stars won by 112 runs,https://www.cricbuzz.com/cricket-scores/13925/mlr-vs-mls-15th-match-big-bash-league-2014-15
15,"Jan 04, Sun",1:40 PM,"BRISBANE HEAT vs ADELAIDE STRIKERS, 16th Match",Adelaide Strikers won by 5 wkts,https://www.cricbuzz.com/cricket-scores/13926/brh-vs-ads-16th-match-big-bash-league-2014-15
16,"Jan 05, Mon",1:40 PM,"MELBOURNE STARS vs SYDNEY SIXERS, 17th Match",Match tied (Melbourne Stars won the one-over eliminator),https://www.cricbuzz.com/cricket-scores/13927/mls-vs-sys-17th-match-big-bash-league-2014-15
17,"Jan 06, Tue",1:40 PM,"ADELAIDE STRIKERS vs PERTH SCORCHERS, 18th Match",Perth Scorchers won by 18 runs,https://www.cricbuzz.com/cricket-scores/13928/ads-vs-prs-18th-match-big-bash-league-2014-15
18,"Jan 07, Wed",1:40 PM,"HOBART HURRICANES vs MELBOURNE RENEGADES, 19th Match",Melbourne Renegades won by 37 runs,https://www.cricbuzz.com/cricket-scores/13938/hbh-vs-mlr-19th-match-big-bash-league-2014-15
19,"Jan 08, Thu",1:40 PM,"PERTH SCORCHERS vs BRISBANE HEAT, 20th Match",Perth Scorchers won by 8 wkts,https://www.cricbuzz.com/cricket-scores/13930/prs-vs-brh-20th-match-big-bash-league-2014-15
20,"Jan 09, Fri",1:40 PM,"SYDNEY THUNDER vs HOBART HURRICANES, 21st Match",Hobart won by 5 wkts (D/L method),https://www.cricbuzz.com/cricket-scores/13929/syt-vs-hbh-21st-match-big-bash-league-2014-15
21,"Jan 10, Sat",1:40 PM,"MELBOURNE STARS vs MELBOURNE RENEGADES, 22nd Match",Melbourne Stars won by 3 wkts,https://www.cricbuzz.com/cricket-scores/13932/mls-vs-mlr-22nd-match-big-bash-league-2014-15
22,"Jan 11, Sun",8:15 AM,"HOBART HURRICANES vs PERTH SCORCHERS, 23rd Match",Perth Scorchers won by 18 runs,https://www.cricbuzz.com/cricket-scores/13933/hbh-vs-prs-23rd-match-big-bash-league-2014-15
23,,1:40 PM,"BRISBANE HEAT vs SYDNEY SIXERS, 24th Match",Sydney Sixers won by 6 wkts,https://www.cricbuzz.com/cricket-scores/13934/brh-vs-sys-24th-match-big-bash-league-2014-15
24,"Jan 12, Mon",2:10 PM,"ADELAIDE STRIKERS vs SYDNEY THUNDER, 25th Match",No result,https://www.cricbuzz.com/cricket-scores/13935/ads-vs-syt-25th-match-big-bash-league-2014-15
25,"Jan 13, Tue",2:10 PM,"MELBOURNE RENEGADES vs BRISBANE HEAT, 26th Match",Melbourne Renegades won by 5 wkts,https://www.cricbuzz.com/cricket-scores/13936/mlr-vs-brh-26th-match-big-bash-league-2014-15
26,"Jan 14, Wed",2:10 PM,"SYDNEY SIXERS vs ADELAIDE STRIKERS, 27th Match",Adelaide Strikers won by 23 runs,https://www.cricbuzz.com/cricket-scores/13937/sys-vs-ads-27th-match-big-bash-league-2014-15
27,"Jan 15, Thu",2:10 PM,"BRISBANE HEAT vs HOBART HURRICANES, 28th Match",Brisbane Heat won by 18 runs,https://www.cricbuzz.com/cricket-scores/13942/brh-vs-hbh-28th-match-big-bash-league-2014-15
28,"Jan 17, Sat",1:40 PM,"SYDNEY THUNDER vs MELBOURNE STARS, 29th Match",Melbourne Stars won by 8 wkts,https://www.cricbuzz.com/cricket-scores/13939/syt-vs-mls-29th-match-big-bash-league-2014-15
29,"Jan 19, Mon",2:10 PM,"MELBOURNE RENEGADES vs ADELAIDE STRIKERS, 30th Match",Adelaide Strikers won by 22 runs,https://www.cricbuzz.com/cricket-scores/13940/mlr-vs-ads-30th-match-big-bash-league-2014-15
30,"Jan 21, Wed",2:10 PM,"MELBOURNE STARS vs PERTH SCORCHERS, 31st Match",Melbourne Stars won by 3 wkts,https://www.cricbuzz.com/cricket-scores/13941/mls-vs-prs-31st-match-big-bash-league-2014-15
31,"Jan 22, Thu",2:10 PM,"SYDNEY SIXERS vs SYDNEY THUNDER, 32nd Match",Sydney Sixers won by 4 wkts,https://www.cricbuzz.com/cricket-scores/13931/sys-vs-syt-32nd-match-big-bash-league-2014-15
32,"Jan 24, Sat",1:40 PM,"ADELAIDE STRIKERS vs SYDNEY SIXERS, 1st semi-final",Sydney Sixers won by 87 runs,https://www.cricbuzz.com/cricket-scores/13943/ads-vs-sys-1st-semi-final-big-bash-league-2014-15
33,"Jan 25, Sun",1:40 PM,"PERTH SCORCHERS vs MELBOURNE STARS, 2nd semi-final",Perth Scorchers won by 18 runs,https://www.cricbuzz.com/cricket-scores/13944/prs-vs-mls-2nd-semi-final-big-bash-league-2014-15
34,"Jan 28, Wed",2:10 PM,"PERTH SCORCHERS vs SYDNEY SIXERS, Final",Perth Scorchers won by 4 wkts,https://www.cricbuzz.com/cricket-scores/13945/prs-vs-sys-final-big-bash-league-2014-15
