,Date,Time,Stadium,City,Match Details,Team Bowling,Total Runs Conceeded,Total Wickets Taken,Bowler Name,Overs,Maidens,Runs,Wickets,No Balls,Wides,Economies
0,"Dec 07, ",06:15 PM,"The Gabba, ",Brisbane,"Brisbane Heat vs Melbourne Stars, 1st Match - Live Cricket Score, Commentary",Melbourne Stars Innings,214,3,Olly Stone,4,0,38,0,1,2,9.50
1,"Dec 07, ",06:15 PM,"The Gabba, ",Brisbane,"Brisbane Heat vs Melbourne Stars, 1st Match - Live Cricket Score, Commentary",Melbourne Stars Innings,214,3,Joel Paris,4,0,46,1,0,1,11.50
2,"Dec 07, ",06:15 PM,"The Gabba, ",Brisbane,"Brisbane Heat vs Melbourne Stars, 1st Match - Live Cricket Score, Commentary",Melbourne Stars Innings,214,3,Maxwell (c),3,0,44,1,0,10,14.70
3,"Dec 07, ",06:15 PM,"The Gabba, ",Brisbane,"Brisbane Heat vs Melbourne Stars, 1st Match - Live Cricket Score, Commentary",Melbourne Stars Innings,214,3,Coulter-Nile,4,0,35,1,0,2,8.80
4,"Dec 07, ",06:15 PM,"The Gabba, ",Brisbane,"Brisbane Heat vs Melbourne Stars, 1st Match - Live Cricket Score, Commentary",Melbourne Stars Innings,214,3,Usama Mir,2,0,20,0,0,2,10.00
5,"Dec 07, ",06:15 PM,"The Gabba, ",Brisbane,"Brisbane Heat vs Melbourne Stars, 1st Match - Live Cricket Score, Commentary",Melbourne Stars Innings,214,3,Liam Dawson,3,0,25,0,0,0,8.30
6,"Dec 07, ",06:15 PM,"The Gabba, ",Brisbane,"Brisbane Heat vs Melbourne Stars, 1st Match - Live Cricket Score, Commentary",Brisbane Heat Innings,111,10,Michael Neser,3,0,30,2,0,0,10.00
7,"Dec 07, ",06:15 PM,"The Gabba, ",Brisbane,"Brisbane Heat vs Melbourne Stars, 1st Match - Live Cricket Score, Commentary",Brisbane Heat Innings,111,10,Xavier Bartlett,3,0,8,2,0,0,2.70
8,"Dec 07, ",06:15 PM,"The Gabba, ",Brisbane,"Brisbane Heat vs Melbourne Stars, 1st Match - Live Cricket Score, Commentary",Brisbane Heat Innings,111,10,Spencer Johnson,2,0,25,1,0,0,12.50
9,"Dec 07, ",06:15 PM,"The Gabba, ",Brisbane,"Brisbane Heat vs Melbourne Stars, 1st Match - Live Cricket Score, Commentary",Brisbane Heat Innings,111,10,Mitchell Swepson,3.1,0,23,3,0,0,7.30
10,"Dec 07, ",06:15 PM,"The Gabba, ",Brisbane,"Brisbane Heat vs Melbourne Stars, 1st Match - Live Cricket Score, Commentary",Brisbane Heat Innings,111,10,Matthew Kuhnemann,3,0,17,1,0,0,5.70
11,"Dec 07, ",06:15 PM,"The Gabba, ",Brisbane,"Brisbane Heat vs Melbourne Stars, 1st Match - Live Cricket Score, Commentary",Brisbane Heat Innings,111,10,Paul Walter,1,0,7,1,0,1,7.00
12,"Dec 08, ",07:15 PM,"Sydney Cricket Ground, ",Sydney,"Sydney Sixers vs Melbourne Renegades, 2nd Match - Live Cricket Score, Commentary",Melbourne Renegades Innings,175,6,Tom Rogers,4,0,47,0,0,0,11.80
13,"Dec 08, ",07:15 PM,"Sydney Cricket Ground, ",Sydney,"Sydney Sixers vs Melbourne Renegades, 2nd Match - Live Cricket Score, Commentary",Melbourne Renegades Innings,175,6,Kane Richardson,4,0,47,1,0,1,11.80
14,"Dec 08, ",07:15 PM,"Sydney Cricket Ground, ",Sydney,"Sydney Sixers vs Melbourne Renegades, 2nd Match - Live Cricket Score, Commentary",Melbourne Renegades Innings,175,6,Mujeeb,4,0,35,0,0,2,8.80
15,"Dec 08, ",07:15 PM,"Sydney Cricket Ground, ",Sydney,"Sydney Sixers vs Melbourne Renegades, 2nd Match - Live Cricket Score, Commentary",Melbourne Renegades Innings,175,6,Zampa,4,0,24,2,0,0,6.00
16,"Dec 08, ",07:15 PM,"Sydney Cricket Ground, ",Sydney,"Sydney Sixers vs Melbourne Renegades, 2nd Match - Live Cricket Score, Commentary",Melbourne Renegades Innings,175,6,Sutherland,4,0,21,2,0,0,5.20
17,"Dec 11, ",07:15 PM,"North Tasmania Cricket Association Ground, ",Launceston,"Hobart Hurricanes vs Sydney Sixers, 5th Match - Live Cricket Score, Commentary",Sydney Sixers Innings,135,8,Bird,4,0,32,1,0,0,8.00
18,"Dec 11, ",07:15 PM,"North Tasmania Cricket Association Ground, ",Launceston,"Hobart Hurricanes vs Sydney Sixers, 5th Match - Live Cricket Score, Commentary",Sydney Sixers Innings,135,8,T Murphy,1,0,13,0,0,0,13.00
19,"Dec 11, ",07:15 PM,"North Tasmania Cricket Association Ground, ",Launceston,"Hobart Hurricanes vs Sydney Sixers, 5th Match - Live Cricket Score, Commentary",Sydney Sixers Innings,135,8,Jack Edwards,4,0,18,2,0,1,4.50
20,"Dec 11, ",07:15 PM,"North Tasmania Cricket Association Ground, ",Launceston,"Hobart Hurricanes vs Sydney Sixers, 5th Match - Live Cricket Score, Commentary",Sydney Sixers Innings,135,8,Steve OKeefe,2,0,16,0,0,0,8.00
21,"Dec 11, ",07:15 PM,"North Tasmania Cricket Association Ground, ",Launceston,"Hobart Hurricanes vs Sydney Sixers, 5th Match - Live Cricket Score, Commentary",Sydney Sixers Innings,135,8,Tom Curran,4,0,19,3,1,1,4.80
22,"Dec 11, ",07:15 PM,"North Tasmania Cricket Association Ground, ",Launceston,"Hobart Hurricanes vs Sydney Sixers, 5th Match - Live Cricket Score, Commentary",Sydney Sixers Innings,135,8,Dwarshuis,4,0,21,2,0,0,5.20
23,"Dec 11, ",07:15 PM,"North Tasmania Cricket Association Ground, ",Launceston,"Hobart Hurricanes vs Sydney Sixers, 5th Match - Live Cricket Score, Commentary",Sydney Sixers Innings,135,8,Henriques (c),1,0,11,0,0,0,11.00
24,"Dec 11, ",07:15 PM,"North Tasmania Cricket Association Ground, ",Launceston,"Hobart Hurricanes vs Sydney Sixers, 5th Match - Live Cricket Score, Commentary",Hobart Hurricanes Innings,139,4,Riley Meredith,1.3,0,9,1,0,0,6.00
25,"Dec 11, ",07:15 PM,"North Tasmania Cricket Association Ground, ",Launceston,"Hobart Hurricanes vs Sydney Sixers, 5th Match - Live Cricket Score, Commentary",Hobart Hurricanes Innings,139,4,Nathan Ellis (c),4,0,29,1,1,0,7.20
26,"Dec 11, ",07:15 PM,"North Tasmania Cricket Association Ground, ",Launceston,"Hobart Hurricanes vs Sydney Sixers, 5th Match - Live Cricket Score, Commentary",Hobart Hurricanes Innings,139,4,Corey Anderson,3.3,0,10,2,0,0,2.90
27,"Dec 11, ",07:15 PM,"North Tasmania Cricket Association Ground, ",Launceston,"Hobart Hurricanes vs Sydney Sixers, 5th Match - Live Cricket Score, Commentary",Hobart Hurricanes Innings,139,4,Chris Jordan,3.2,0,34,0,0,1,10.20
28,"Dec 11, ",07:15 PM,"North Tasmania Cricket Association Ground, ",Launceston,"Hobart Hurricanes vs Sydney Sixers, 5th Match - Live Cricket Score, Commentary",Hobart Hurricanes Innings,139,4,Patrick Dooley,3,0,22,0,0,0,7.30
29,"Dec 11, ",07:15 PM,"North Tasmania Cricket Association Ground, ",Launceston,"Hobart Hurricanes vs Sydney Sixers, 5th Match - Live Cricket Score, Commentary",Hobart Hurricanes Innings,139,4,Peter Hatzoglou,4,0,27,0,0,0,6.80
30,"Dec 12, ",07:15 PM,"Manuka Oval, ",Canberra,"Sydney Thunder vs Brisbane Heat, 6th Match - Live Cricket Score, Commentary",Sydney Thunder Innings,151,7,Daniel Sams,2,0,25,0,0,0,12.50
31,"Dec 12, ",07:15 PM,"Manuka Oval, ",Canberra,"Sydney Thunder vs Brisbane Heat, 6th Match - Live Cricket Score, Commentary",Sydney Thunder Innings,151,7,Chris Green (c),4,0,30,1,0,0,7.50
32,"Dec 12, ",07:15 PM,"Manuka Oval, ",Canberra,"Sydney Thunder vs Brisbane Heat, 6th Match - Live Cricket Score, Commentary",Sydney Thunder Innings,151,7,McAndrew,3,0,23,0,0,0,7.70
33,"Dec 12, ",07:15 PM,"Manuka Oval, ",Canberra,"Sydney Thunder vs Brisbane Heat, 6th Match - Live Cricket Score, Commentary",Sydney Thunder Innings,151,7,Liam Hatcher,3,0,16,1,0,1,5.30
34,"Dec 12, ",07:15 PM,"Manuka Oval, ",Canberra,"Sydney Thunder vs Brisbane Heat, 6th Match - Live Cricket Score, Commentary",Sydney Thunder Innings,151,7,T Sangha,4,0,21,3,0,0,5.20
35,"Dec 12, ",07:15 PM,"Manuka Oval, ",Canberra,"Sydney Thunder vs Brisbane Heat, 6th Match - Live Cricket Score, Commentary",Sydney Thunder Innings,151,7,Zaman Khan,4,0,31,2,0,1,7.80
36,"Dec 12, ",07:15 PM,"Manuka Oval, ",Canberra,"Sydney Thunder vs Brisbane Heat, 6th Match - Live Cricket Score, Commentary",Brisbane Heat Innings,131,10,Michael Neser,2,0,13,1,0,0,6.50
37,"Dec 12, ",07:15 PM,"Manuka Oval, ",Canberra,"Sydney Thunder vs Brisbane Heat, 6th Match - Live Cricket Score, Commentary",Brisbane Heat Innings,131,10,Xavier Bartlett,4,0,35,3,0,1,8.80
38,"Dec 12, ",07:15 PM,"Manuka Oval, ",Canberra,"Sydney Thunder vs Brisbane Heat, 6th Match - Live Cricket Score, Commentary",Brisbane Heat Innings,131,10,Spencer Johnson,2,0,16,0,0,1,8.00
39,"Dec 12, ",07:15 PM,"Manuka Oval, ",Canberra,"Sydney Thunder vs Brisbane Heat, 6th Match - Live Cricket Score, Commentary",Brisbane Heat Innings,131,10,Mitchell Swepson,4,0,26,2,0,0,6.50
40,"Dec 12, ",07:15 PM,"Manuka Oval, ",Canberra,"Sydney Thunder vs Brisbane Heat, 6th Match - Live Cricket Score, Commentary",Brisbane Heat Innings,131,10,Matthew Kuhnemann,3,0,18,2,0,0,6.00
41,"Dec 12, ",07:15 PM,"Manuka Oval, ",Canberra,"Sydney Thunder vs Brisbane Heat, 6th Match - Live Cricket Score, Commentary",Brisbane Heat Innings,131,10,Paul Walter,4,0,22,2,0,0,5.50
42,"Dec 13, ",07:15 PM,"Melbourne Cricket Ground, ",Melbourne,"Melbourne Stars vs Perth Scorchers, 7th Match - Live Cricket Score, Commentary",Perth Scorchers Innings,101,10,Jhye Richardson,4,0,20,,0,1,5.00
43,"Dec 13, ",07:15 PM,"Melbourne Cricket Ground, ",Melbourne,"Melbourne Stars vs Perth Scorchers, 7th Match - Live Cricket Score, Commentary",Perth Scorchers Innings,101,10,Behrendorff,4,1,28,3,0,0,7.00
44,"Dec 13, ",07:15 PM,"Melbourne Cricket Ground, ",Melbourne,"Melbourne Stars vs Perth Scorchers, 7th Match - Live Cricket Score, Commentary",Perth Scorchers Innings,101,10,Cooper Connolly,2,0,11,1,0,0,5.50
45,"Dec 13, ",07:15 PM,"Melbourne Cricket Ground, ",Melbourne,"Melbourne Stars vs Perth Scorchers, 7th Match - Live Cricket Score, Commentary",Perth Scorchers Innings,101,10,H McKenzie,4,0,12,2,0,0,3.00
46,"Dec 13, ",07:15 PM,"Melbourne Cricket Ground, ",Melbourne,"Melbourne Stars vs Perth Scorchers, 7th Match - Live Cricket Score, Commentary",Perth Scorchers Innings,101,10,Andrew Tye,4,0,24,1,0,0,6.00
47,"Dec 13, ",07:15 PM,"Melbourne Cricket Ground, ",Melbourne,"Melbourne Stars vs Perth Scorchers, 7th Match - Live Cricket Score, Commentary",Perth Scorchers Innings,101,10,Aaron Hardie,1.1,0,5,1,0,0,4.30
48,"Dec 13, ",07:15 PM,"Melbourne Cricket Ground, ",Melbourne,"Melbourne Stars vs Perth Scorchers, 7th Match - Live Cricket Score, Commentary",Melbourne Stars Innings,102,3,Marcus Stoinis (c),2,0,19,0,0,1,9.50
49,"Dec 13, ",07:15 PM,"Melbourne Cricket Ground, ",Melbourne,"Melbourne Stars vs Perth Scorchers, 7th Match - Live Cricket Score, Commentary",Melbourne Stars Innings,102,3,Joel Paris,2,0,17,1,0,0,8.50
50,"Dec 13, ",07:15 PM,"Melbourne Cricket Ground, ",Melbourne,"Melbourne Stars vs Perth Scorchers, 7th Match - Live Cricket Score, Commentary",Melbourne Stars Innings,102,3,Haris Rauf,2,0,14,0,0,0,7.00
51,"Dec 13, ",07:15 PM,"Melbourne Cricket Ground, ",Melbourne,"Melbourne Stars vs Perth Scorchers, 7th Match - Live Cricket Score, Commentary",Melbourne Stars Innings,102,3,Liam Dawson,3.5,0,30,1,0,0,7.80
52,"Dec 13, ",07:15 PM,"Melbourne Cricket Ground, ",Melbourne,"Melbourne Stars vs Perth Scorchers, 7th Match - Live Cricket Score, Commentary",Melbourne Stars Innings,102,3,Usama Mir,4,0,22,1,0,0,5.50
53,"Dec 20, ",04:15 PM,"Perth Stadium, ",Perth,"Perth Scorchers vs Hobart Hurricanes, 9th Match - Live Cricket Score, Commentary",Perth Scorchers Innings,172,8,Jhye Richardson,4,0,42,0,0,0,10.50
54,"Dec 20, ",04:15 PM,"Perth Stadium, ",Perth,"Perth Scorchers vs Hobart Hurricanes, 9th Match - Live Cricket Score, Commentary",Perth Scorchers Innings,172,8,Behrendorff,4,0,25,4,0,1,6.20
55,"Dec 20, ",04:15 PM,"Perth Stadium, ",Perth,"Perth Scorchers vs Hobart Hurricanes, 9th Match - Live Cricket Score, Commentary",Perth Scorchers Innings,172,8,Lance Morris,4,0,27,1,0,1,6.80
56,"Dec 20, ",04:15 PM,"Perth Stadium, ",Perth,"Perth Scorchers vs Hobart Hurricanes, 9th Match - Live Cricket Score, Commentary",Perth Scorchers Innings,172,8,Andrew Tye,4,0,49,2,0,2,12.20
57,"Dec 20, ",04:15 PM,"Perth Stadium, ",Perth,"Perth Scorchers vs Hobart Hurricanes, 9th Match - Live Cricket Score, Commentary",Perth Scorchers Innings,172,8,Agar,3,0,15,1,0,1,5.00
58,"Dec 20, ",04:15 PM,"Perth Stadium, ",Perth,"Perth Scorchers vs Hobart Hurricanes, 9th Match - Live Cricket Score, Commentary",Perth Scorchers Innings,172,8,Turner (c),0.1,0,1,0,0,0,6.00
59,"Dec 20, ",04:15 PM,"Perth Stadium, ",Perth,"Perth Scorchers vs Hobart Hurricanes, 9th Match - Live Cricket Score, Commentary",Perth Scorchers Innings,172,8,Cooper Connolly,0.5,0,12,0,0,0,14.40
60,"Dec 20, ",04:15 PM,"Perth Stadium, ",Perth,"Perth Scorchers vs Hobart Hurricanes, 9th Match - Live Cricket Score, Commentary",Hobart Hurricanes Innings,173,1,Billy Stanlake,3,0,29,0,0,3,9.70
61,"Dec 20, ",04:15 PM,"Perth Stadium, ",Perth,"Perth Scorchers vs Hobart Hurricanes, 9th Match - Live Cricket Score, Commentary",Hobart Hurricanes Innings,173,1,Patrick Dooley,4,0,44,0,0,2,11.00
62,"Dec 20, ",04:15 PM,"Perth Stadium, ",Perth,"Perth Scorchers vs Hobart Hurricanes, 9th Match - Live Cricket Score, Commentary",Hobart Hurricanes Innings,173,1,Chris Jordan,3,0,25,1,0,1,8.30
63,"Dec 20, ",04:15 PM,"Perth Stadium, ",Perth,"Perth Scorchers vs Hobart Hurricanes, 9th Match - Live Cricket Score, Commentary",Hobart Hurricanes Innings,173,1,Nathan Ellis (c),3.1,0,35,0,1,2,11.10
64,"Dec 20, ",04:15 PM,"Perth Stadium, ",Perth,"Perth Scorchers vs Hobart Hurricanes, 9th Match - Live Cricket Score, Commentary",Hobart Hurricanes Innings,173,1,Mitchell Owen,1,0,12,0,0,0,12.00
65,"Dec 20, ",04:15 PM,"Perth Stadium, ",Perth,"Perth Scorchers vs Hobart Hurricanes, 9th Match - Live Cricket Score, Commentary",Hobart Hurricanes Innings,173,1,Corey Anderson,1,0,14,0,0,0,14.00
66,"Dec 20, ",04:15 PM,"Perth Stadium, ",Perth,"Perth Scorchers vs Hobart Hurricanes, 9th Match - Live Cricket Score, Commentary",Hobart Hurricanes Innings,173,1,Nikhil Chaudhary,1,0,5,0,0,0,5.00
67,"Dec 21, ",07:15 PM,"Docklands Stadium, ",Melbourne,"Melbourne Renegades vs Brisbane Heat, 10th Match - Live Cricket Score, Commentary",Brisbane Heat Innings,162,8,Neser,2,1,15,0,0,2,7.50
68,"Dec 21, ",07:15 PM,"Docklands Stadium, ",Melbourne,"Melbourne Renegades vs Brisbane Heat, 10th Match - Live Cricket Score, Commentary",Brisbane Heat Innings,162,8,Spencer Johnson,4,0,39,1,0,1,9.80
69,"Dec 21, ",07:15 PM,"Docklands Stadium, ",Melbourne,"Melbourne Renegades vs Brisbane Heat, 10th Match - Live Cricket Score, Commentary",Brisbane Heat Innings,162,8,M Kuhnemann,3,0,19,0,0,0,6.30
70,"Dec 21, ",07:15 PM,"Docklands Stadium, ",Melbourne,"Melbourne Renegades vs Brisbane Heat, 10th Match - Live Cricket Score, Commentary",Brisbane Heat Innings,162,8,Xavier Bartlett,3,0,28,1,0,1,9.30
71,"Dec 21, ",07:15 PM,"Docklands Stadium, ",Melbourne,"Melbourne Renegades vs Brisbane Heat, 10th Match - Live Cricket Score, Commentary",Brisbane Heat Innings,162,8,Swepson,4,0,27,1,0,1,6.80
72,"Dec 21, ",07:15 PM,"Docklands Stadium, ",Melbourne,"Melbourne Renegades vs Brisbane Heat, 10th Match - Live Cricket Score, Commentary",Brisbane Heat Innings,162,8,Paul Walter,4,0,27,3,0,0,6.80
73,"Dec 21, ",07:15 PM,"Docklands Stadium, ",Melbourne,"Melbourne Renegades vs Brisbane Heat, 10th Match - Live Cricket Score, Commentary",Melbourne Renegades Innings,163,4,Tom Rogers,3.1,0,27,0,0,0,8.50
74,"Dec 21, ",07:15 PM,"Docklands Stadium, ",Melbourne,"Melbourne Renegades vs Brisbane Heat, 10th Match - Live Cricket Score, Commentary",Melbourne Renegades Innings,163,4,Mujeeb Ur Rahman,4,0,27,2,0,1,6.80
75,"Dec 21, ",07:15 PM,"Docklands Stadium, ",Melbourne,"Melbourne Renegades vs Brisbane Heat, 10th Match - Live Cricket Score, Commentary",Melbourne Renegades Innings,163,4,Kane Richardson,3,0,28,1,0,0,9.30
76,"Dec 21, ",07:15 PM,"Docklands Stadium, ",Melbourne,"Melbourne Renegades vs Brisbane Heat, 10th Match - Live Cricket Score, Commentary",Melbourne Renegades Innings,163,4,Will Sutherland,3,0,26,0,0,0,8.70
77,"Dec 21, ",07:15 PM,"Docklands Stadium, ",Melbourne,"Melbourne Renegades vs Brisbane Heat, 10th Match - Live Cricket Score, Commentary",Melbourne Renegades Innings,163,4,Adam Zampa,4,0,36,1,0,1,9.00
78,"Dec 21, ",07:15 PM,"Docklands Stadium, ",Melbourne,"Melbourne Renegades vs Brisbane Heat, 10th Match - Live Cricket Score, Commentary",Melbourne Renegades Innings,163,4,Nic Maddinson (c),1,0,12,0,0,0,12.00
79,"Dec 22, ",07:15 PM,"Sydney Cricket Ground, ",Sydney,"Sydney Sixers vs Adelaide Strikers, 11th Match - Live Cricket Score, Commentary",Adelaide Strikers Innings,155,7,David Payne,4,0,48,1,0,1,12.00
80,"Dec 22, ",07:15 PM,"Sydney Cricket Ground, ",Sydney,"Sydney Sixers vs Adelaide Strikers, 11th Match - Live Cricket Score, Commentary",Adelaide Strikers Innings,155,7,Matthew Short (c),2,0,13,2,0,0,6.50
81,"Dec 22, ",07:15 PM,"Sydney Cricket Ground, ",Sydney,"Sydney Sixers vs Adelaide Strikers, 11th Match - Live Cricket Score, Commentary",Adelaide Strikers Innings,155,7,J Overton,4,0,23,3,0,2,5.80
82,"Dec 22, ",07:15 PM,"Sydney Cricket Ground, ",Sydney,"Sydney Sixers vs Adelaide Strikers, 11th Match - Live Cricket Score, Commentary",Adelaide Strikers Innings,155,7,Wes Agar,4,0,37,0,0,2,9.20
83,"Dec 22, ",07:15 PM,"Sydney Cricket Ground, ",Sydney,"Sydney Sixers vs Adelaide Strikers, 11th Match - Live Cricket Score, Commentary",Adelaide Strikers Innings,155,7,Bazley,2,0,9,1,0,0,4.50
84,"Dec 22, ",07:15 PM,"Sydney Cricket Ground, ",Sydney,"Sydney Sixers vs Adelaide Strikers, 11th Match - Live Cricket Score, Commentary",Adelaide Strikers Innings,155,7,Boyce,4,0,25,0,0,0,6.20
85,"Dec 22, ",07:15 PM,"Sydney Cricket Ground, ",Sydney,"Sydney Sixers vs Adelaide Strikers, 11th Match - Live Cricket Score, Commentary",Sydney Sixers Innings,154,6,Jackson Bird,4,0,19,2,0,0,4.80
86,"Dec 22, ",07:15 PM,"Sydney Cricket Ground, ",Sydney,"Sydney Sixers vs Adelaide Strikers, 11th Match - Live Cricket Score, Commentary",Sydney Sixers Innings,154,6,Jack Edwards,4,0,47,1,0,2,11.80
87,"Dec 22, ",07:15 PM,"Sydney Cricket Ground, ",Sydney,"Sydney Sixers vs Adelaide Strikers, 11th Match - Live Cricket Score, Commentary",Sydney Sixers Innings,154,6,Steve OKeefe,4,0,22,0,0,0,5.50
88,"Dec 22, ",07:15 PM,"Sydney Cricket Ground, ",Sydney,"Sydney Sixers vs Adelaide Strikers, 11th Match - Live Cricket Score, Commentary",Sydney Sixers Innings,154,6,Todd Murphy,3,0,14,1,0,0,4.70
89,"Dec 22, ",07:15 PM,"Sydney Cricket Ground, ",Sydney,"Sydney Sixers vs Adelaide Strikers, 11th Match - Live Cricket Score, Commentary",Sydney Sixers Innings,154,6,Ben Dwarshuis,3,0,38,0,1,2,12.70
90,"Dec 22, ",07:15 PM,"Sydney Cricket Ground, ",Sydney,"Sydney Sixers vs Adelaide Strikers, 11th Match - Live Cricket Score, Commentary",Sydney Sixers Innings,154,6,Moises Henriques (c),2,0,11,2,0,0,5.50
91,"Dec 23, ",03:30 PM,"Lavington Sports Oval, ",Albury,"Melbourne Stars vs Sydney Thunder, 12th Match - Live Cricket Score, Commentary",Sydney Thunder Innings,172,10,Chris Green (c),4,0,30,1,0,7,7.50
92,"Dec 23, ",03:30 PM,"Lavington Sports Oval, ",Albury,"Melbourne Stars vs Sydney Thunder, 12th Match - Live Cricket Score, Commentary",Sydney Thunder Innings,172,10,Liam Hatcher,3,0,33,1,0,7,11.00
93,"Dec 23, ",03:30 PM,"Lavington Sports Oval, ",Albury,"Melbourne Stars vs Sydney Thunder, 12th Match - Live Cricket Score, Commentary",Sydney Thunder Innings,172,10,McAndrew,2,0,20,0,0,2,10.00
94,"Dec 23, ",03:30 PM,"Lavington Sports Oval, ",Albury,"Melbourne Stars vs Sydney Thunder, 12th Match - Live Cricket Score, Commentary",Sydney Thunder Innings,172,10,Daniel Sams,4,0,33,4,0,2,8.20
95,"Dec 23, ",03:30 PM,"Lavington Sports Oval, ",Albury,"Melbourne Stars vs Sydney Thunder, 12th Match - Live Cricket Score, Commentary",Sydney Thunder Innings,172,10,T Sangha,3,0,29,0,0,1,9.70
96,"Dec 23, ",03:30 PM,"Lavington Sports Oval, ",Albury,"Melbourne Stars vs Sydney Thunder, 12th Match - Live Cricket Score, Commentary",Sydney Thunder Innings,172,10,Zaman Khan,4,0,24,3,0,0,6.00
97,"Dec 23, ",03:30 PM,"Lavington Sports Oval, ",Albury,"Melbourne Stars vs Sydney Thunder, 12th Match - Live Cricket Score, Commentary",Melbourne Stars Innings,176,5,Liam Dawson,3.2,0,35,1,0,0,10.50
98,"Dec 23, ",03:30 PM,"Lavington Sports Oval, ",Albury,"Melbourne Stars vs Sydney Thunder, 12th Match - Live Cricket Score, Commentary",Melbourne Stars Innings,176,5,Mark Steketee,3,0,43,0,2,0,14.30
99,"Dec 23, ",03:30 PM,"Lavington Sports Oval, ",Albury,"Melbourne Stars vs Sydney Thunder, 12th Match - Live Cricket Score, Commentary",Melbourne Stars Innings,176,5,Marcus Stoinis,2,0,14,0,0,1,7.00
100,"Dec 23, ",03:30 PM,"Lavington Sports Oval, ",Albury,"Melbourne Stars vs Sydney Thunder, 12th Match - Live Cricket Score, Commentary",Melbourne Stars Innings,176,5,Haris Rauf,3,0,20,0,0,1,6.70
101,"Dec 23, ",03:30 PM,"Lavington Sports Oval, ",Albury,"Melbourne Stars vs Sydney Thunder, 12th Match - Live Cricket Score, Commentary",Melbourne Stars Innings,176,5,Usama Mir,3,0,28,0,0,0,9.30
102,"Dec 23, ",03:30 PM,"Lavington Sports Oval, ",Albury,"Melbourne Stars vs Sydney Thunder, 12th Match - Live Cricket Score, Commentary",Melbourne Stars Innings,176,5,Beau Webster,4,0,29,4,0,1,7.20
103,"Dec 23, ",07:15 PM,"Bellerive Oval, ",Hobart,"Hobart Hurricanes vs Melbourne Renegades, 13th Match - Live Cricket Score, Commentary",Hobart Hurricanes Innings,183,5,Riley Meredith,4,0,,1,0,2,10.80
104,"Dec 23, ",07:15 PM,"Bellerive Oval, ",Hobart,"Hobart Hurricanes vs Melbourne Renegades, 13th Match - Live Cricket Score, Commentary",Hobart Hurricanes Innings,183,5,Tim David,3,0,22,0,0,1,7.30
105,"Dec 23, ",07:15 PM,"Bellerive Oval, ",Hobart,"Hobart Hurricanes vs Melbourne Renegades, 13th Match - Live Cricket Score, Commentary",Hobart Hurricanes Innings,183,5,Nathan Ellis (c),4,0,32,2,0,1,8.00
106,"Dec 23, ",07:15 PM,"Bellerive Oval, ",Hobart,"Hobart Hurricanes vs Melbourne Renegades, 13th Match - Live Cricket Score, Commentary",Hobart Hurricanes Innings,183,5,Chris Jordan,4,0,45,0,1,2,11.20
107,"Dec 23, ",07:15 PM,"Bellerive Oval, ",Hobart,"Hobart Hurricanes vs Melbourne Renegades, 13th Match - Live Cricket Score, Commentary",Hobart Hurricanes Innings,183,5,Patrick Dooley,4,0,32,2,0,0,8.00
108,"Dec 23, ",07:15 PM,"Bellerive Oval, ",Hobart,"Hobart Hurricanes vs Melbourne Renegades, 13th Match - Live Cricket Score, Commentary",Hobart Hurricanes Innings,183,5,CJ Anderson,1,0,5,0,0,0,5.00
109,"Dec 23, ",07:15 PM,"Bellerive Oval, ",Hobart,"Hobart Hurricanes vs Melbourne Renegades, 13th Match - Live Cricket Score, Commentary",Melbourne Renegades Innings,187,4,Tom Rogers,4,0,32,2,0,4,8.00
110,"Dec 23, ",07:15 PM,"Bellerive Oval, ",Hobart,"Hobart Hurricanes vs Melbourne Renegades, 13th Match - Live Cricket Score, Commentary",Melbourne Renegades Innings,187,4,Mujeeb Ur Rahman,4,0,39,1,0,3,9.80
111,"Dec 23, ",07:15 PM,"Bellerive Oval, ",Hobart,"Hobart Hurricanes vs Melbourne Renegades, 13th Match - Live Cricket Score, Commentary",Melbourne Renegades Innings,187,4,Kane Richardson,3,0,32,1,0,1,10.70
112,"Dec 23, ",07:15 PM,"Bellerive Oval, ",Hobart,"Hobart Hurricanes vs Melbourne Renegades, 13th Match - Live Cricket Score, Commentary",Melbourne Renegades Innings,187,4,Will Sutherland,4,0,47,0,0,2,11.80
113,"Dec 23, ",07:15 PM,"Bellerive Oval, ",Hobart,"Hobart Hurricanes vs Melbourne Renegades, 13th Match - Live Cricket Score, Commentary",Melbourne Renegades Innings,187,4,Adam Zampa,4,0,35,0,0,0,8.80
114,"Dec 26, ",06:05 PM,"Sydney Cricket Ground, ",Sydney,"Sydney Sixers vs Melbourne Stars, 14th Match - Live Cricket Score, Commentary",Melbourne Stars Innings,154,8,Joel Paris,4,0,35,0,0,1,8.80
115,"Dec 26, ",06:05 PM,"Sydney Cricket Ground, ",Sydney,"Sydney Sixers vs Melbourne Stars, 14th Match - Live Cricket Score, Commentary",Melbourne Stars Innings,154,8,Imad Wasim,4,0,34,0,0,0,8.50
116,"Dec 26, ",06:05 PM,"Sydney Cricket Ground, ",Sydney,"Sydney Sixers vs Melbourne Stars, 14th Match - Live Cricket Score, Commentary",Melbourne Stars Innings,154,8,Stoinis,2,0,13,1,0,1,6.50
117,"Dec 26, ",06:05 PM,"Sydney Cricket Ground, ",Sydney,"Sydney Sixers vs Melbourne Stars, 14th Match - Live Cricket Score, Commentary",Melbourne Stars Innings,154,8,Usama Mir,4,0,19,3,0,0,4.80
118,"Dec 26, ",06:05 PM,"Sydney Cricket Ground, ",Sydney,"Sydney Sixers vs Melbourne Stars, 14th Match - Live Cricket Score, Commentary",Melbourne Stars Innings,154,8,Haris Rauf,4,0,38,3,0,0,9.50
119,"Dec 26, ",06:05 PM,"Sydney Cricket Ground, ",Sydney,"Sydney Sixers vs Melbourne Stars, 14th Match - Live Cricket Score, Commentary",Melbourne Stars Innings,154,8,Webster,2,0,12,0,0,1,6.00
120,"Dec 26, ",06:05 PM,"Sydney Cricket Ground, ",Sydney,"Sydney Sixers vs Melbourne Stars, 14th Match - Live Cricket Score, Commentary",Sydney Sixers Innings,155,6,Sean Abbott,4,0,32,2,0,0,8.00
121,"Dec 26, ",06:05 PM,"Sydney Cricket Ground, ",Sydney,"Sydney Sixers vs Melbourne Stars, 14th Match - Live Cricket Score, Commentary",Sydney Sixers Innings,155,6,Jackson Bird,4,0,42,2,0,1,10.50
122,"Dec 26, ",06:05 PM,"Sydney Cricket Ground, ",Sydney,"Sydney Sixers vs Melbourne Stars, 14th Match - Live Cricket Score, Commentary",Sydney Sixers Innings,155,6,Steve OKeefe,4,0,23,1,0,0,5.80
123,"Dec 26, ",06:05 PM,"Sydney Cricket Ground, ",Sydney,"Sydney Sixers vs Melbourne Stars, 14th Match - Live Cricket Score, Commentary",Sydney Sixers Innings,155,6,Jack Edwards,4,0,30,1,0,0,7.50
124,"Dec 26, ",06:05 PM,"Sydney Cricket Ground, ",Sydney,"Sydney Sixers vs Melbourne Stars, 14th Match - Live Cricket Score, Commentary",Sydney Sixers Innings,155,6,Ben Dwarshuis,3.3,0,26,0,0,0,7.40
125,"Dec 27, ",06:15 PM,"The Gabba, ",Brisbane,"Brisbane Heat vs Sydney Thunder, 16th Match - Live Cricket Score, Commentary",Sydney Thunder Innings,172,10,Gurinder Sandhu,3,0,27,1,0,1,9.00
126,"Dec 27, ",06:15 PM,"The Gabba, ",Brisbane,"Brisbane Heat vs Sydney Thunder, 16th Match - Live Cricket Score, Commentary",Sydney Thunder Innings,172,10,McAndrew,2,0,21,0,0,1,10.50
127,"Dec 27, ",06:15 PM,"The Gabba, ",Brisbane,"Brisbane Heat vs Sydney Thunder, 16th Match - Live Cricket Score, Commentary",Sydney Thunder Innings,172,10,T Sangha,3,0,28,1,0,0,9.30
128,"Dec 27, ",06:15 PM,"The Gabba, ",Brisbane,"Brisbane Heat vs Sydney Thunder, 16th Match - Live Cricket Score, Commentary",Sydney Thunder Innings,172,10,Zaman Khan,3.4,0,33,2,0,3,9.00
129,"Dec 27, ",06:15 PM,"The Gabba, ",Brisbane,"Brisbane Heat vs Sydney Thunder, 16th Match - Live Cricket Score, Commentary",Sydney Thunder Innings,172,10,Chris Green (c),4,0,29,1,0,1,7.20
130,"Dec 27, ",06:15 PM,"The Gabba, ",Brisbane,"Brisbane Heat vs Sydney Thunder, 16th Match - Live Cricket Score, Commentary",Sydney Thunder Innings,172,10,Daniel Sams,4,0,30,5,0,0,7.50
131,"Dec 27, ",06:15 PM,"The Gabba, ",Brisbane,"Brisbane Heat vs Sydney Thunder, 16th Match - Live Cricket Score, Commentary",Brisbane Heat Innings,157,9,Michael Neser,1,0,11,0,0,1,11.00
132,"Dec 27, ",06:15 PM,"The Gabba, ",Brisbane,"Brisbane Heat vs Sydney Thunder, 16th Match - Live Cricket Score, Commentary",Brisbane Heat Innings,157,9,Spencer Johnson,4,0,24,2,1,0,6.00
133,"Dec 27, ",06:15 PM,"The Gabba, ",Brisbane,"Brisbane Heat vs Sydney Thunder, 16th Match - Live Cricket Score, Commentary",Brisbane Heat Innings,157,9,Xavier Bartlett,4,0,29,3,0,1,7.20
134,"Dec 27, ",06:15 PM,"The Gabba, ",Brisbane,"Brisbane Heat vs Sydney Thunder, 16th Match - Live Cricket Score, Commentary",Brisbane Heat Innings,157,9,Paul Walter,3,0,34,0,0,0,11.30
135,"Dec 27, ",06:15 PM,"The Gabba, ",Brisbane,"Brisbane Heat vs Sydney Thunder, 16th Match - Live Cricket Score, Commentary",Brisbane Heat Innings,157,9,Mitchell Swepson,4,0,29,1,0,3,7.20
136,"Dec 27, ",06:15 PM,"The Gabba, ",Brisbane,"Brisbane Heat vs Sydney Thunder, 16th Match - Live Cricket Score, Commentary",Brisbane Heat Innings,157,9,Matthew Kuhnemann,4,0,25,2,0,2,6.20
137,"Dec 28, ",07:15 PM,"Bellerive Oval, ",Hobart,"Hobart Hurricanes vs Melbourne Stars, 17th Match - Live Cricket Score, Commentary",Melbourne Stars Innings,155,10,Joel Paris,3.4,0,31,1,0,2,8.50
138,"Dec 28, ",07:15 PM,"Bellerive Oval, ",Hobart,"Hobart Hurricanes vs Melbourne Stars, 17th Match - Live Cricket Score, Commentary",Melbourne Stars Innings,155,10,Imad Wasim,3,0,16,1,0,0,5.30
139,"Dec 28, ",07:15 PM,"Bellerive Oval, ",Hobart,"Hobart Hurricanes vs Melbourne Stars, 17th Match - Live Cricket Score, Commentary",Melbourne Stars Innings,155,10,Stoinis,1,0,14,0,0,0,14.00
140,"Dec 28, ",07:15 PM,"Bellerive Oval, ",Hobart,"Hobart Hurricanes vs Melbourne Stars, 17th Match - Live Cricket Score, Commentary",Melbourne Stars Innings,155,10,Haris Rauf,3,0,24,3,0,1,8.00
141,"Dec 28, ",07:15 PM,"Bellerive Oval, ",Hobart,"Hobart Hurricanes vs Melbourne Stars, 17th Match - Live Cricket Score, Commentary",Melbourne Stars Innings,155,10,Usama Mir,4,0,24,1,0,0,6.00
142,"Dec 28, ",07:15 PM,"Bellerive Oval, ",Hobart,"Hobart Hurricanes vs Melbourne Stars, 17th Match - Live Cricket Score, Commentary",Melbourne Stars Innings,155,10,Maxwell (c),4,0,29,3,0,1,7.20
143,"Dec 28, ",07:15 PM,"Bellerive Oval, ",Hobart,"Hobart Hurricanes vs Melbourne Stars, 17th Match - Live Cricket Score, Commentary",Melbourne Stars Innings,155,10,Webster,1,0,16,0,0,0,16.00
144,"Dec 28, ",07:15 PM,"Bellerive Oval, ",Hobart,"Hobart Hurricanes vs Melbourne Stars, 17th Match - Live Cricket Score, Commentary",Hobart Hurricanes Innings,67,3,Riley Meredith,2,0,15,2,0,1,7.50
145,"Dec 28, ",07:15 PM,"Bellerive Oval, ",Hobart,"Hobart Hurricanes vs Melbourne Stars, 17th Match - Live Cricket Score, Commentary",Hobart Hurricanes Innings,67,3,Nathan Ellis (c),2,0,13,1,0,5,6.50
146,"Dec 28, ",07:15 PM,"Bellerive Oval, ",Hobart,"Hobart Hurricanes vs Melbourne Stars, 17th Match - Live Cricket Score, Commentary",Hobart Hurricanes Innings,67,3,Chris Jordan,1,0,16,0,0,0,16.00
147,"Dec 28, ",07:15 PM,"Bellerive Oval, ",Hobart,"Hobart Hurricanes vs Melbourne Stars, 17th Match - Live Cricket Score, Commentary",Hobart Hurricanes Innings,67,3,Patrick Dooley,1,0,17,0,0,1,17.00
148,"Dec 28, ",07:15 PM,"Bellerive Oval, ",Hobart,"Hobart Hurricanes vs Melbourne Stars, 17th Match - Live Cricket Score, Commentary",Hobart Hurricanes Innings,67,3,Corey Anderson,0.3,0,4,0,0,0,8.00
149,"Dec 29, ",07:15 PM,"Docklands Stadium, ",Melbourne,"Melbourne Renegades vs Adelaide Strikers, 18th Match - Live Cricket Score, Commentary",Melbourne Renegades Innings,177,6,Tom Rogers,4,0,48,0,0,2,12.00
150,"Dec 29, ",07:15 PM,"Docklands Stadium, ",Melbourne,"Melbourne Renegades vs Adelaide Strikers, 18th Match - Live Cricket Score, Commentary",Melbourne Renegades Innings,177,6,Mujeeb,4,0,20,3,0,3,5.00
151,"Dec 29, ",07:15 PM,"Docklands Stadium, ",Melbourne,"Melbourne Renegades vs Adelaide Strikers, 18th Match - Live Cricket Score, Commentary",Melbourne Renegades Innings,177,6,Siddle,4,0,48,1,0,0,12.00
152,"Dec 29, ",07:15 PM,"Docklands Stadium, ",Melbourne,"Melbourne Renegades vs Adelaide Strikers, 18th Match - Live Cricket Score, Commentary",Melbourne Renegades Innings,177,6,Sutherland (c),4,0,34,1,0,0,8.50
153,"Dec 29, ",07:15 PM,"Docklands Stadium, ",Melbourne,"Melbourne Renegades vs Adelaide Strikers, 18th Match - Live Cricket Score, Commentary",Melbourne Renegades Innings,177,6,Zampa,4,0,25,0,0,0,6.20
154,"Dec 29, ",07:15 PM,"Docklands Stadium, ",Melbourne,"Melbourne Renegades vs Adelaide Strikers, 18th Match - Live Cricket Score, Commentary",Adelaide Strikers Innings,178,6,David Payne,3.4,0,37,3,0,0,10.10
155,"Dec 29, ",07:15 PM,"Docklands Stadium, ",Melbourne,"Melbourne Renegades vs Adelaide Strikers, 18th Match - Live Cricket Score, Commentary",Adelaide Strikers Innings,178,6,Matthew Short (c),2,0,20,0,0,0,10.00
156,"Dec 29, ",07:15 PM,"Docklands Stadium, ",Melbourne,"Melbourne Renegades vs Adelaide Strikers, 18th Match - Live Cricket Score, Commentary",Adelaide Strikers Innings,178,6,Jamie Overton,4,0,29,1,0,2,7.20
157,"Dec 29, ",07:15 PM,"Docklands Stadium, ",Melbourne,"Melbourne Renegades vs Adelaide Strikers, 18th Match - Live Cricket Score, Commentary",Adelaide Strikers Innings,178,6,Cameron Boyce,3,0,37,1,,1,12.30
158,"Dec 29, ",07:15 PM,"Docklands Stadium, ",Melbourne,"Melbourne Renegades vs Adelaide Strikers, 18th Match - Live Cricket Score, Commentary",Adelaide Strikers Innings,178,6,Wes Agar,2,0,17,0,0,0,8.50
159,"Dec 29, ",07:15 PM,"Docklands Stadium, ",Melbourne,"Melbourne Renegades vs Adelaide Strikers, 18th Match - Live Cricket Score, Commentary",Adelaide Strikers Innings,178,6,D Arcy Short,1,0,16,0,0,0,16.00
160,"Dec 29, ",07:15 PM,"Docklands Stadium, ",Melbourne,"Melbourne Renegades vs Adelaide Strikers, 18th Match - Live Cricket Score, Commentary",Adelaide Strikers Innings,178,6,James Bazley,3,0,21,1,0,0,7.00
161,"Dec 30, ",07:15 PM,"Sydney Showground Stadium, ",Sydney,"Sydney Thunder vs Sydney Sixers, 19th Match - Live Cricket Score, Commentary",Sydney Sixers Innings,151,7,Bird,4,0,28,2,0,0,7.00
162,"Dec 30, ",07:15 PM,"Sydney Showground Stadium, ",Sydney,"Sydney Thunder vs Sydney Sixers, 19th Match - Live Cricket Score, Commentary",Sydney Sixers Innings,151,7,Abbott,4,0,47,1,0,0,11.80
163,"Dec 30, ",07:15 PM,"Sydney Showground Stadium, ",Sydney,"Sydney Thunder vs Sydney Sixers, 19th Match - Live Cricket Score, Commentary",Sydney Sixers Innings,151,7,T Murphy,1,0,9,0,0,0,9.00
164,"Dec 30, ",07:15 PM,"Sydney Showground Stadium, ",Sydney,"Sydney Thunder vs Sydney Sixers, 19th Match - Live Cricket Score, Commentary",Sydney Sixers Innings,151,7,Dwarshuis,4,0,24,1,0,0,6.00
165,"Dec 30, ",07:15 PM,"Sydney Showground Stadium, ",Sydney,"Sydney Thunder vs Sydney Sixers, 19th Match - Live Cricket Score, Commentary",Sydney Sixers Innings,151,7,Joel Davies,2,0,9,0,0,0,4.50
166,"Dec 30, ",07:15 PM,"Sydney Showground Stadium, ",Sydney,"Sydney Thunder vs Sydney Sixers, 19th Match - Live Cricket Score, Commentary",Sydney Sixers Innings,151,7,Jack Edwards,4,0,24,3,0,3,6.00
167,"Dec 30, ",07:15 PM,"Sydney Showground Stadium, ",Sydney,"Sydney Thunder vs Sydney Sixers, 19th Match - Live Cricket Score, Commentary",Sydney Sixers Innings,151,7,Henriques (c),1,0,7,0,0,0,7.00
168,"Dec 30, ",07:15 PM,"Sydney Showground Stadium, ",Sydney,"Sydney Thunder vs Sydney Sixers, 19th Match - Live Cricket Score, Commentary",Sydney Thunder Innings,34,1,Gurinder Sandhu,2,0,10,0,1,0,5.00
169,"Dec 30, ",07:15 PM,"Sydney Showground Stadium, ",Sydney,"Sydney Thunder vs Sydney Sixers, 19th Match - Live Cricket Score, Commentary",Sydney Thunder Innings,34,1,Chris Green (c),1,0,12,1,0,0,12.00
170,"Dec 30, ",07:15 PM,"Sydney Showground Stadium, ",Sydney,"Sydney Thunder vs Sydney Sixers, 19th Match - Live Cricket Score, Commentary",Sydney Thunder Innings,34,1,Nathan McAndrew,1,0,11,0,0,0,11.00
171,"Jan 01, ",04:00 PM,"Bellerive Oval, ",Hobart,"Hobart Hurricanes vs Sydney Thunder, 21st Match - Live Cricket Score, Commentary",Hobart Hurricanes Innings,150,8,Riley Meredith,4,0,31,0,0,1,7.80
172,"Jan 01, ",04:00 PM,"Bellerive Oval, ",Hobart,"Hobart Hurricanes vs Sydney Thunder, 21st Match - Live Cricket Score, Commentary",Hobart Hurricanes Innings,150,8,Nathan Ellis (c),4,0,39,1,1,4,9.80
173,"Jan 01, ",04:00 PM,"Bellerive Oval, ",Hobart,"Hobart Hurricanes vs Sydney Thunder, 21st Match - Live Cricket Score, Commentary",Hobart Hurricanes Innings,150,8,Patrick Dooley,4,0,33,2,0,0,8.20
174,"Jan 01, ",04:00 PM,"Bellerive Oval, ",Hobart,"Hobart Hurricanes vs Sydney Thunder, 21st Match - Live Cricket Score, Commentary",Hobart Hurricanes Innings,150,8,Chris Jordan,4,0,20,2,0,0,5.00
175,"Jan 01, ",04:00 PM,"Bellerive Oval, ",Hobart,"Hobart Hurricanes vs Sydney Thunder, 21st Match - Live Cricket Score, Commentary",Hobart Hurricanes Innings,150,8,Nikhil Chaudhary,4,0,26,2,0,1,6.50
176,"Jan 01, ",04:00 PM,"Bellerive Oval, ",Hobart,"Hobart Hurricanes vs Sydney Thunder, 21st Match - Live Cricket Score, Commentary",Sydney Thunder Innings,151,3,Daniel Sams,4,0,37,1,0,2,9.20
177,"Jan 01, ",04:00 PM,"Bellerive Oval, ",Hobart,"Hobart Hurricanes vs Sydney Thunder, 21st Match - Live Cricket Score, Commentary",Sydney Thunder Innings,151,3,Gurinder Sandhu,1,0,9,0,0,0,9.00
178,"Jan 01, ",04:00 PM,"Bellerive Oval, ",Hobart,"Hobart Hurricanes vs Sydney Thunder, 21st Match - Live Cricket Score, Commentary",Sydney Thunder Innings,151,3,Chris Green (c),3,0,32,0,0,0,10.70
179,"Jan 01, ",04:00 PM,"Bellerive Oval, ",Hobart,"Hobart Hurricanes vs Sydney Thunder, 21st Match - Live Cricket Score, Commentary",Sydney Thunder Innings,151,3,Tanveer Sangha,4,0,22,1,0,0,5.50
180,"Jan 01, ",04:00 PM,"Bellerive Oval, ",Hobart,"Hobart Hurricanes vs Sydney Thunder, 21st Match - Live Cricket Score, Commentary",Sydney Thunder Innings,151,3,Nathan McAndrew,3.1,0,21,1,0,1,6.60
181,"Jan 01, ",04:00 PM,"Bellerive Oval, ",Hobart,"Hobart Hurricanes vs Sydney Thunder, 21st Match - Live Cricket Score, Commentary",Sydney Thunder Innings,151,3,Liam Hatcher,3,0,29,0,0,2,9.70
182,"Jan 02, ",07:15 PM,"Melbourne Cricket Ground, ",Melbourne,"Melbourne Stars vs Melbourne Renegades, 23rd Match - Live Cricket Score, Commentary",Melbourne Stars Innings,97,7,Joel Paris,2,0,26,1,0,0,13.00
183,"Jan 02, ",07:15 PM,"Melbourne Cricket Ground, ",Melbourne,"Melbourne Stars vs Melbourne Renegades, 23rd Match - Live Cricket Score, Commentary",Melbourne Stars Innings,97,7,Stoinis,1,0,12,0,0,0,12.00
184,"Jan 02, ",07:15 PM,"Melbourne Cricket Ground, ",Melbourne,"Melbourne Stars vs Melbourne Renegades, 23rd Match - Live Cricket Score, Commentary",Melbourne Stars Innings,97,7,Imad Wasim,3,0,22,1,0,0,7.30
185,"Jan 02, ",07:15 PM,"Melbourne Cricket Ground, ",Melbourne,"Melbourne Stars vs Melbourne Renegades, 23rd Match - Live Cricket Score, Commentary",Melbourne Stars Innings,97,7,Maxwell (c),3,0,8,1,0,0,2.70
186,"Jan 02, ",07:15 PM,"Melbourne Cricket Ground, ",Melbourne,"Melbourne Stars vs Melbourne Renegades, 23rd Match - Live Cricket Score, Commentary",Melbourne Stars Innings,97,7,Steketee,2,0,12,1,0,0,6.00
187,"Jan 02, ",07:15 PM,"Melbourne Cricket Ground, ",Melbourne,"Melbourne Stars vs Melbourne Renegades, 23rd Match - Live Cricket Score, Commentary",Melbourne Stars Innings,97,7,Daniel Lawrence,2,0,8,2,0,0,4.00
188,"Jan 02, ",07:15 PM,"Melbourne Cricket Ground, ",Melbourne,"Melbourne Stars vs Melbourne Renegades, 23rd Match - Live Cricket Score, Commentary",Melbourne Stars Innings,97,7,Webster,1,0,4,1,0,0,4.00
189,"Jan 02, ",07:15 PM,"Melbourne Cricket Ground, ",Melbourne,"Melbourne Stars vs Melbourne Renegades, 23rd Match - Live Cricket Score, Commentary",Melbourne Renegades Innings,101,2,Tom Rogers,3,0,21,1,0,0,7.00
190,"Jan 02, ",07:15 PM,"Melbourne Cricket Ground, ",Melbourne,"Melbourne Stars vs Melbourne Renegades, 23rd Match - Live Cricket Score, Commentary",Melbourne Renegades Innings,101,2,Peter Siddle,3,0,22,1,0,1,7.30
191,"Jan 02, ",07:15 PM,"Melbourne Cricket Ground, ",Melbourne,"Melbourne Stars vs Melbourne Renegades, 23rd Match - Live Cricket Score, Commentary",Melbourne Renegades Innings,101,2,Jonathan Wells,1,0,11,0,0,0,11.00
192,"Jan 02, ",07:15 PM,"Melbourne Cricket Ground, ",Melbourne,"Melbourne Stars vs Melbourne Renegades, 23rd Match - Live Cricket Score, Commentary",Melbourne Renegades Innings,101,2,Adam Zampa,3,0,27,0,0,0,9.00
193,"Jan 02, ",07:15 PM,"Melbourne Cricket Ground, ",Melbourne,"Melbourne Stars vs Melbourne Renegades, 23rd Match - Live Cricket Score, Commentary",Melbourne Renegades Innings,101,2,Kane Richardson,2.1,0,19,0,0,0,8.80
194,"Jan 03, ",06:05 PM,"International Sports Stadium, ",Coffs Harbour,"Sydney Sixers vs Brisbane Heat, 24th Match - Live Cricket Score, Commentary",Brisbane Heat Innings,141,8,Neser,,0,10,0,0,0,5.00
195,"Jan 03, ",06:05 PM,"International Sports Stadium, ",Coffs Harbour,"Sydney Sixers vs Brisbane Heat, 24th Match - Live Cricket Score, Commentary",Brisbane Heat Innings,141,8,Spencer Johnson,4,0,32,1,0,1,8.00
196,"Jan 03, ",06:05 PM,"International Sports Stadium, ",Coffs Harbour,"Sydney Sixers vs Brisbane Heat, 24th Match - Live Cricket Score, Commentary",Brisbane Heat Innings,141,8,Xavier Bartlett,3,0,27,1,0,0,9.00
197,"Jan 03, ",06:05 PM,"International Sports Stadium, ",Coffs Harbour,"Sydney Sixers vs Brisbane Heat, 24th Match - Live Cricket Score, Commentary",Brisbane Heat Innings,141,8,M Kuhnemann,4,0,19,2,0,0,4.80
198,"Jan 03, ",06:05 PM,"International Sports Stadium, ",Coffs Harbour,"Sydney Sixers vs Brisbane Heat, 24th Match - Live Cricket Score, Commentary",Brisbane Heat Innings,141,8,Swepson,4,0,26,1,0,0,6.50
199,"Jan 03, ",06:05 PM,"International Sports Stadium, ",Coffs Harbour,"Sydney Sixers vs Brisbane Heat, 24th Match - Live Cricket Score, Commentary",Brisbane Heat Innings,141,8,Paul Walter,3,0,25,2,0,1,8.30
200,"Jan 03, ",06:05 PM,"International Sports Stadium, ",Coffs Harbour,"Sydney Sixers vs Brisbane Heat, 24th Match - Live Cricket Score, Commentary",Sydney Sixers Innings,104,4,Jack Edwards,3,0,16,1,0,1,5.30
201,"Jan 03, ",06:05 PM,"International Sports Stadium, ",Coffs Harbour,"Sydney Sixers vs Brisbane Heat, 24th Match - Live Cricket Score, Commentary",Sydney Sixers Innings,104,4,Sean Abbott,2.3,0,20,1,1,0,8.00
202,"Jan 03, ",06:05 PM,"International Sports Stadium, ",Coffs Harbour,"Sydney Sixers vs Brisbane Heat, 24th Match - Live Cricket Score, Commentary",Sydney Sixers Innings,104,4,Steve OKeefe,3,0,20,1,0,0,6.70
203,"Jan 03, ",06:05 PM,"International Sports Stadium, ",Coffs Harbour,"Sydney Sixers vs Brisbane Heat, 24th Match - Live Cricket Score, Commentary",Sydney Sixers Innings,104,4,Tom Curran,2,0,19,0,0,0,9.50
204,"Jan 03, ",06:05 PM,"International Sports Stadium, ",Coffs Harbour,"Sydney Sixers vs Brisbane Heat, 24th Match - Live Cricket Score, Commentary",Sydney Sixers Innings,104,4,Todd Murphy,2,0,21,0,0,0,10.50
205,"Jan 03, ",06:05 PM,"International Sports Stadium, ",Coffs Harbour,"Sydney Sixers vs Brisbane Heat, 24th Match - Live Cricket Score, Commentary",Sydney Sixers Innings,104,4,Ben Dwarshuis,2,0,7,1,0,0,3.50
206,"Jan 03, ",06:15 PM,"Perth Stadium, ",Perth,"Perth Scorchers vs Adelaide Strikers, 25th Match - Live Cricket Score, Commentary",Adelaide Strikers Innings,211,4,David Payne,4,0,39,0,0,3,9.80
207,"Jan 03, ",06:15 PM,"Perth Stadium, ",Perth,"Perth Scorchers vs Adelaide Strikers, 25th Match - Live Cricket Score, Commentary",Adelaide Strikers Innings,211,4,Thornton,4,0,31,2,0,1,
208,"Jan 03, ",06:15 PM,"Perth Stadium, ",Perth,"Perth Scorchers vs Adelaide Strikers, 25th Match - Live Cricket Score, Commentary",Adelaide Strikers Innings,211,4,J Overton,4,0,44,2,0,1,11.00
209,"Jan 03, ",06:15 PM,"Perth Stadium, ",Perth,"Perth Scorchers vs Adelaide Strikers, 25th Match - Live Cricket Score, Commentary",Adelaide Strikers Innings,211,4,Boyce,4,0,28,0,0,0,7.00
210,"Jan 03, ",06:15 PM,"Perth Stadium, ",Perth,"Perth Scorchers vs Adelaide Strikers, 25th Match - Live Cricket Score, Commentary",Adelaide Strikers Innings,211,4,Bazley,3,0,57,0,0,2,19.00
211,"Jan 03, ",06:15 PM,"Perth Stadium, ",Perth,"Perth Scorchers vs Adelaide Strikers, 25th Match - Live Cricket Score, Commentary",Adelaide Strikers Innings,211,4,D Arcy Short,1,0,8,0,0,0,8.00
212,"Jan 03, ",06:15 PM,"Perth Stadium, ",Perth,"Perth Scorchers vs Adelaide Strikers, 25th Match - Live Cricket Score, Commentary",Perth Scorchers Innings,169,10,Jason Behrendorff,3,0,24,1,0,1,8.00
213,"Jan 03, ",06:15 PM,"Perth Stadium, ",Perth,"Perth Scorchers vs Adelaide Strikers, 25th Match - Live Cricket Score, Commentary",Perth Scorchers Innings,169,10,Jhye Richardson,3.2,0,31,2,0,0,9.30
214,"Jan 03, ",06:15 PM,"Perth Stadium, ",Perth,"Perth Scorchers vs Adelaide Strikers, 25th Match - Live Cricket Score, Commentary",Perth Scorchers Innings,169,10,Ashton Agar,4,0,44,0,0,2,11.00
215,"Jan 03, ",06:15 PM,"Perth Stadium, ",Perth,"Perth Scorchers vs Adelaide Strikers, 25th Match - Live Cricket Score, Commentary",Perth Scorchers Innings,169,10,Cooper Connolly,1,0,10,0,0,1,10.00
216,"Jan 03, ",06:15 PM,"Perth Stadium, ",Perth,"Perth Scorchers vs Adelaide Strikers, 25th Match - Live Cricket Score, Commentary",Perth Scorchers Innings,169,10,Lance Morris,4,0,24,5,0,0,6.00
217,"Jan 03, ",06:15 PM,"Perth Stadium, ",Perth,"Perth Scorchers vs Adelaide Strikers, 25th Match - Live Cricket Score, Commentary",Perth Scorchers Innings,169,10,Andrew Tye,4,0,35,2,0,0,8.80
218,"Jan 06, ",07:15 PM,"Melbourne Cricket Ground, ",Melbourne,"Melbourne Stars vs Sydney Sixers, 28th Match - Live Cricket Score, Commentary",Sydney Sixers Innings,156,4,Steve OKeefe,3,0,23,0,0,0,7.70
219,"Jan 06, ",07:15 PM,"Melbourne Cricket Ground, ",Melbourne,"Melbourne Stars vs Sydney Sixers, 28th Match - Live Cricket Score, Commentary",Sydney Sixers Innings,156,4,Abbott,4,0,36,0,0,1,9.00
220,"Jan 06, ",07:15 PM,"Melbourne Cricket Ground, ",Melbourne,"Melbourne Stars vs Sydney Sixers, 28th Match - Live Cricket Score, Commentary",Sydney Sixers Innings,156,4,Jack Edwards,1,0,13,0,0,0,13.00
221,"Jan 06, ",07:15 PM,"Melbourne Cricket Ground, ",Melbourne,"Melbourne Stars vs Sydney Sixers, 28th Match - Live Cricket Score, Commentary",Sydney Sixers Innings,156,4,Tom Curran,4,0,30,1,0,0,7.50
222,"Jan 06, ",07:15 PM,"Melbourne Cricket Ground, ",Melbourne,"Melbourne Stars vs Sydney Sixers, 28th Match - Live Cricket Score, Commentary",Sydney Sixers Innings,156,4,Dwarshuis,4,0,33,1,0,0,8.20
223,"Jan 06, ",07:15 PM,"Melbourne Cricket Ground, ",Melbourne,"Melbourne Stars vs Sydney Sixers, 28th Match - Live Cricket Score, Commentary",Sydney Sixers Innings,156,4,T Murphy,4,0,15,2,0,0,3.80
224,"Jan 06, ",07:15 PM,"Melbourne Cricket Ground, ",Melbourne,"Melbourne Stars vs Sydney Sixers, 28th Match - Live Cricket Score, Commentary",Melbourne Stars Innings,160,3,Joel Paris,2.1,0,25,0,0,0,11.50
225,"Jan 06, ",07:15 PM,"Melbourne Cricket Ground, ",Melbourne,"Melbourne Stars vs Sydney Sixers, 28th Match - Live Cricket Score, Commentary",Melbourne Stars Innings,160,3,Scott Boland,4,0,38,2,1,0,9.50
226,"Jan 06, ",07:15 PM,"Melbourne Cricket Ground, ",Melbourne,"Melbourne Stars vs Sydney Sixers, 28th Match - Live Cricket Score, Commentary",Melbourne Stars Innings,160,3,Imad Wasim,4,0,28,0,0,0,7.00
227,"Jan 06, ",07:15 PM,"Melbourne Cricket Ground, ",Melbourne,"Melbourne Stars vs Sydney Sixers, 28th Match - Live Cricket Score, Commentary",Melbourne Stars Innings,160,3,Beau Webster,3,0,22,1,0,2,7.30
228,"Jan 06, ",07:15 PM,"Melbourne Cricket Ground, ",Melbourne,"Melbourne Stars vs Sydney Sixers, 28th Match - Live Cricket Score, Commentary",Melbourne Stars Innings,160,3,Glenn Maxwell (c),3,0,23,0,0,0,7.70
229,"Jan 06, ",07:15 PM,"Melbourne Cricket Ground, ",Melbourne,"Melbourne Stars vs Sydney Sixers, 28th Match - Live Cricket Score, Commentary",Melbourne Stars Innings,160,3,Daniel Lawrence,1,0,8,0,0,1,8.00
230,"Jan 06, ",07:15 PM,"Melbourne Cricket Ground, ",Melbourne,"Melbourne Stars vs Sydney Sixers, 28th Match - Live Cricket Score, Commentary",Melbourne Stars Innings,160,3,Jonathan Merlo,1,0,12,0,0,2,12.00
231,"Jan 07, ",06:15 PM,"The Gabba, ",Brisbane,"Brisbane Heat vs Hobart Hurricanes, 29th Match - Live Cricket Score, Commentary",Hobart Hurricanes Innings,132,7,Riley Meredith,4,0,15,0,0,1,3.80
232,"Jan 07, ",06:15 PM,"The Gabba, ",Brisbane,"Brisbane Heat vs Hobart Hurricanes, 29th Match - Live Cricket Score, Commentary",Hobart Hurricanes Innings,132,7,CJ Anderson,1,0,9,0,0,2,9.00
233,"Jan 07, ",06:15 PM,"The Gabba, ",Brisbane,"Brisbane Heat vs Hobart Hurricanes, 29th Match - Live Cricket Score, Commentary",Hobart Hurricanes Innings,132,7,Nathan Ellis (c),4,0,23,2,0,0,5.80
234,"Jan 07, ",06:15 PM,"The Gabba, ",Brisbane,"Brisbane Heat vs Hobart Hurricanes, 29th Match - Live Cricket Score, Commentary",Hobart Hurricanes Innings,132,7,Chris Jordan,4,0,19,3,0,0,4.80
235,"Jan 07, ",06:15 PM,"The Gabba, ",Brisbane,"Brisbane Heat vs Hobart Hurricanes, 29th Match - Live Cricket Score, Commentary",Hobart Hurricanes Innings,132,7,Patrick Dooley,4,0,28,1,0,5,7.00
236,"Jan 07, ",06:15 PM,"The Gabba, ",Brisbane,"Brisbane Heat vs Hobart Hurricanes, 29th Match - Live Cricket Score, Commentary",Hobart Hurricanes Innings,132,7,Nikhil Chaudhary,2,0,28,1,0,0,14.00
237,"Jan 07, ",06:15 PM,"The Gabba, ",Brisbane,"Brisbane Heat vs Hobart Hurricanes, 29th Match - Live Cricket Score, Commentary",Hobart Hurricanes Innings,132,7,Tim David,1,0,7,0,0,0,7.00
238,"Jan 07, ",06:15 PM,"The Gabba, ",Brisbane,"Brisbane Heat vs Hobart Hurricanes, 29th Match - Live Cricket Score, Commentary",Brisbane Heat Innings,116,9,Michael Neser,3,0,18,1,0,2,6.00
239,"Jan 07, ",06:15 PM,"The Gabba, ",Brisbane,"Brisbane Heat vs Hobart Hurricanes, 29th Match - Live Cricket Score, Commentary",Brisbane Heat Innings,116,9,Xavier Bartlett,4,0,30,3,0,1,7.50
240,"Jan 07, ",06:15 PM,"The Gabba, ",Brisbane,"Brisbane Heat vs Hobart Hurricanes, 29th Match - Live Cricket Score, Commentary",Brisbane Heat Innings,116,9,Spencer Johnson,3,0,21,2,0,1,7.00
241,"Jan 07, ",06:15 PM,"The Gabba, ",Brisbane,"Brisbane Heat vs Hobart Hurricanes, 29th Match - Live Cricket Score, Commentary",Brisbane Heat Innings,116,9,Matthew Kuhnemann,3,0,18,0,0,1,6.00
242,"Jan 07, ",06:15 PM,"The Gabba, ",Brisbane,"Brisbane Heat vs Hobart Hurricanes, 29th Match - Live Cricket Score, Commentary",Brisbane Heat Innings,116,9,Paul Walter,3,0,28,2,0,1,9.30
243,"Jan 09, ",07:10 PM,"Adelaide Oval, ",Adelaide,"Adelaide Strikers vs Hobart Hurricanes, 31st Match - Live Cricket Score, Commentary",Adelaide Strikers Innings,165,7,Matthew Short (c),,0,9,0,0,0,4.50
244,"Jan 09, ",07:10 PM,"Adelaide Oval, ",Adelaide,"Adelaide Strikers vs Hobart Hurricanes, 31st Match - Live Cricket Score, Commentary",Adelaide Strikers Innings,165,7,David Payne,3,0,41,1,0,0,13.70
245,"Jan 09, ",07:10 PM,"Adelaide Oval, ",Adelaide,"Adelaide Strikers vs Hobart Hurricanes, 31st Match - Live Cricket Score, Commentary",Adelaide Strikers Innings,165,7,Thornton,4,0,40,0,0,0,10.00
246,"Jan 09, ",07:10 PM,"Adelaide Oval, ",Adelaide,"Adelaide Strikers vs Hobart Hurricanes, 31st Match - Live Cricket Score, Commentary",Adelaide Strikers Innings,165,7,J Overton,4,0,23,3,0,1,5.80
247,"Jan 09, ",07:10 PM,"Adelaide Oval, ",Adelaide,"Adelaide Strikers vs Hobart Hurricanes, 31st Match - Live Cricket Score, Commentary",Adelaide Strikers Innings,165,7,Lloyd Pope,3,0,38,1,0,1,12.70
248,"Jan 09, ",07:10 PM,"Adelaide Oval, ",Adelaide,"Adelaide Strikers vs Hobart Hurricanes, 31st Match - Live Cricket Score, Commentary",Adelaide Strikers Innings,165,7,Boyce,4,0,13,2,0,2,3.20
249,"Jan 09, ",07:10 PM,"Adelaide Oval, ",Adelaide,"Adelaide Strikers vs Hobart Hurricanes, 31st Match - Live Cricket Score, Commentary",Hobart Hurricanes Innings,168,5,Riley Meredith,2.5,0,29,1,0,0,10.20
250,"Jan 09, ",07:10 PM,"Adelaide Oval, ",Adelaide,"Adelaide Strikers vs Hobart Hurricanes, 31st Match - Live Cricket Score, Commentary",Hobart Hurricanes Innings,168,5,Patrick Dooley,4,0,27,1,0,1,6.80
251,"Jan 09, ",07:10 PM,"Adelaide Oval, ",Adelaide,"Adelaide Strikers vs Hobart Hurricanes, 31st Match - Live Cricket Score, Commentary",Hobart Hurricanes Innings,168,5,Nathan Ellis (c),4,0,44,2,0,1,11.00
252,"Jan 09, ",07:10 PM,"Adelaide Oval, ",Adelaide,"Adelaide Strikers vs Hobart Hurricanes, 31st Match - Live Cricket Score, Commentary",Hobart Hurricanes Innings,168,5,Chris Jordan,4,0,37,1,0,3,9.20
253,"Jan 09, ",07:10 PM,"Adelaide Oval, ",Adelaide,"Adelaide Strikers vs Hobart Hurricanes, 31st Match - Live Cricket Score, Commentary",Hobart Hurricanes Innings,168,5,Nikhil Chaudhary,4,0,22,0,0,0,5.50
254,"Jan 09, ",07:10 PM,"Adelaide Oval, ",Adelaide,"Adelaide Strikers vs Hobart Hurricanes, 31st Match - Live Cricket Score, Commentary",Hobart Hurricanes Innings,168,5,Corey Anderson,0.3,0,5,0,0,0,10.00
255,"Jan 11, ",07:15 PM,"Bellerive Oval, ",Hobart,"Hobart Hurricanes vs Adelaide Strikers, 33rd Match - Live Cricket Score, Commentary",Adelaide Strikers Innings,167,6,Matthew Short (c),3,0,15,0,0,,5.00
256,"Jan 11, ",07:15 PM,"Bellerive Oval, ",Hobart,"Hobart Hurricanes vs Adelaide Strikers, 33rd Match - Live Cricket Score, Commentary",Adelaide Strikers Innings,167,6,David Payne,3,0,32,0,0,0,10.70
257,"Jan 11, ",07:15 PM,"Bellerive Oval, ",Hobart,"Hobart Hurricanes vs Adelaide Strikers, 33rd Match - Live Cricket Score, Commentary",Adelaide Strikers Innings,167,6,Thornton,3,0,37,2,0,1,12.30
258,"Jan 11, ",07:15 PM,"Bellerive Oval, ",Hobart,"Hobart Hurricanes vs Adelaide Strikers, 33rd Match - Live Cricket Score, Commentary",Adelaide Strikers Innings,167,6,J Overton,4,0,36,2,1,2,9.00
259,"Jan 11, ",07:15 PM,"Bellerive Oval, ",Hobart,"Hobart Hurricanes vs Adelaide Strikers, 33rd Match - Live Cricket Score, Commentary",Adelaide Strikers Innings,167,6,Lloyd Pope,3,0,26,0,0,0,8.70
260,"Jan 11, ",07:15 PM,"Bellerive Oval, ",Hobart,"Hobart Hurricanes vs Adelaide Strikers, 33rd Match - Live Cricket Score, Commentary",Adelaide Strikers Innings,167,6,Boyce,4,0,17,2,0,0,4.20
261,"Jan 11, ",07:15 PM,"Bellerive Oval, ",Hobart,"Hobart Hurricanes vs Adelaide Strikers, 33rd Match - Live Cricket Score, Commentary",Hobart Hurricanes Innings,169,2,Nikhil Chaudhary,3,0,18,1,0,0,6.00
262,"Jan 11, ",07:15 PM,"Bellerive Oval, ",Hobart,"Hobart Hurricanes vs Adelaide Strikers, 33rd Match - Live Cricket Score, Commentary",Hobart Hurricanes Innings,169,2,Nathan Ellis (c),3,0,28,0,0,0,9.30
263,"Jan 11, ",07:15 PM,"Bellerive Oval, ",Hobart,"Hobart Hurricanes vs Adelaide Strikers, 33rd Match - Live Cricket Score, Commentary",Hobart Hurricanes Innings,169,2,Riley Meredith,3,0,29,0,0,0,9.70
264,"Jan 11, ",07:15 PM,"Bellerive Oval, ",Hobart,"Hobart Hurricanes vs Adelaide Strikers, 33rd Match - Live Cricket Score, Commentary",Hobart Hurricanes Innings,169,2,Chris Jordan,3,0,33,1,0,5,11.00
265,"Jan 11, ",07:15 PM,"Bellerive Oval, ",Hobart,"Hobart Hurricanes vs Adelaide Strikers, 33rd Match - Live Cricket Score, Commentary",Hobart Hurricanes Innings,169,2,Patrick Dooley,2.5,0,53,0,0,0,18.70
266,"Jan 11, ",07:15 PM,"Bellerive Oval, ",Hobart,"Hobart Hurricanes vs Adelaide Strikers, 33rd Match - Live Cricket Score, Commentary",Hobart Hurricanes Innings,169,2,Tim David,1,0,8,0,0,0,8.00
267,"Jan 13, ",01:15 PM,"Perth Stadium, ",Perth,"Perth Scorchers vs Brisbane Heat, 35th Match - Live Cricket Score, Commentary",Brisbane Heat Innings,163,6,Neser,3,0,21,2,0,3,7.00
268,"Jan 13, ",01:15 PM,"Perth Stadium, ",Perth,"Perth Scorchers vs Brisbane Heat, 35th Match - Live Cricket Score, Commentary",Brisbane Heat Innings,163,6,Xavier Bartlett,4,0,27,1,0,2,6.80
269,"Jan 13, ",01:15 PM,"Perth Stadium, ",Perth,"Perth Scorchers vs Brisbane Heat, 35th Match - Live Cricket Score, Commentary",Brisbane Heat Innings,163,6,Spencer Johnson,4,0,35,1,1,1,8.80
270,"Jan 13, ",01:15 PM,"Perth Stadium, ",Perth,"Perth Scorchers vs Brisbane Heat, 35th Match - Live Cricket Score, Commentary",Brisbane Heat Innings,163,6,M Kuhnemann,3,0,23,1,0,1,7.70
271,"Jan 13, ",01:15 PM,"Perth Stadium, ",Perth,"Perth Scorchers vs Brisbane Heat, 35th Match - Live Cricket Score, Commentary",Brisbane Heat Innings,163,6,Swepson,3,0,20,0,0,0,6.70
272,"Jan 13, ",01:15 PM,"Perth Stadium, ",Perth,"Perth Scorchers vs Brisbane Heat, 35th Match - Live Cricket Score, Commentary",Brisbane Heat Innings,163,6,Paul Walter,3,0,31,1,0,2,10.30
273,"Jan 13, ",01:15 PM,"Perth Stadium, ",Perth,"Perth Scorchers vs Brisbane Heat, 35th Match - Live Cricket Score, Commentary",Perth Scorchers Innings,128,10,Aaron Hardie (c),4,0,22,1,0,2,5.50
274,"Jan 13, ",01:15 PM,"Perth Stadium, ",Perth,"Perth Scorchers vs Brisbane Heat, 35th Match - Live Cricket Score, Commentary",Perth Scorchers Innings,128,10,Jason Behrendorff,4,0,23,1,0,1,5.80
275,"Jan 13, ",01:15 PM,"Perth Stadium, ",Perth,"Perth Scorchers vs Brisbane Heat, 35th Match - Live Cricket Score, Commentary",Perth Scorchers Innings,128,10,Lance Morris,4,0,26,3,0,0,6.50
276,"Jan 13, ",01:15 PM,"Perth Stadium, ",Perth,"Perth Scorchers vs Brisbane Heat, 35th Match - Live Cricket Score, Commentary",Perth Scorchers Innings,128,10,Andrew Tye,3.5,1,14,4,0,0,3.70
277,"Jan 13, ",01:15 PM,"Perth Stadium, ",Perth,"Perth Scorchers vs Brisbane Heat, 35th Match - Live Cricket Score, Commentary",Perth Scorchers Innings,128,10,Ashton Agar,4,0,39,1,0,1,9.80
278,"Jan 13, ",07:30 PM,"Docklands Stadium, ",Melbourne,"Melbourne Renegades vs Melbourne Stars, 36th Match - Live Cricket Score, Commentary",Melbourne Renegades Innings,137,8,Fergus O Neill,4,0,39,1,0,0,9.80
279,"Jan 13, ",07:30 PM,"Docklands Stadium, ",Melbourne,"Melbourne Renegades vs Melbourne Stars, 36th Match - Live Cricket Score, Commentary",Melbourne Renegades Innings,137,8,Akeal Hosein,4,0,18,2,0,0,4.50
280,"Jan 13, ",07:30 PM,"Docklands Stadium, ",Melbourne,"Melbourne Renegades vs Melbourne Stars, 36th Match - Live Cricket Score, Commentary",Melbourne Renegades Innings,137,8,Tom Rogers,4,0,36,1,0,0,9.00
281,"Jan 13, ",07:30 PM,"Docklands Stadium, ",Melbourne,"Melbourne Renegades vs Melbourne Stars, 36th Match - Live Cricket Score, Commentary",Melbourne Renegades Innings,137,8,Zampa,4,0,27,1,0,0,6.80
282,"Jan 13, ",07:30 PM,"Docklands Stadium, ",Melbourne,"Melbourne Renegades vs Melbourne Stars, 36th Match - Live Cricket Score, Commentary",Melbourne Renegades Innings,137,8,Kane Richardson,4,0,17,2,0,0,4.20
283,"Jan 13, ",07:30 PM,"Docklands Stadium, ",Melbourne,"Melbourne Renegades vs Melbourne Stars, 36th Match - Live Cricket Score, Commentary",Melbourne Stars Innings,139,4,Joel Paris,3,0,20,1,1,0,6.70
284,"Jan 13, ",07:30 PM,"Docklands Stadium, ",Melbourne,"Melbourne Renegades vs Melbourne Stars, 36th Match - Live Cricket Score, Commentary",Melbourne Stars Innings,139,4,Scott Boland,3.2,0,27,1,0,0,8.10
285,"Jan 13, ",07:30 PM,"Docklands Stadium, ",Melbourne,"Melbourne Renegades vs Melbourne Stars, 36th Match - Live Cricket Score, Commentary",Melbourne Stars Innings,139,4,Imad Wasim,3,0,28,0,0,0,9.30
286,"Jan 13, ",07:30 PM,"Docklands Stadium, ",Melbourne,"Melbourne Renegades vs Melbourne Stars, 36th Match - Live Cricket Score, Commentary",Melbourne Stars Innings,139,4,Nathan Coulter-Nile,4,0,25,2,0,0,6.20
287,"Jan 13, ",07:30 PM,"Docklands Stadium, ",Melbourne,"Melbourne Renegades vs Melbourne Stars, 36th Match - Live Cricket Score, Commentary",Melbourne Stars Innings,139,4,Marcus Stoinis,2,0,26,0,0,1,13.00
288,"Jan 13, ",07:30 PM,"Docklands Stadium, ",Melbourne,"Melbourne Renegades vs Melbourne Stars, 36th Match - Live Cricket Score, Commentary",Melbourne Stars Innings,139,4,Glenn Maxwell (c),1,0,6,0,0,0,6.00
289,"Jan 13, ",07:30 PM,"Docklands Stadium, ",Melbourne,"Melbourne Renegades vs Melbourne Stars, 36th Match - Live Cricket Score, Commentary",Melbourne Stars Innings,139,4,Beau Webster,1,0,4,0,0,0,4.00
290,"Jan 14, ",07:15 PM,"Manuka Oval, ",Canberra,"Sydney Thunder vs Adelaide Strikers, 37th Match - Live Cricket Score, Commentary",Adelaide Strikers Innings,140,10,Matthew Short (c),4,0,24,0,0,0,6.00
291,"Jan 14, ",07:15 PM,"Manuka Oval, ",Canberra,"Sydney Thunder vs Adelaide Strikers, 37th Match - Live Cricket Score, Commentary",Adelaide Strikers Innings,140,10,David Payne,2,0,16,0,0,0,8.00
292,"Jan 14, ",07:15 PM,"Manuka Oval, ",Canberra,"Sydney Thunder vs Adelaide Strikers, 37th Match - Live Cricket Score, Commentary",Adelaide Strikers Innings,140,10,Thornton,3,0,31,0,0,0,10.30
293,"Jan 14, ",07:15 PM,"Manuka Oval, ",Canberra,"Sydney Thunder vs Adelaide Strikers, 37th Match - Live Cricket Score, Commentary",Adelaide Strikers Innings,140,10,J Overton,3.2,0,26,3,0,0,7.80
294,"Jan 14, ",07:15 PM,"Manuka Oval, ",Canberra,"Sydney Thunder vs Adelaide Strikers, 37th Match - Live Cricket Score, Commentary",Adelaide Strikers Innings,140,10,Boyce,4,0,20,1,0,0,5.00
295,"Jan 14, ",07:15 PM,"Manuka Oval, ",Canberra,"Sydney Thunder vs Adelaide Strikers, 37th Match - Live Cricket Score, Commentary",Adelaide Strikers Innings,140,10,Lloyd Pope,3,0,22,4,0,1,7.30
296,"Jan 14, ",07:15 PM,"Manuka Oval, ",Canberra,"Sydney Thunder vs Adelaide Strikers, 37th Match - Live Cricket Score, Commentary",Sydney Thunder Innings,141,1,Daniel Sams,3,0,22,0,0,0,7.30
297,"Jan 14, ",07:15 PM,"Manuka Oval, ",Canberra,"Sydney Thunder vs Adelaide Strikers, 37th Match - Live Cricket Score, Commentary",Sydney Thunder Innings,141,1,Chris Green (c),4,0,26,0,0,0,6.50
298,"Jan 14, ",07:15 PM,"Manuka Oval, ",Canberra,"Sydney Thunder vs Adelaide Strikers, 37th Match - Live Cricket Score, Commentary",Sydney Thunder Innings,141,1,Nathan McAndrew,2,0,27,0,0,0,13.50
299,"Jan 14, ",07:15 PM,"Manuka Oval, ",Canberra,"Sydney Thunder vs Adelaide Strikers, 37th Match - Live Cricket Score, Commentary",Sydney Thunder Innings,141,1,Tanveer Sangha,4,0,27,1,0,0,6.80
300,"Jan 14, ",07:15 PM,"Manuka Oval, ",Canberra,"Sydney Thunder vs Adelaide Strikers, 37th Match - Live Cricket Score, Commentary",Sydney Thunder Innings,141,1,Liam Hatcher,1.1,0,18,0,0,1,15.40
301,"Jan 14, ",07:15 PM,"Manuka Oval, ",Canberra,"Sydney Thunder vs Adelaide Strikers, 37th Match - Live Cricket Score, Commentary",Sydney Thunder Innings,141,1,Oliver Davies,2,0,18,0,0,1,9.00
302,"Jan 15, ",07:15 PM,"Melbourne Cricket Ground, ",Melbourne,"Melbourne Stars vs Hobart Hurricanes, 38th Match - Live Cricket Score, Commentary",Melbourne Stars Innings,187,8,Joel Paris,2,0,21,0,0,0,10.50
303,"Jan 15, ",07:15 PM,"Melbourne Cricket Ground, ",Melbourne,"Melbourne Stars vs Hobart Hurricanes, 38th Match - Live Cricket Score, Commentary",Melbourne Stars Innings,187,8,Boland,3,0,38,0,1,1,12.70
304,"Jan 15, ",07:15 PM,"Melbourne Cricket Ground, ",Melbourne,"Melbourne Stars vs Hobart Hurricanes, 38th Match - Live Cricket Score, Commentary",Melbourne Stars Innings,187,8,Imad Wasim,4,0,35,2,0,1,8.80
305,"Jan 15, ",07:15 PM,"Melbourne Cricket Ground, ",Melbourne,"Melbourne Stars vs Hobart Hurricanes, 38th Match - Live Cricket Score, Commentary",Melbourne Stars Innings,187,8,Maxwell (c),2,0,22,0,0,0,11.00
306,"Jan 15, ",07:15 PM,"Melbourne Cricket Ground, ",Melbourne,"Melbourne Stars vs Hobart Hurricanes, 38th Match - Live Cricket Score, Commentary",Melbourne Stars Innings,187,8,Coulter-Nile,4,0,18,2,0,1,4.50
307,"Jan 15, ",07:15 PM,"Melbourne Cricket Ground, ",Melbourne,"Melbourne Stars vs Hobart Hurricanes, 38th Match - Live Cricket Score, Commentary",Melbourne Stars Innings,187,8,Stoinis,1,0,14,0,0,0,14.00
308,"Jan 15, ",07:15 PM,"Melbourne Cricket Ground, ",Melbourne,"Melbourne Stars vs Hobart Hurricanes, 38th Match - Live Cricket Score, Commentary",Melbourne Stars Innings,187,8,Daniel Lawrence,4,0,35,4,0,1,8.80
309,"Jan 15, ",07:15 PM,"Melbourne Cricket Ground, ",Melbourne,"Melbourne Stars vs Hobart Hurricanes, 38th Match - Live Cricket Score, Commentary",Hobart Hurricanes Innings,180,4,Riley Meredith,4,0,43,1,0,0,10.80
310,"Jan 15, ",07:15 PM,"Melbourne Cricket Ground, ",Melbourne,"Melbourne Stars vs Hobart Hurricanes, 38th Match - Live Cricket Score, Commentary",Hobart Hurricanes Innings,180,4,Nikhil Chaudhary,3,0,22,0,0,0,7.30
311,"Jan 15, ",07:15 PM,"Melbourne Cricket Ground, ",Melbourne,"Melbourne Stars vs Hobart Hurricanes, 38th Match - Live Cricket Score, Commentary",Hobart Hurricanes Innings,180,4,Nathan Ellis (c),4,0,29,2,0,3,7.20
312,"Jan 15, ",07:15 PM,"Melbourne Cricket Ground, ",Melbourne,"Melbourne Stars vs Hobart Hurricanes, 38th Match - Live Cricket Score, Commentary",Hobart Hurricanes Innings,180,4,Peter Hatzoglou,4,0,46,0,0,2,11.50
313,"Jan 15, ",07:15 PM,"Melbourne Cricket Ground, ",Melbourne,"Melbourne Stars vs Hobart Hurricanes, 38th Match - Live Cricket Score, Commentary",Hobart Hurricanes Innings,180,4,Chris Jordan,4,0,31,1,0,0,7.80
314,"Jan 15, ",07:15 PM,"Melbourne Cricket Ground, ",Melbourne,"Melbourne Stars vs Hobart Hurricanes, 38th Match - Live Cricket Score, Commentary",Hobart Hurricanes Innings,180,4,Mitchell Owen,1,0,8,0,0,0,8.00
315,"Jan 16, ",04:40 PM,"Perth Stadium, ",Perth,"Perth Scorchers vs Sydney Sixers, 39th Match - Live Cricket Score, Commentary",Sydney Sixers Innings,197,4,Abbott,4,0,,0,1,1,10.20
316,"Jan 16, ",04:40 PM,"Perth Stadium, ",Perth,"Perth Scorchers vs Sydney Sixers, 39th Match - Live Cricket Score, Commentary",Sydney Sixers Innings,197,4,Bird,4,0,28,1,0,0,7.00
317,"Jan 16, ",04:40 PM,"Perth Stadium, ",Perth,"Perth Scorchers vs Sydney Sixers, 39th Match - Live Cricket Score, Commentary",Sydney Sixers Innings,197,4,Jack Edwards,4,0,54,0,0,1,13.50
318,"Jan 16, ",04:40 PM,"Perth Stadium, ",Perth,"Perth Scorchers vs Sydney Sixers, 39th Match - Live Cricket Score, Commentary",Sydney Sixers Innings,197,4,Hayden Kerr,2,0,31,0,0,0,15.50
319,"Jan 16, ",04:40 PM,"Perth Stadium, ",Perth,"Perth Scorchers vs Sydney Sixers, 39th Match - Live Cricket Score, Commentary",Sydney Sixers Innings,197,4,T Murphy,2,0,17,1,0,0,8.50
320,"Jan 16, ",04:40 PM,"Perth Stadium, ",Perth,"Perth Scorchers vs Sydney Sixers, 39th Match - Live Cricket Score, Commentary",Sydney Sixers Innings,197,4,Dwarshuis,4,0,23,2,0,0,5.80
321,"Jan 16, ",04:40 PM,"Perth Stadium, ",Perth,"Perth Scorchers vs Sydney Sixers, 39th Match - Live Cricket Score, Commentary",Perth Scorchers Innings,201,7,Jason Behrendorff,4,0,35,3,1,0,8.80
322,"Jan 16, ",04:40 PM,"Perth Stadium, ",Perth,"Perth Scorchers vs Sydney Sixers, 39th Match - Live Cricket Score, Commentary",Perth Scorchers Innings,201,7,Lance Morris,4,0,48,0,0,0,12.00
323,"Jan 16, ",04:40 PM,"Perth Stadium, ",Perth,"Perth Scorchers vs Sydney Sixers, 39th Match - Live Cricket Score, Commentary",Perth Scorchers Innings,201,7,Aaron Hardie (c),4,0,32,2,0,2,8.00
324,"Jan 16, ",04:40 PM,"Perth Stadium, ",Perth,"Perth Scorchers vs Sydney Sixers, 39th Match - Live Cricket Score, Commentary",Perth Scorchers Innings,201,7,Ashton Agar,4,0,43,0,0,0,10.80
325,"Jan 16, ",04:40 PM,"Perth Stadium, ",Perth,"Perth Scorchers vs Sydney Sixers, 39th Match - Live Cricket Score, Commentary",Perth Scorchers Innings,201,7,Andrew Tye,4,0,42,0,0,3,10.50
326,"Jan 19, ",06:40 PM,"Carrara Oval, ",Queensland,"Brisbane Heat vs Sydney Sixers, Qualifier - Live Cricket Score, Commentary",Brisbane Heat Innings,152,8,Neser,4,0,27,3,0,0,6.80
327,"Jan 19, ",06:40 PM,"Carrara Oval, ",Queensland,"Brisbane Heat vs Sydney Sixers, Qualifier - Live Cricket Score, Commentary",Brisbane Heat Innings,152,8,Xavier Bartlett,4,0,39,1,0,0,9.80
328,"Jan 19, ",06:40 PM,"Carrara Oval, ",Queensland,"Brisbane Heat vs Sydney Sixers, Qualifier - Live Cricket Score, Commentary",Brisbane Heat Innings,152,8,Spencer Johnson,4,1,14,2,0,0,3.50
329,"Jan 19, ",06:40 PM,"Carrara Oval, ",Queensland,"Brisbane Heat vs Sydney Sixers, Qualifier - Live Cricket Score, Commentary",Brisbane Heat Innings,152,8,M Kuhnemann,3,0,24,0,0,1,8.00
330,"Jan 19, ",06:40 PM,"Carrara Oval, ",Queensland,"Brisbane Heat vs Sydney Sixers, Qualifier - Live Cricket Score, Commentary",Brisbane Heat Innings,152,8,Swepson,2,0,19,0,0,2,9.50
331,"Jan 19, ",06:40 PM,"Carrara Oval, ",Queensland,"Brisbane Heat vs Sydney Sixers, Qualifier - Live Cricket Score, Commentary",Brisbane Heat Innings,152,8,Paul Walter,3,0,23,2,0,0,7.70
332,"Jan 19, ",06:40 PM,"Carrara Oval, ",Queensland,"Brisbane Heat vs Sydney Sixers, Qualifier - Live Cricket Score, Commentary",Sydney Sixers Innings,113,10,Jack Edwards,4,1,26,2,0,0,6.50
333,"Jan 19, ",06:40 PM,"Carrara Oval, ",Queensland,"Brisbane Heat vs Sydney Sixers, Qualifier - Live Cricket Score, Commentary",Sydney Sixers Innings,113,10,Sean Abbott,3,0,22,0,0,0,7.30
334,"Jan 19, ",06:40 PM,"Carrara Oval, ",Queensland,"Brisbane Heat vs Sydney Sixers, Qualifier - Live Cricket Score, Commentary",Sydney Sixers Innings,113,10,Hayden Kerr,3,0,18,2,0,0,6.00
335,"Jan 19, ",06:40 PM,"Carrara Oval, ",Queensland,"Brisbane Heat vs Sydney Sixers, Qualifier - Live Cricket Score, Commentary",Sydney Sixers Innings,113,10,Steve OKeefe,3,0,23,1,0,2,7.70
336,"Jan 19, ",06:40 PM,"Carrara Oval, ",Queensland,"Brisbane Heat vs Sydney Sixers, Qualifier - Live Cricket Score, Commentary",Sydney Sixers Innings,113,10,Ben Dwarshuis,3.5,0,21,5,0,0,5.50
337,"Jan 19, ",06:40 PM,"Carrara Oval, ",Queensland,"Brisbane Heat vs Sydney Sixers, Qualifier - Live Cricket Score, Commentary",Sydney Sixers Innings,113,10,Todd Murphy,1,0,2,0,0,0,2.00
338,"Jan 20, ",04:40 PM,"Perth Stadium, ",Perth,"Perth Scorchers vs Adelaide Strikers, Knockout - Live Cricket Score, Commentary",Perth Scorchers Innings,155,7,Aaron Hardie (c),3,0,24,2,0,0,8.00
339,"Jan 20, ",04:40 PM,"Perth Stadium, ",Perth,"Perth Scorchers vs Adelaide Strikers, Knockout - Live Cricket Score, Commentary",Perth Scorchers Innings,155,7,Behrendorff,4,0,27,1,0,0,6.80
340,"Jan 20, ",04:40 PM,"Perth Stadium, ",Perth,"Perth Scorchers vs Adelaide Strikers, Knockout - Live Cricket Score, Commentary",Perth Scorchers Innings,155,7,Lance Morris,4,0,33,0,0,2,8.20
341,"Jan 20, ",04:40 PM,"Perth Stadium, ",Perth,"Perth Scorchers vs Adelaide Strikers, Knockout - Live Cricket Score, Commentary",Perth Scorchers Innings,155,7,Andrew Tye,4,0,25,1,0,0,6.20
342,"Jan 20, ",04:40 PM,"Perth Stadium, ",Perth,"Perth Scorchers vs Adelaide Strikers, Knockout - Live Cricket Score, Commentary",Perth Scorchers Innings,155,7,Agar,2,0,28,0,0,1,14.00
343,"Jan 20, ",04:40 PM,"Perth Stadium, ",Perth,"Perth Scorchers vs Adelaide Strikers, Knockout - Live Cricket Score, Commentary",Perth Scorchers Innings,155,7,Cooper Connolly,3,0,17,2,0,0,5.70
344,"Jan 20, ",04:40 PM,"Perth Stadium, ",Perth,"Perth Scorchers vs Adelaide Strikers, Knockout - Live Cricket Score, Commentary",Adelaide Strikers Innings,105,10,Matthew Short (c),4,0,31,1,0,0,7.80
345,"Jan 20, ",04:40 PM,"Perth Stadium, ",Perth,"Perth Scorchers vs Adelaide Strikers, Knockout - Live Cricket Score, Commentary",Adelaide Strikers Innings,105,10,David Payne,3,0,19,1,0,0,6.30
346,"Jan 20, ",04:40 PM,"Perth Stadium, ",Perth,"Perth Scorchers vs Adelaide Strikers, Knockout - Live Cricket Score, Commentary",Adelaide Strikers Innings,105,10,Henry Thornton,1,0,6,1,0,0,6.00
347,"Jan 20, ",04:40 PM,"Perth Stadium, ",Perth,"Perth Scorchers vs Adelaide Strikers, Knockout - Live Cricket Score, Commentary",Adelaide Strikers Innings,105,10,Lloyd Pope,4,0,24,4,0,1,6.00
348,"Jan 20, ",04:40 PM,"Perth Stadium, ",Perth,"Perth Scorchers vs Adelaide Strikers, Knockout - Live Cricket Score, Commentary",Adelaide Strikers Innings,105,10,Cameron Boyce,3.2,0,20,3,0,2,6.00
349,"Jan 20, ",04:40 PM,"Perth Stadium, ",Perth,"Perth Scorchers vs Adelaide Strikers, Knockout - Live Cricket Score, Commentary",Adelaide Strikers Innings,105,10,Ben Manenti,1,0,5,0,0,0,5.00
350,"Jan 22, ",06:40 PM,"Carrara Oval, ",Queensland,"Brisbane Heat vs Adelaide Strikers, Challenger - Live Cricket Score, Commentary",Adelaide Strikers Innings,214,7,Matthew Short (c),2,0,28,0,,1,14.00
351,"Jan 22, ",06:40 PM,"Carrara Oval, ",Queensland,"Brisbane Heat vs Adelaide Strikers, Challenger - Live Cricket Score, Commentary",Adelaide Strikers Innings,214,7,David Payne,3,0,17,2,0,0,5.70
352,"Jan 22, ",06:40 PM,"Carrara Oval, ",Queensland,"Brisbane Heat vs Adelaide Strikers, Challenger - Live Cricket Score, Commentary",Adelaide Strikers Innings,214,7,Thornton,4,0,34,1,0,1,8.50
353,"Jan 22, ",06:40 PM,"Carrara Oval, ",Queensland,"Brisbane Heat vs Adelaide Strikers, Challenger - Live Cricket Score, Commentary",Adelaide Strikers Innings,214,7,Bazley,3,0,42,0,0,0,14.00
354,"Jan 22, ",06:40 PM,"Carrara Oval, ",Queensland,"Brisbane Heat vs Adelaide Strikers, Challenger - Live Cricket Score, Commentary",Adelaide Strikers Innings,214,7,Boyce,4,0,50,2,0,1,12.50
355,"Jan 22, ",06:40 PM,"Carrara Oval, ",Queensland,"Brisbane Heat vs Adelaide Strikers, Challenger - Live Cricket Score, Commentary",Adelaide Strikers Innings,214,7,Lloyd Pope,4,0,39,2,0,1,9.80
356,"Jan 22, ",06:40 PM,"Carrara Oval, ",Queensland,"Brisbane Heat vs Adelaide Strikers, Challenger - Live Cricket Score, Commentary",Brisbane Heat Innings,160,10,Michael Neser,3,0,27,0,0,0,9.00
357,"Jan 22, ",06:40 PM,"Carrara Oval, ",Queensland,"Brisbane Heat vs Adelaide Strikers, Challenger - Live Cricket Score, Commentary",Brisbane Heat Innings,160,10,Xavier Bartlett,4,0,30,1,0,0,7.50
358,"Jan 22, ",06:40 PM,"Carrara Oval, ",Queensland,"Brisbane Heat vs Adelaide Strikers, Challenger - Live Cricket Score, Commentary",Brisbane Heat Innings,160,10,Spencer Johnson,4,0,20,3,0,0,5.00
359,"Jan 22, ",06:40 PM,"Carrara Oval, ",Queensland,"Brisbane Heat vs Adelaide Strikers, Challenger - Live Cricket Score, Commentary",Brisbane Heat Innings,160,10,Matthew Kuhnemann,4,0,38,1,0,0,9.50
360,"Jan 22, ",06:40 PM,"Carrara Oval, ",Queensland,"Brisbane Heat vs Adelaide Strikers, Challenger - Live Cricket Score, Commentary",Brisbane Heat Innings,160,10,Paul Walter,4,0,40,1,0,0,10.00
361,"Jan 22, ",06:40 PM,"Carrara Oval, ",Queensland,"Brisbane Heat vs Adelaide Strikers, Challenger - Live Cricket Score, Commentary",Brisbane Heat Innings,160,10,Nathan McSweeney (c),0.5,0,3,3,0,0,3.60
362,"Jan 24, ",07:00 PM,"Sydney Cricket Ground, ",Sydney,"Sydney Sixers vs Brisbane Heat, Final - Live Cricket Score, Commentary",Sydney Sixers Innings,166,8,Abbott,4,0,32,,0,1,8.00
363,"Jan 24, ",07:00 PM,"Sydney Cricket Ground, ",Sydney,"Sydney Sixers vs Brisbane Heat, Final - Live Cricket Score, Commentary",Sydney Sixers Innings,166,8,Jack Edwards,4,0,27,0,0,0,6.80
364,"Jan 24, ",07:00 PM,"Sydney Cricket Ground, ",Sydney,"Sydney Sixers vs Brisbane Heat, Final - Live Cricket Score, Commentary",Sydney Sixers Innings,166,8,Hayden Kerr,2,0,32,0,0,0,16.00
365,"Jan 24, ",07:00 PM,"Sydney Cricket Ground, ",Sydney,"Sydney Sixers vs Brisbane Heat, Final - Live Cricket Score, Commentary",Sydney Sixers Innings,166,8,Steve OKeefe,4,0,26,1,0,0,6.50
366,"Jan 24, ",07:00 PM,"Sydney Cricket Ground, ",Sydney,"Sydney Sixers vs Brisbane Heat, Final - Live Cricket Score, Commentary",Sydney Sixers Innings,166,8,Dwarshuis,4,0,38,1,0,0,9.50
367,"Jan 24, ",07:00 PM,"Sydney Cricket Ground, ",Sydney,"Sydney Sixers vs Brisbane Heat, Final - Live Cricket Score, Commentary",Sydney Sixers Innings,166,8,T Murphy,2,0,11,0,0,0,5.50
368,"Jan 24, ",07:00 PM,"Sydney Cricket Ground, ",Sydney,"Sydney Sixers vs Brisbane Heat, Final - Live Cricket Score, Commentary",Brisbane Heat Innings,112,10,Michael Neser,2,0,15,1,0,2,7.50
369,"Jan 24, ",07:00 PM,"Sydney Cricket Ground, ",Sydney,"Sydney Sixers vs Brisbane Heat, Final - Live Cricket Score, Commentary",Brisbane Heat Innings,112,10,Xavier Bartlett,1.3,0,12,2,0,0,8.00
370,"Jan 24, ",07:00 PM,"Sydney Cricket Ground, ",Sydney,"Sydney Sixers vs Brisbane Heat, Final - Live Cricket Score, Commentary",Brisbane Heat Innings,112,10,Spencer Johnson,4,0,26,4,0,0,6.50
371,"Jan 24, ",07:00 PM,"Sydney Cricket Ground, ",Sydney,"Sydney Sixers vs Brisbane Heat, Final - Live Cricket Score, Commentary",Brisbane Heat Innings,112,10,Matthew Kuhnemann,4,0,16,0,0,0,4.00
372,"Jan 24, ",07:00 PM,"Sydney Cricket Ground, ",Sydney,"Sydney Sixers vs Brisbane Heat, Final - Live Cricket Score, Commentary",Brisbane Heat Innings,112,10,Mitchell Swepson,3,0,19,2,0,0,6.30
373,"Jan 24, ",07:00 PM,"Sydney Cricket Ground, ",Sydney,"Sydney Sixers vs Brisbane Heat, Final - Live Cricket Score, Commentary",Brisbane Heat Innings,112,10,Paul Walter,3,0,24,1,0,0,8.00
