,Date,Time,Teams,Winners,Links
0,"Dec 07, Thu",1:45 PM,"BRISBANE HEAT vs MELBOURNE STARS, 1st Match",Brisbane Heat won by 103 runs,https://www.cricbuzz.com/cricket-scores/76682/brh-vs-mls-1st-match-big-bash-league-2023-24
1,"Dec 08, Fri",1:45 PM,"SYDNEY SIXERS vs MELBOURNE RENEGADES, 2nd Match",Sydney Sixers won by 8 runs,https://www.cricbuzz.com/cricket-scores/76689/sys-vs-mlr-2nd-match-big-bash-league-2023-24
2,"Dec 09, Sat",1:45 PM,"ADELAIDE STRIKERS vs BRISBANE HEAT, 3rd Match",Match abandoned without toss,https://www.cricbuzz.com/cricket-scores/76696/ads-vs-brh-3rd-match-big-bash-league-2023-24
3,"Dec 10, Sun",1:45 PM,"MELBOURNE RENEGADES vs PERTH SCORCHERS, 4th Match",No result - due to pitch conditions,https://www.cricbuzz.com/cricket-scores/76703/mlr-vs-prs-4th-match-big-bash-league-2023-24
4,"Dec 11, Mon",1:45 PM,"HOBART HURRICANES vs SYDNEY SIXERS, 5th Match",Sydney Sixers won by 6 wkts,https://www.cricbuzz.com/cricket-scores/76710/hbh-vs-sys-5th-match-big-bash-league-2023-24
5,"Dec 12, Tue",1:45 PM,"SYDNEY THUNDER vs BRISBANE HEAT, 6th Match",Brisbane Heat won by 20 runs,https://www.cricbuzz.com/cricket-scores/76717/syt-vs-brh-6th-match-big-bash-league-2023-24
6,"Dec 13, Wed",1:45 PM,"MELBOURNE STARS vs PERTH SCORCHERS, 7th Match",Perth Scorchers won by 7 wkts,https://www.cricbuzz.com/cricket-scores/76724/mls-vs-prs-7th-match-big-bash-league-2023-24
7,"Dec 19, Tue",1:45 PM,"ADELAIDE STRIKERS vs SYDNEY THUNDER, 8th Match",Adelaide Strikers won by 6 wkts,https://www.cricbuzz.com/cricket-scores/76731/ads-vs-syt-8th-match-big-bash-league-2023-24
8,"Dec 20, Wed",1:45 PM,"PERTH SCORCHERS vs HOBART HURRICANES, 9th Match",Perth Scorchers won by 9 wkts,https://www.cricbuzz.com/cricket-scores/76738/prs-vs-hbh-9th-match-big-bash-league-2023-24
9,"Dec 21, Thu",1:45 PM,"MELBOURNE RENEGADES vs BRISBANE HEAT, 10th Match",Brisbane Heat won by 6 wkts,https://www.cricbuzz.com/cricket-scores/76745/mlr-vs-brh-10th-match-big-bash-league-2023-24
10,"Dec 22, Fri",1:45 PM,"SYDNEY SIXERS vs ADELAIDE STRIKERS, 11th Match",Sydney Sixers won by 1 run,https://www.cricbuzz.com/cricket-scores/76752/sys-vs-ads-11th-match-big-bash-league-2023-24
11,"Dec 23, Sat",10:00 AM,"MELBOURNE STARS vs SYDNEY THUNDER, 12th Match",Sydney Thunder won by 5 wkts,https://www.cricbuzz.com/cricket-scores/76759/mls-vs-syt-12th-match-big-bash-league-2023-24
12,,1:45 PM,"HOBART HURRICANES vs MELBOURNE RENEGADES, 13th Match",Hobart Hurricanes won by 6 wkts,https://www.cricbuzz.com/cricket-scores/76766/hbh-vs-mlr-13th-match-big-bash-league-2023-24
13,"Dec 26, Tue",12:35 PM,"SYDNEY SIXERS vs MELBOURNE STARS, 14th Match",Melbourne Stars won by 4 wkts,https://www.cricbuzz.com/cricket-scores/76773/sys-vs-mls-14th-match-big-bash-league-2023-24
14,,3:45 PM,"PERTH SCORCHERS vs MELBOURNE RENEGADES, 15th Match",Perth Scorchers won by 13 runs,https://www.cricbuzz.com/cricket-scores/76780/prs-vs-mlr-15th-match-big-bash-league-2023-24
15,"Dec 27, Wed",1:45 PM,"BRISBANE HEAT vs SYDNEY THUNDER, 16th Match",Brisbane Heat won by 15 runs,https://www.cricbuzz.com/cricket-scores/76787/brh-vs-syt-16th-match-big-bash-league-2023-24
16,"Dec 28, Thu",1:45 PM,"HOBART HURRICANES vs MELBOURNE STARS, 17th Match",Melbourne Stars won by 7 wkts - 2nd Inns reduced to 7 Overs - Target 67 (DLS Method),https://www.cricbuzz.com/cricket-scores/76794/hbh-vs-mls-17th-match-big-bash-league-2023-24
17,"Dec 29, Fri",1:45 PM,"MELBOURNE RENEGADES vs ADELAIDE STRIKERS, 18th Match",Melbourne Renegades won by 4 wkts,https://www.cricbuzz.com/cricket-scores/76801/mlr-vs-ads-18th-match-big-bash-league-2023-24
18,"Dec 30, Sat",1:45 PM,"SYDNEY THUNDER vs SYDNEY SIXERS, 19th Match",No result,https://www.cricbuzz.com/cricket-scores/76808/syt-vs-sys-19th-match-big-bash-league-2023-24
19,"Dec 31, Sun",1:45 PM,"ADELAIDE STRIKERS vs MELBOURNE STARS, 20th Match",Melbourne Stars won by 7 wkts,https://www.cricbuzz.com/cricket-scores/76815/ads-vs-mls-20th-match-big-bash-league-2023-24
20,"Jan 01, Mon",10:30 AM,"HOBART HURRICANES vs SYDNEY THUNDER, 21st Match",Hobart Hurricanes won by 7 wkts,https://www.cricbuzz.com/cricket-scores/76822/hbh-vs-syt-21st-match-big-bash-league-2023-24
21,,1:45 PM,"BRISBANE HEAT vs SYDNEY SIXERS, 22nd Match",Match abandoned without a ball bowled (no toss),https://www.cricbuzz.com/cricket-scores/76983/brh-vs-sys-22nd-match-big-bash-league-2023-24
22,"Jan 02, Tue",1:45 PM,"MELBOURNE STARS vs MELBOURNE RENEGADES, 23rd Match",Melbourne Stars won by 8 wkts - 14 overs game - due to rain,https://www.cricbuzz.com/cricket-scores/76829/mls-vs-mlr-23rd-match-big-bash-league-2023-24
23,"Jan 03, Wed",12:35 PM,"SYDNEY SIXERS vs BRISBANE HEAT, 24th Match",Brisbane Heat won by 3 runs (DLS Method),https://www.cricbuzz.com/cricket-scores/76836/sys-vs-brh-24th-match-big-bash-league-2023-24
24,,3:45 PM,"PERTH SCORCHERS vs ADELAIDE STRIKERS, 25th Match",Perth Scorchers won by 42 runs,https://www.cricbuzz.com/cricket-scores/76843/prs-vs-ads-25th-match-big-bash-league-2023-24
25,"Jan 04, Thu",1:45 PM,"MELBOURNE RENEGADES vs HOBART HURRICANES, 26th Match",Hobart Hurricanes won by 6 wkts,https://www.cricbuzz.com/cricket-scores/76850/mlr-vs-hbh-26th-match-big-bash-league-2023-24
26,"Jan 05, Fri",1:45 PM,"ADELAIDE STRIKERS vs PERTH SCORCHERS, 27th Match",Adelaide Strikers won by 9 wkts,https://www.cricbuzz.com/cricket-scores/76857/ads-vs-prs-27th-match-big-bash-league-2023-24
27,"Jan 06, Sat",1:45 PM,"MELBOURNE STARS vs SYDNEY SIXERS, 28th Match",Sydney Sixers won by 7 wkts,https://www.cricbuzz.com/cricket-scores/76864/mls-vs-sys-28th-match-big-bash-league-2023-24
28,"Jan 07, Sun",1:45 PM,"BRISBANE HEAT vs HOBART HURRICANES, 29th Match",Brisbane Heat won by 1 run - 2nd inns reduced to 16 overs - Target 118 (DLS Method),https://www.cricbuzz.com/cricket-scores/76871/brh-vs-hbh-29th-match-big-bash-league-2023-24
29,"Jan 08, Mon",1:45 PM,"SYDNEY THUNDER vs PERTH SCORCHERS, 30th Match",Perth Scorchers won by 7 wkts,https://www.cricbuzz.com/cricket-scores/76878/syt-vs-prs-30th-match-big-bash-league-2023-24
30,"Jan 09, Tue",2:10 PM,"ADELAIDE STRIKERS vs HOBART HURRICANES, 31st Match",Adelaide Strikers won by 5 wkts,https://www.cricbuzz.com/cricket-scores/76885/ads-vs-hbh-31st-match-big-bash-league-2023-24
31,"Jan 10, Wed",2:10 PM,"BRISBANE HEAT vs PERTH SCORCHERS, 32nd Match",Brisbane Heat won by 23 runs,https://www.cricbuzz.com/cricket-scores/76892/brh-vs-prs-32nd-match-big-bash-league-2023-24
32,"Jan 11, Thu",1:45 PM,"HOBART HURRICANES vs ADELAIDE STRIKERS, 33rd Match",Adelaide Strikers won by 8 wkts,https://www.cricbuzz.com/cricket-scores/76899/hbh-vs-ads-33rd-match-big-bash-league-2023-24
33,"Jan 12, Fri",1:45 PM,"SYDNEY SIXERS vs SYDNEY THUNDER, 34th Match",Sydney Sixers won by 19 runs,https://www.cricbuzz.com/cricket-scores/76906/sys-vs-syt-34th-match-big-bash-league-2023-24
34,"Jan 13, Sat",10:45 AM,"PERTH SCORCHERS vs BRISBANE HEAT, 35th Match",Perth Scorchers won by 35 runs,https://www.cricbuzz.com/cricket-scores/76913/prs-vs-brh-35th-match-big-bash-league-2023-24
35,,2:00 PM,"MELBOURNE RENEGADES vs MELBOURNE STARS, 36th Match",Melbourne Renegades won by 6 wkts,https://www.cricbuzz.com/cricket-scores/76920/mlr-vs-mls-36th-match-big-bash-league-2023-24
36,"Jan 14, Sun",1:45 PM,"SYDNEY THUNDER vs ADELAIDE STRIKERS, 37th Match",Adelaide Strikers won by 9 wkts,https://www.cricbuzz.com/cricket-scores/76927/syt-vs-ads-37th-match-big-bash-league-2023-24
37,"Jan 15, Mon",1:45 PM,"MELBOURNE STARS vs HOBART HURRICANES, 38th Match",Hobart Hurricanes won by 7 runs,https://www.cricbuzz.com/cricket-scores/76934/mls-vs-hbh-38th-match-big-bash-league-2023-24
38,"Jan 16, Tue",2:10 PM,"PERTH SCORCHERS vs SYDNEY SIXERS, 39th Match",Sydney Sixers won by 3 wkts,https://www.cricbuzz.com/cricket-scores/76941/prs-vs-sys-39th-match-big-bash-league-2023-24
39,"Jan 17, Wed",1:45 PM,"SYDNEY THUNDER vs MELBOURNE RENEGADES, 40th Match",Match abandoned without a ball bowled (no toss),https://www.cricbuzz.com/cricket-scores/76948/syt-vs-mlr-40th-match-big-bash-league-2023-24
40,"Jan 19, Fri",2:10 PM,"BRISBANE HEAT vs SYDNEY SIXERS, Qualifier",Sydney Sixers won by 39 runs,https://www.cricbuzz.com/cricket-scores/76955/brh-vs-sys-qualifier-big-bash-league-2023-24
41,"Jan 20, Sat",2:10 PM,"PERTH SCORCHERS vs ADELAIDE STRIKERS, Knockout",Adelaide Strikers won by 50 runs,https://www.cricbuzz.com/cricket-scores/76962/prs-vs-ads-knockout-big-bash-league-2023-24
42,"Jan 22, Mon",2:10 PM,"BRISBANE HEAT vs ADELAIDE STRIKERS, Challenger",Brisbane Heat won by 54 runs,https://www.cricbuzz.com/cricket-scores/76969/brh-vs-ads-challenger-big-bash-league-2023-24
43,"Jan 24, Wed",1:30 PM,"SYDNEY SIXERS vs BRISBANE HEAT, Final",Brisbane Heat won by 54 runs,https://www.cricbuzz.com/cricket-scores/76976/sys-vs-brh-final-big-bash-league-2023-24
