,Date,Time,Stadium,City,Match Details,Team Bowling,Total Runs Conceeded,Total Wickets Taken,Bowler Name,Overs,Maidens,Runs,Wickets,No Balls,Wides,Economies
0,"Dec 20, ",07:40 PM,"Melbourne Cricket Ground, ",Melbourne,"Melbourne Stars vs Melbourne Renegades, Match 1 - Live Cricket Score, Commentary",Melbourne Renegades Innings,208,7,Nathan Rimmington,4,0,34,2,0,0,8.50
1,"Dec 20, ",07:40 PM,"Melbourne Cricket Ground, ",Melbourne,"Melbourne Stars vs Melbourne Renegades, Match 1 - Live Cricket Score, Commentary",Melbourne Renegades Innings,208,7,Jayde Herrick,3.3,0,37,0,0,1,11.21
2,"Dec 20, ",07:40 PM,"Melbourne Cricket Ground, ",Melbourne,"Melbourne Stars vs Melbourne Renegades, Match 1 - Live Cricket Score, Commentary",Melbourne Renegades Innings,208,7,Aaron O Brien,4,0,39,2,0,0,9.75
3,"Dec 20, ",07:40 PM,"Melbourne Cricket Ground, ",Melbourne,"Melbourne Stars vs Melbourne Renegades, Match 1 - Live Cricket Score, Commentary",Melbourne Renegades Innings,208,7,William Sheridan,2.3,0,53,1,2,0,23.04
4,"Dec 20, ",07:40 PM,"Melbourne Cricket Ground, ",Melbourne,"Melbourne Stars vs Melbourne Renegades, Match 1 - Live Cricket Score, Commentary",Melbourne Renegades Innings,208,7,Muttiah Muralitharan,4,0,23,1,0,0,5.75
5,"Dec 20, ",07:40 PM,"Melbourne Cricket Ground, ",Melbourne,"Melbourne Stars vs Melbourne Renegades, Match 1 - Live Cricket Score, Commentary",Melbourne Renegades Innings,208,7,Aaron Finch,2,0,20,1,0,0,10.00
6,"Dec 20, ",07:40 PM,"Melbourne Cricket Ground, ",Melbourne,"Melbourne Stars vs Melbourne Renegades, Match 1 - Live Cricket Score, Commentary",Melbourne Stars Innings,132,10,Clive Rose,3,0,28,0,0,1,9.33
7,"Dec 20, ",07:40 PM,"Melbourne Cricket Ground, ",Melbourne,"Melbourne Stars vs Melbourne Renegades, Match 1 - Live Cricket Score, Commentary",Melbourne Stars Innings,132,10,Jackson Bird,4,0,31,4,0,0,7.75
8,"Dec 20, ",07:40 PM,"Melbourne Cricket Ground, ",Melbourne,"Melbourne Stars vs Melbourne Renegades, Match 1 - Live Cricket Score, Commentary",Melbourne Stars Innings,132,10,Clint McKay,3.3,0,31,2,0,2,9.39
9,"Dec 20, ",07:40 PM,"Melbourne Cricket Ground, ",Melbourne,"Melbourne Stars vs Melbourne Renegades, Match 1 - Live Cricket Score, Commentary",Melbourne Stars Innings,132,10,John Hastings,3,0,10,1,0,0,3.33
10,"Dec 20, ",07:40 PM,"Melbourne Cricket Ground, ",Melbourne,"Melbourne Stars vs Melbourne Renegades, Match 1 - Live Cricket Score, Commentary",Melbourne Stars Innings,132,10,Luke Wright,3,0,26,1,0,1,8.67
11,"Dec 20, ",07:40 PM,"Melbourne Cricket Ground, ",Melbourne,"Melbourne Stars vs Melbourne Renegades, Match 1 - Live Cricket Score, Commentary",Melbourne Stars Innings,132,10,Glenn Maxwell,1,0,6,0,0,0,6.00
12,"Dec 21, ",07:10 PM,"Sydney Cricket Ground, ",Sydney,"Sydney Sixers vs Sydney Thunder, Match 2 - Live Cricket Score, Commentary",Sydney Sixers Innings,166,6,Brett Lee,4,0,35,1,0,5,8.75
13,"Dec 21, ",07:10 PM,"Sydney Cricket Ground, ",Sydney,"Sydney Sixers vs Sydney Thunder, Match 2 - Live Cricket Score, Commentary",Sydney Sixers Innings,166,6,Josh Hazlewood,4,0,43,1,0,5,10.75
14,"Dec 21, ",07:10 PM,"Sydney Cricket Ground, ",Sydney,"Sydney Sixers vs Sydney Thunder, Match 2 - Live Cricket Score, Commentary",Sydney Sixers Innings,166,6,Steve OKeefe,3,0,20,0,0,0,6.67
15,"Dec 21, ",07:10 PM,"Sydney Cricket Ground, ",Sydney,"Sydney Sixers vs Sydney Thunder, Match 2 - Live Cricket Score, Commentary",Sydney Sixers Innings,166,6,Moises Henriques,4,0,24,2,0,0,6.00
16,"Dec 21, ",07:10 PM,"Sydney Cricket Ground, ",Sydney,"Sydney Sixers vs Sydney Thunder, Match 2 - Live Cricket Score, Commentary",Sydney Sixers Innings,166,6,Ravi Bopara,4,0,30,1,0,5,7.50
17,"Dec 21, ",07:10 PM,"Sydney Cricket Ground, ",Sydney,"Sydney Sixers vs Sydney Thunder, Match 2 - Live Cricket Score, Commentary",Sydney Sixers Innings,166,6,Mark Cosgrove,1,0,10,1,0,5,10.00
18,"Dec 21, ",07:10 PM,"Sydney Cricket Ground, ",Sydney,"Sydney Sixers vs Sydney Thunder, Match 2 - Live Cricket Score, Commentary",Sydney Thunder Innings,167,4,Dirk Nannes,3.2,0,33,0,0,0,10.31
19,"Dec 21, ",07:10 PM,"Sydney Cricket Ground, ",Sydney,"Sydney Sixers vs Sydney Thunder, Match 2 - Live Cricket Score, Commentary",Sydney Thunder Innings,167,4,Luke Feldman,3,0,23,0,0,1,7.67
20,"Dec 21, ",07:10 PM,"Sydney Cricket Ground, ",Sydney,"Sydney Sixers vs Sydney Thunder, Match 2 - Live Cricket Score, Commentary",Sydney Thunder Innings,167,4,Carl Stephen Sandri,2,0,20,1,0,0,10.00
21,"Dec 21, ",07:10 PM,"Sydney Cricket Ground, ",Sydney,"Sydney Sixers vs Sydney Thunder, Match 2 - Live Cricket Score, Commentary",Sydney Thunder Innings,167,4,Gurinder Sandhu,4,0,25,1,0,1,6.25
22,"Dec 21, ",07:10 PM,"Sydney Cricket Ground, ",Sydney,"Sydney Sixers vs Sydney Thunder, Match 2 - Live Cricket Score, Commentary",Sydney Thunder Innings,167,4,Chris Woakes,4,0,31,1,0,1,7.75
23,"Dec 21, ",07:10 PM,"Sydney Cricket Ground, ",Sydney,"Sydney Sixers vs Sydney Thunder, Match 2 - Live Cricket Score, Commentary",Sydney Thunder Innings,167,4,Blake Dean,2,0,29,1,2,8,14.50
24,"Dec 22, ",06:10 PM,"The Gabba, ",Brisbane,"Brisbane Heat vs Perth Scorchers, Match 4 - Live Cricket Score, Commentary",Brisbane Heat Innings,151,7,Cameron Gannon,2,0,14,0,0,0,7.00
25,"Dec 22, ",06:10 PM,"The Gabba, ",Brisbane,"Brisbane Heat vs Perth Scorchers, Match 4 - Live Cricket Score, Commentary",Brisbane Heat Innings,151,7,Nathan Hauritz,4,0,27,0,0,0,6.75
26,"Dec 22, ",06:10 PM,"The Gabba, ",Brisbane,"Brisbane Heat vs Perth Scorchers, Match 4 - Live Cricket Score, Commentary",Brisbane Heat Innings,151,7,Alister McDermott,4,0,38,3,0,1,9.50
27,"Dec 22, ",06:10 PM,"The Gabba, ",Brisbane,"Brisbane Heat vs Perth Scorchers, Match 4 - Live Cricket Score, Commentary",Brisbane Heat Innings,151,7,Daniel Vettori,4,0,21,1,0,0,5.25
28,"Dec 22, ",06:10 PM,"The Gabba, ",Brisbane,"Brisbane Heat vs Perth Scorchers, Match 4 - Live Cricket Score, Commentary",Brisbane Heat Innings,151,7,Ben Cutting,4,0,31,3,0,4,7.75
29,"Dec 22, ",06:10 PM,"The Gabba, ",Brisbane,"Brisbane Heat vs Perth Scorchers, Match 4 - Live Cricket Score, Commentary",Brisbane Heat Innings,151,7,James Hopes,2,0,18,0,0,0,9.00
30,"Dec 22, ",06:10 PM,"The Gabba, ",Brisbane,"Brisbane Heat vs Perth Scorchers, Match 4 - Live Cricket Score, Commentary",Perth Scorchers Innings,152,7,Alfonso Thomas,3,0,33,0,2,0,11.00
31,"Dec 22, ",06:10 PM,"The Gabba, ",Brisbane,"Brisbane Heat vs Perth Scorchers, Match 4 - Live Cricket Score, Commentary",Perth Scorchers Innings,152,7,Jason Behrendorff,4,0,18,1,0,2,4.50
32,"Dec 22, ",06:10 PM,"The Gabba, ",Brisbane,"Brisbane Heat vs Perth Scorchers, Match 4 - Live Cricket Score, Commentary",Perth Scorchers Innings,152,7,Nathan Coulter-Nile,3.4,1,37,3,0,0,10.88
33,"Dec 22, ",06:10 PM,"The Gabba, ",Brisbane,"Brisbane Heat vs Perth Scorchers, Match 4 - Live Cricket Score, Commentary",Perth Scorchers Innings,152,7,Mitchell Marsh,1,0,17,0,0,1,17.00
34,"Dec 22, ",06:10 PM,"The Gabba, ",Brisbane,"Brisbane Heat vs Perth Scorchers, Match 4 - Live Cricket Score, Commentary",Perth Scorchers Innings,152,7,Michael Beer,4,0,22,0,0,0,5.50
35,"Dec 22, ",06:10 PM,"The Gabba, ",Brisbane,"Brisbane Heat vs Perth Scorchers, Match 4 - Live Cricket Score, Commentary",Perth Scorchers Innings,152,7,Brad Hogg,4,0,21,3,0,1,5.25
36,"Dec 26, ",04:40 PM,"W.A.C.A. Ground, ",Perth,"Perth Scorchers vs Melbourne Renegades, Match 5 - Live Cricket Score, Commentary",Melbourne Renegades Innings,117,7,William Sheridan,4,0,24,1,0,1,6.00
37,"Dec 26, ",04:40 PM,"W.A.C.A. Ground, ",Perth,"Perth Scorchers vs Melbourne Renegades, Match 5 - Live Cricket Score, Commentary",Melbourne Renegades Innings,117,7,Andrew Fekete,3,0,27,2,0,1,9.00
38,"Dec 26, ",04:40 PM,"W.A.C.A. Ground, ",Perth,"Perth Scorchers vs Melbourne Renegades, Match 5 - Live Cricket Score, Commentary",Melbourne Renegades Innings,117,7,Aaron O Brien,4,0,28,0,0,0,7.00
39,"Dec 26, ",04:40 PM,"W.A.C.A. Ground, ",Perth,"Perth Scorchers vs Melbourne Renegades, Match 5 - Live Cricket Score, Commentary",Melbourne Renegades Innings,117,7,Nathan Rimmington,4,1,14,2,0,0,3.50
40,"Dec 26, ",04:40 PM,"W.A.C.A. Ground, ",Perth,"Perth Scorchers vs Melbourne Renegades, Match 5 - Live Cricket Score, Commentary",Melbourne Renegades Innings,117,7,Tom Cooper,1,0,7,1,0,0,7.00
41,"Dec 26, ",04:40 PM,"W.A.C.A. Ground, ",Perth,"Perth Scorchers vs Melbourne Renegades, Match 5 - Live Cricket Score, Commentary",Melbourne Renegades Innings,117,7,Muttiah Muralitharan,4,0,13,1,0,1,3.25
42,"Dec 26, ",04:40 PM,"W.A.C.A. Ground, ",Perth,"Perth Scorchers vs Melbourne Renegades, Match 5 - Live Cricket Score, Commentary",Perth Scorchers Innings,111,8,Alfonso Thomas,4,0,28,1,0,1,7.00
43,"Dec 26, ",04:40 PM,"W.A.C.A. Ground, ",Perth,"Perth Scorchers vs Melbourne Renegades, Match 5 - Live Cricket Score, Commentary",Perth Scorchers Innings,111,8,Jason Behrendorff,4,0,24,1,0,2,6.00
44,"Dec 26, ",04:40 PM,"W.A.C.A. Ground, ",Perth,"Perth Scorchers vs Melbourne Renegades, Match 5 - Live Cricket Score, Commentary",Perth Scorchers Innings,111,8,Yasir Arafat,4,1,15,3,0,1,3.75
45,"Dec 26, ",04:40 PM,"W.A.C.A. Ground, ",Perth,"Perth Scorchers vs Melbourne Renegades, Match 5 - Live Cricket Score, Commentary",Perth Scorchers Innings,111,8,Brad Hogg,4,0,21,0,0,0,5.25
46,"Dec 26, ",04:40 PM,"W.A.C.A. Ground, ",Perth,"Perth Scorchers vs Melbourne Renegades, Match 5 - Live Cricket Score, Commentary",Perth Scorchers Innings,111,8,Mitchell Marsh,4,1,15,2,0,1,3.75
47,"Dec 27, ",07:40 PM,"Stadium Australia, ","Homebush Bay, Sydney","Sydney Thunder vs Adelaide Strikers, Match 6 - Live Cricket Score, Commentary",Sydney Thunder Innings,153,6,Luke Feldman,4,0,43,2,0,0,10.75
48,"Dec 27, ",07:40 PM,"Stadium Australia, ","Homebush Bay, Sydney","Sydney Thunder vs Adelaide Strikers, Match 6 - Live Cricket Score, Commentary",Sydney Thunder Innings,153,6,Dirk Nannes,4,0,22,2,0,1,5.50
49,"Dec 27, ",07:40 PM,"Stadium Australia, ","Homebush Bay, Sydney","Sydney Thunder vs Adelaide Strikers, Match 6 - Live Cricket Score, Commentary",Sydney Thunder Innings,153,6,Gurinder Sandhu,4,0,21,0,0,1,5.25
50,"Dec 27, ",07:40 PM,"Stadium Australia, ","Homebush Bay, Sydney","Sydney Thunder vs Adelaide Strikers, Match 6 - Live Cricket Score, Commentary",Sydney Thunder Innings,153,6,Chris Woakes,4,0,31,1,0,0,7.75
51,"Dec 27, ",07:40 PM,"Stadium Australia, ","Homebush Bay, Sydney","Sydney Thunder vs Adelaide Strikers, Match 6 - Live Cricket Score, Commentary",Sydney Thunder Innings,153,6,Carl Stephen Sandri,4,0,33,1,0,0,8.25
52,"Dec 27, ",07:40 PM,"Stadium Australia, ","Homebush Bay, Sydney","Sydney Thunder vs Adelaide Strikers, Match 6 - Live Cricket Score, Commentary",Adelaide Strikers Innings,147,6,Johan Botha,4,0,22,1,0,1,5.50
53,"Dec 27, ",07:40 PM,"Stadium Australia, ","Homebush Bay, Sydney","Sydney Thunder vs Adelaide Strikers, Match 6 - Live Cricket Score, Commentary",Adelaide Strikers Innings,147,6,Kane Richardson,4,0,21,0,0,0,5.25
54,"Dec 27, ",07:40 PM,"Stadium Australia, ","Homebush Bay, Sydney","Sydney Thunder vs Adelaide Strikers, Match 6 - Live Cricket Score, Commentary",Adelaide Strikers Innings,147,6,Shaun Tait,4,0,36,1,0,3,9.00
55,"Dec 27, ",07:40 PM,"Stadium Australia, ","Homebush Bay, Sydney","Sydney Thunder vs Adelaide Strikers, Match 6 - Live Cricket Score, Commentary",Adelaide Strikers Innings,147,6,Michael Neser,4,0,24,3,0,0,6.00
56,"Dec 27, ",07:40 PM,"Stadium Australia, ","Homebush Bay, Sydney","Sydney Thunder vs Adelaide Strikers, Match 6 - Live Cricket Score, Commentary",Adelaide Strikers Innings,147,6,Adam Zampa,3,0,30,0,0,0,10.00
57,"Dec 27, ",07:40 PM,"Stadium Australia, ","Homebush Bay, Sydney","Sydney Thunder vs Adelaide Strikers, Match 6 - Live Cricket Score, Commentary",Adelaide Strikers Innings,147,6,Nathan Reardon,1,0,12,0,0,0,12.00
58,"Dec 28, ",06:10 PM,"The Gabba, ",Brisbane,"Brisbane Heat vs Hobart Hurricanes, Match 7 - Live Cricket Score, Commentary",Hobart Hurricanes Innings,209,3,Doug Bollinger,3,0,27,1,0,2,9.00
59,"Dec 28, ",06:10 PM,"The Gabba, ",Brisbane,"Brisbane Heat vs Hobart Hurricanes, Match 7 - Live Cricket Score, Commentary",Hobart Hurricanes Innings,209,3,Ben Hilfenhaus,4,0,47,0,1,0,11.75
60,"Dec 28, ",06:10 PM,"The Gabba, ",Brisbane,"Brisbane Heat vs Hobart Hurricanes, Match 7 - Live Cricket Score, Commentary",Hobart Hurricanes Innings,209,3,Xavier Doherty,4,0,33,1,0,0,8.25
61,"Dec 28, ",06:10 PM,"The Gabba, ",Brisbane,"Brisbane Heat vs Hobart Hurricanes, Match 7 - Live Cricket Score, Commentary",Hobart Hurricanes Innings,209,3,Shoaib Malik,4,0,40,1,0,0,10.00
62,"Dec 28, ",06:10 PM,"The Gabba, ",Brisbane,"Brisbane Heat vs Hobart Hurricanes, Match 7 - Live Cricket Score, Commentary",Hobart Hurricanes Innings,209,3,Ben Laughlin,3,0,35,0,0,2,11.67
63,"Dec 28, ",06:10 PM,"The Gabba, ",Brisbane,"Brisbane Heat vs Hobart Hurricanes, Match 7 - Live Cricket Score, Commentary",Hobart Hurricanes Innings,209,3,Jonathan Wells,1,0,5,0,0,0,5.00
64,"Dec 28, ",06:10 PM,"The Gabba, ",Brisbane,"Brisbane Heat vs Hobart Hurricanes, Match 7 - Live Cricket Score, Commentary",Hobart Hurricanes Innings,209,3,Evan Gulbis,1,0,22,0,0,0,22.00
65,"Dec 28, ",06:10 PM,"The Gabba, ",Brisbane,"Brisbane Heat vs Hobart Hurricanes, Match 7 - Live Cricket Score, Commentary",Brisbane Heat Innings,210,7,Nathan Hauritz,2,0,25,0,0,3,12.50
66,"Dec 28, ",06:10 PM,"The Gabba, ",Brisbane,"Brisbane Heat vs Hobart Hurricanes, Match 7 - Live Cricket Score, Commentary",Brisbane Heat Innings,210,7,Cameron Gannon,4,0,36,2,1,3,9.00
67,"Dec 28, ",06:10 PM,"The Gabba, ",Brisbane,"Brisbane Heat vs Hobart Hurricanes, Match 7 - Live Cricket Score, Commentary",Brisbane Heat Innings,210,7,Alister McDermott,2,0,28,1,1,2,14.00
68,"Dec 28, ",06:10 PM,"The Gabba, ",Brisbane,"Brisbane Heat vs Hobart Hurricanes, Match 7 - Live Cricket Score, Commentary",Brisbane Heat Innings,210,7,Daniel Christian,2,0,29,1,0,0,14.50
69,"Dec 28, ",06:10 PM,"The Gabba, ",Brisbane,"Brisbane Heat vs Hobart Hurricanes, Match 7 - Live Cricket Score, Commentary",Brisbane Heat Innings,210,7,Ben Cutting,3.2,0,39,1,0,0,12.19
70,"Dec 28, ",06:10 PM,"The Gabba, ",Brisbane,"Brisbane Heat vs Hobart Hurricanes, Match 7 - Live Cricket Score, Commentary",Brisbane Heat Innings,210,7,Daniel Vettori,4,0,32,2,0,0,8.00
71,"Dec 28, ",06:10 PM,"The Gabba, ",Brisbane,"Brisbane Heat vs Hobart Hurricanes, Match 7 - Live Cricket Score, Commentary",Brisbane Heat Innings,210,7,James Hopes,2,0,17,0,0,0,8.50
72,"Dec 29, ",07:10 PM,"Sydney Cricket Ground, ",Sydney,"Sydney Sixers vs Melbourne Stars, Match 8 - Live Cricket Score, Commentary",Sydney Sixers Innings,200,5,Brett Lee,4,0,37,0,1,4,9.25
73,"Dec 29, ",07:10 PM,"Sydney Cricket Ground, ",Sydney,"Sydney Sixers vs Melbourne Stars, Match 8 - Live Cricket Score, Commentary",Sydney Sixers Innings,200,5,Josh Hazlewood,4,0,20,3,0,2,5.00
74,"Dec 29, ",07:10 PM,"Sydney Cricket Ground, ",Sydney,"Sydney Sixers vs Melbourne Stars, Match 8 - Live Cricket Score, Commentary",Sydney Sixers Innings,200,5,Steve OKeefe,3,0,27,1,0,6,9.00
75,"Dec 29, ",07:10 PM,"Sydney Cricket Ground, ",Sydney,"Sydney Sixers vs Melbourne Stars, Match 8 - Live Cricket Score, Commentary",Sydney Sixers Innings,200,5,Josh Lalor,4,0,45,0,0,2,11.25
76,"Dec 29, ",07:10 PM,"Sydney Cricket Ground, ",Sydney,"Sydney Sixers vs Melbourne Stars, Match 8 - Live Cricket Score, Commentary",Sydney Sixers Innings,200,5,Moises Henriques,2,0,29,0,0,5,14.50
77,"Dec 29, ",07:10 PM,"Sydney Cricket Ground, ",Sydney,"Sydney Sixers vs Melbourne Stars, Match 8 - Live Cricket Score, Commentary",Sydney Sixers Innings,200,5,Ravi Bopara,3,0,34,1,0,3,11.33
78,"Dec 29, ",07:10 PM,"Sydney Cricket Ground, ",Sydney,"Sydney Sixers vs Melbourne Stars, Match 8 - Live Cricket Score, Commentary",Melbourne Stars Innings,123,9,Jackson Bird,4,0,29,1,0,0,7.25
79,"Dec 29, ",07:10 PM,"Sydney Cricket Ground, ",Sydney,"Sydney Sixers vs Melbourne Stars, Match 8 - Live Cricket Score, Commentary",Melbourne Stars Innings,123,9,James Faulkner,4,0,20,1,2,0,5.00
80,"Dec 29, ",07:10 PM,"Sydney Cricket Ground, ",Sydney,"Sydney Sixers vs Melbourne Stars, Match 8 - Live Cricket Score, Commentary",Melbourne Stars Innings,123,9,John Hastings,3,1,17,1,0,1,5.67
81,"Dec 29, ",07:10 PM,"Sydney Cricket Ground, ",Sydney,"Sydney Sixers vs Melbourne Stars, Match 8 - Live Cricket Score, Commentary",Melbourne Stars Innings,123,9,Lasith Malinga,2,0,15,0,0,0,7.50
82,"Dec 29, ",07:10 PM,"Sydney Cricket Ground, ",Sydney,"Sydney Sixers vs Melbourne Stars, Match 8 - Live Cricket Score, Commentary",Melbourne Stars Innings,123,9,Glenn Maxwell,4,0,26,3,0,0,6.50
83,"Dec 29, ",07:10 PM,"Sydney Cricket Ground, ",Sydney,"Sydney Sixers vs Melbourne Stars, Match 8 - Live Cricket Score, Commentary",Melbourne Stars Innings,123,9,Clint McKay,2,0,8,1,0,0,4.00
84,"Dec 29, ",07:10 PM,"Sydney Cricket Ground, ",Sydney,"Sydney Sixers vs Melbourne Stars, Match 8 - Live Cricket Score, Commentary",Melbourne Stars Innings,123,9,David Hussey,1,0,4,1,0,0,4.00
85,"Dec 30, ",07:40 PM,"Docklands Stadium, ",Melbourne,"Melbourne Renegades vs Brisbane Heat, Match 9 - Live Cricket Score, Commentary",Brisbane Heat Innings,210,3,Alister McDermott,3.3,0,34,0,2,0,10.30
86,"Dec 30, ",07:40 PM,"Docklands Stadium, ",Melbourne,"Melbourne Renegades vs Brisbane Heat, Match 9 - Live Cricket Score, Commentary",Brisbane Heat Innings,210,3,Cameron Gannon,4,0,43,0,0,0,10.75
87,"Dec 30, ",07:40 PM,"Docklands Stadium, ",Melbourne,"Melbourne Renegades vs Brisbane Heat, Match 9 - Live Cricket Score, Commentary",Brisbane Heat Innings,210,3,Daniel Christian,4,0,43,2,0,0,10.75
88,"Dec 30, ",07:40 PM,"Docklands Stadium, ",Melbourne,"Melbourne Renegades vs Brisbane Heat, Match 9 - Live Cricket Score, Commentary",Brisbane Heat Innings,210,3,Daniel Vettori,4,0,20,1,0,1,5.00
89,"Dec 30, ",07:40 PM,"Docklands Stadium, ",Melbourne,"Melbourne Renegades vs Brisbane Heat, Match 9 - Live Cricket Score, Commentary",Brisbane Heat Innings,210,3,Nathan Hauritz,1,0,18,0,0,0,18.00
90,"Dec 30, ",07:40 PM,"Docklands Stadium, ",Melbourne,"Melbourne Renegades vs Brisbane Heat, Match 9 - Live Cricket Score, Commentary",Brisbane Heat Innings,210,3,Ben Cutting,3.3,0,51,0,0,0,15.45
91,"Dec 30, ",07:40 PM,"Docklands Stadium, ",Melbourne,"Melbourne Renegades vs Brisbane Heat, Match 9 - Live Cricket Score, Commentary",Melbourne Renegades Innings,153,10,Aaron O Brien,4,0,26,2,0,0,6.50
92,"Dec 30, ",07:40 PM,"Docklands Stadium, ",Melbourne,"Melbourne Renegades vs Brisbane Heat, Match 9 - Live Cricket Score, Commentary",Melbourne Renegades Innings,153,10,James Pattinson,4,0,36,3,0,9,9.00
93,"Dec 30, ",07:40 PM,"Docklands Stadium, ",Melbourne,"Melbourne Renegades vs Brisbane Heat, Match 9 - Live Cricket Score, Commentary",Melbourne Renegades Innings,153,10,Andrew Fekete,2,0,21,0,0,1,10.50
94,"Dec 30, ",07:40 PM,"Docklands Stadium, ",Melbourne,"Melbourne Renegades vs Brisbane Heat, Match 9 - Live Cricket Score, Commentary",Melbourne Renegades Innings,153,10,Nathan Rimmington,3.2,0,24,2,0,4,7.50
95,"Dec 30, ",07:40 PM,"Docklands Stadium, ",Melbourne,"Melbourne Renegades vs Brisbane Heat, Match 9 - Live Cricket Score, Commentary",Melbourne Renegades Innings,153,10,Muttiah Muralitharan,4,0,29,1,0,0,7.25
96,"Dec 30, ",07:40 PM,"Docklands Stadium, ",Melbourne,"Melbourne Renegades vs Brisbane Heat, Match 9 - Live Cricket Score, Commentary",Melbourne Renegades Innings,153,10,Tom Cooper,1,0,3,0,0,0,3.00
97,"Dec 30, ",07:40 PM,"Docklands Stadium, ",Melbourne,"Melbourne Renegades vs Brisbane Heat, Match 9 - Live Cricket Score, Commentary",Melbourne Renegades Innings,153,10,Aaron Finch,1,0,13,0,0,0,13.00
98,"Dec 31, ",07:10 PM,"Adelaide Oval, ",Adelaide,"Adelaide Strikers vs Perth Scorchers, Match 10 - Live Cricket Score, Commentary",Adelaide Strikers Innings,159,9,Johan Botha,4,0,22,0,0,0,5.50
99,"Dec 31, ",07:10 PM,"Adelaide Oval, ",Adelaide,"Adelaide Strikers vs Perth Scorchers, Match 10 - Live Cricket Score, Commentary",Adelaide Strikers Innings,159,9,Ben Oakley,4,0,50,0,0,1,12.50
100,"Dec 31, ",07:10 PM,"Adelaide Oval, ",Adelaide,"Adelaide Strikers vs Perth Scorchers, Match 10 - Live Cricket Score, Commentary",Adelaide Strikers Innings,159,9,Shaun Tait,4,0,27,2,0,7,6.75
101,"Dec 31, ",07:10 PM,"Adelaide Oval, ",Adelaide,"Adelaide Strikers vs Perth Scorchers, Match 10 - Live Cricket Score, Commentary",Adelaide Strikers Innings,159,9,Michael Neser,4,1,27,3,0,0,6.75
102,"Dec 31, ",07:10 PM,"Adelaide Oval, ",Adelaide,"Adelaide Strikers vs Perth Scorchers, Match 10 - Live Cricket Score, Commentary",Adelaide Strikers Innings,159,9,Adam Zampa,4,0,28,2,1,2,7.00
103,"Dec 31, ",07:10 PM,"Adelaide Oval, ",Adelaide,"Adelaide Strikers vs Perth Scorchers, Match 10 - Live Cricket Score, Commentary",Perth Scorchers Innings,164,4,Michael Beer,4,0,31,1,0,0,7.75
104,"Dec 31, ",07:10 PM,"Adelaide Oval, ",Adelaide,"Adelaide Strikers vs Perth Scorchers, Match 10 - Live Cricket Score, Commentary",Perth Scorchers Innings,164,4,Yasir Arafat,4,0,42,1,0,0,10.50
105,"Dec 31, ",07:10 PM,"Adelaide Oval, ",Adelaide,"Adelaide Strikers vs Perth Scorchers, Match 10 - Live Cricket Score, Commentary",Perth Scorchers Innings,164,4,Alfonso Thomas,3,0,30,0,0,0,10.00
106,"Dec 31, ",07:10 PM,"Adelaide Oval, ",Adelaide,"Adelaide Strikers vs Perth Scorchers, Match 10 - Live Cricket Score, Commentary",Perth Scorchers Innings,164,4,Nathan Coulter-Nile,4,0,28,2,0,0,7.00
107,"Dec 31, ",07:10 PM,"Adelaide Oval, ",Adelaide,"Adelaide Strikers vs Perth Scorchers, Match 10 - Live Cricket Score, Commentary",Perth Scorchers Innings,164,4,Brad Hogg,4,0,26,0,0,0,6.50
108,"Jan 01, ",01:45 PM,"Bellerive Oval, ",Hobart,"Hobart Hurricanes vs Melbourne Renegades, Match 11 - Live Cricket Score, Commentary",Hobart Hurricanes Innings,162,8,Doug Bollinger,4,0,32,2,0,1,8.00
109,"Jan 01, ",01:45 PM,"Bellerive Oval, ",Hobart,"Hobart Hurricanes vs Melbourne Renegades, Match 11 - Live Cricket Score, Commentary",Hobart Hurricanes Innings,162,8,Ben Hilfenhaus,4,0,43,0,1,0,10.75
110,"Jan 01, ",01:45 PM,"Bellerive Oval, ",Hobart,"Hobart Hurricanes vs Melbourne Renegades, Match 11 - Live Cricket Score, Commentary",Hobart Hurricanes Innings,162,8,Xavier Doherty,4,0,30,1,0,0,7.50
111,"Jan 01, ",01:45 PM,"Bellerive Oval, ",Hobart,"Hobart Hurricanes vs Melbourne Renegades, Match 11 - Live Cricket Score, Commentary",Hobart Hurricanes Innings,162,8,Shoaib Malik,4,0,34,1,0,0,8.50
112,"Jan 01, ",01:45 PM,"Bellerive Oval, ",Hobart,"Hobart Hurricanes vs Melbourne Renegades, Match 11 - Live Cricket Score, Commentary",Hobart Hurricanes Innings,162,8,Ben Laughlin,4,0,16,3,1,0,4.00
113,"Jan 01, ",01:45 PM,"Bellerive Oval, ",Hobart,"Hobart Hurricanes vs Melbourne Renegades, Match 11 - Live Cricket Score, Commentary",Melbourne Renegades Innings,111,10,James Pattinson,4,0,24,4,0,0,6.00
114,"Jan 01, ",01:45 PM,"Bellerive Oval, ",Hobart,"Hobart Hurricanes vs Melbourne Renegades, Match 11 - Live Cricket Score, Commentary",Melbourne Renegades Innings,111,10,Matthew Gale,3,0,22,1,0,0,7.33
115,"Jan 01, ",01:45 PM,"Bellerive Oval, ",Hobart,"Hobart Hurricanes vs Melbourne Renegades, Match 11 - Live Cricket Score, Commentary",Melbourne Renegades Innings,111,10,Nathan Rimmington,2.1,0,12,2,0,0,5.71
116,"Jan 01, ",01:45 PM,"Bellerive Oval, ",Hobart,"Hobart Hurricanes vs Melbourne Renegades, Match 11 - Live Cricket Score, Commentary",Melbourne Renegades Innings,111,10,Aaron O Brien,4,0,23,0,0,0,5.75
117,"Jan 01, ",01:45 PM,"Bellerive Oval, ",Hobart,"Hobart Hurricanes vs Melbourne Renegades, Match 11 - Live Cricket Score, Commentary",Melbourne Renegades Innings,111,10,Muttiah Muralitharan,3,0,15,2,0,0,5.00
118,"Jan 01, ",01:45 PM,"Bellerive Oval, ",Hobart,"Hobart Hurricanes vs Melbourne Renegades, Match 11 - Live Cricket Score, Commentary",Melbourne Renegades Innings,111,10,Aaron Finch,1,0,10,0,0,0,10.00
119,"Jan 01, ",07:40 PM,"Stadium Australia, ","Homebush Bay, Sydney","Sydney Thunder vs Melbourne Stars, Match 12 - Live Cricket Score, Commentary",Melbourne Stars Innings,155,6,Jackson Bird,4,0,17,1,0,0,4.25
120,"Jan 01, ",07:40 PM,"Stadium Australia, ","Homebush Bay, Sydney","Sydney Thunder vs Melbourne Stars, Match 12 - Live Cricket Score, Commentary",Melbourne Stars Innings,155,6,John Hastings,4,0,31,3,0,1,7.75
121,"Jan 01, ",07:40 PM,"Stadium Australia, ","Homebush Bay, Sydney","Sydney Thunder vs Melbourne Stars, Match 12 - Live Cricket Score, Commentary",Melbourne Stars Innings,155,6,Glenn Maxwell,3,0,17,0,0,0,5.67
122,"Jan 01, ",07:40 PM,"Stadium Australia, ","Homebush Bay, Sydney","Sydney Thunder vs Melbourne Stars, Match 12 - Live Cricket Score, Commentary",Melbourne Stars Innings,155,6,Lasith Malinga,4,0,33,0,0,0,8.25
123,"Jan 01, ",07:40 PM,"Stadium Australia, ","Homebush Bay, Sydney","Sydney Thunder vs Melbourne Stars, Match 12 - Live Cricket Score, Commentary",Melbourne Stars Innings,155,6,Clint McKay,4,0,43,1,0,0,10.75
124,"Jan 01, ",07:40 PM,"Stadium Australia, ","Homebush Bay, Sydney","Sydney Thunder vs Melbourne Stars, Match 12 - Live Cricket Score, Commentary",Melbourne Stars Innings,155,6,Luke Wright,1,0,12,0,0,0,12.00
125,"Jan 01, ",07:40 PM,"Stadium Australia, ","Homebush Bay, Sydney","Sydney Thunder vs Melbourne Stars, Match 12 - Live Cricket Score, Commentary",Sydney Thunder Innings,156,3,Dirk Nannes,4,0,15,1,0,1,3.75
126,"Jan 01, ",07:40 PM,"Stadium Australia, ","Homebush Bay, Sydney","Sydney Thunder vs Melbourne Stars, Match 12 - Live Cricket Score, Commentary",Sydney Thunder Innings,156,3,Luke Feldman,4,0,34,1,0,0,8.50
127,"Jan 01, ",07:40 PM,"Stadium Australia, ","Homebush Bay, Sydney","Sydney Thunder vs Melbourne Stars, Match 12 - Live Cricket Score, Commentary",Sydney Thunder Innings,156,3,Gurinder Sandhu,4,0,31,1,0,0,7.75
128,"Jan 01, ",07:40 PM,"Stadium Australia, ","Homebush Bay, Sydney","Sydney Thunder vs Melbourne Stars, Match 12 - Live Cricket Score, Commentary",Sydney Thunder Innings,156,3,Scott Coyte,4,0,45,0,0,0,11.25
129,"Jan 01, ",07:40 PM,"Stadium Australia, ","Homebush Bay, Sydney","Sydney Thunder vs Melbourne Stars, Match 12 - Live Cricket Score, Commentary",Sydney Thunder Innings,156,3,Tillakaratne Dilshan,3.1,0,30,0,0,0,9.68
130,"Jan 02, ",06:40 PM,"The Gabba, ",Brisbane,"Brisbane Heat vs Sydney Sixers, Match 13 - Live Cricket Score, Commentary",Brisbane Heat Innings,140,8,Daniel Christian,2,0,18,0,0,0,9.00
131,"Jan 02, ",06:40 PM,"The Gabba, ",Brisbane,"Brisbane Heat vs Sydney Sixers, Match 13 - Live Cricket Score, Commentary",Brisbane Heat Innings,140,8,Mark Steketee,2,0,15,1,0,2,7.50
132,"Jan 02, ",06:40 PM,"The Gabba, ",Brisbane,"Brisbane Heat vs Sydney Sixers, Match 13 - Live Cricket Score, Commentary",Brisbane Heat Innings,140,8,Cameron Gannon,4,0,24,4,0,2,6.00
133,"Jan 02, ",06:40 PM,"The Gabba, ",Brisbane,"Brisbane Heat vs Sydney Sixers, Match 13 - Live Cricket Score, Commentary",Brisbane Heat Innings,140,8,Daniel Vettori,4,0,25,1,0,0,6.25
134,"Jan 02, ",06:40 PM,"The Gabba, ",Brisbane,"Brisbane Heat vs Sydney Sixers, Match 13 - Live Cricket Score, Commentary",Brisbane Heat Innings,140,8,James Hopes,4,0,26,0,0,1,6.50
135,"Jan 02, ",06:40 PM,"The Gabba, ",Brisbane,"Brisbane Heat vs Sydney Sixers, Match 13 - Live Cricket Score, Commentary",Brisbane Heat Innings,140,8,Ben Cutting,4,0,30,2,0,1,7.50
136,"Jan 02, ",06:40 PM,"The Gabba, ",Brisbane,"Brisbane Heat vs Sydney Sixers, Match 13 - Live Cricket Score, Commentary",Sydney Sixers Innings,136,7,Brett Lee,4,0,22,2,1,2,5.50
137,"Jan 02, ",06:40 PM,"The Gabba, ",Brisbane,"Brisbane Heat vs Sydney Sixers, Match 13 - Live Cricket Score, Commentary",Sydney Sixers Innings,136,7,Josh Hazlewood,4,0,43,1,0,1,10.75
138,"Jan 02, ",06:40 PM,"The Gabba, ",Brisbane,"Brisbane Heat vs Sydney Sixers, Match 13 - Live Cricket Score, Commentary",Sydney Sixers Innings,136,7,Josh Lalor,4,1,18,1,0,1,4.50
139,"Jan 02, ",06:40 PM,"The Gabba, ",Brisbane,"Brisbane Heat vs Sydney Sixers, Match 13 - Live Cricket Score, Commentary",Sydney Sixers Innings,136,7,Moises Henriques,2,0,12,1,0,0,6.00
140,"Jan 02, ",06:40 PM,"The Gabba, ",Brisbane,"Brisbane Heat vs Sydney Sixers, Match 13 - Live Cricket Score, Commentary",Sydney Sixers Innings,136,7,Steve OKeefe,4,0,24,0,0,1,6.00
141,"Jan 02, ",06:40 PM,"The Gabba, ",Brisbane,"Brisbane Heat vs Sydney Sixers, Match 13 - Live Cricket Score, Commentary",Sydney Sixers Innings,136,7,Ravi Bopara,2,0,11,0,0,0,5.50
142,"Jan 03, ",04:40 PM,"W.A.C.A. Ground, ",Perth,"Perth Scorchers vs Sydney Thunder, Match 14 - Live Cricket Score, Commentary",Perth Scorchers Innings,157,6,Alfonso Thomas,3,0,33,0,0,0,11.00
143,"Jan 03, ",04:40 PM,"W.A.C.A. Ground, ",Perth,"Perth Scorchers vs Sydney Thunder, Match 14 - Live Cricket Score, Commentary",Perth Scorchers Innings,157,6,Jason Behrendorff,4,0,25,1,0,1,6.25
144,"Jan 03, ",04:40 PM,"W.A.C.A. Ground, ",Perth,"Perth Scorchers vs Sydney Thunder, Match 14 - Live Cricket Score, Commentary",Perth Scorchers Innings,157,6,Yasir Arafat,4,0,26,1,0,0,6.50
145,"Jan 03, ",04:40 PM,"W.A.C.A. Ground, ",Perth,"Perth Scorchers vs Sydney Thunder, Match 14 - Live Cricket Score, Commentary",Perth Scorchers Innings,157,6,Mitchell Marsh,4,0,37,1,1,2,9.25
146,"Jan 03, ",04:40 PM,"W.A.C.A. Ground, ",Perth,"Perth Scorchers vs Sydney Thunder, Match 14 - Live Cricket Score, Commentary",Perth Scorchers Innings,157,6,Ashton Turner,1,0,9,0,0,0,9.00
147,"Jan 03, ",04:40 PM,"W.A.C.A. Ground, ",Perth,"Perth Scorchers vs Sydney Thunder, Match 14 - Live Cricket Score, Commentary",Perth Scorchers Innings,157,6,Brad Hogg,4,0,20,2,0,0,5.00
148,"Jan 03, ",04:40 PM,"W.A.C.A. Ground, ",Perth,"Perth Scorchers vs Sydney Thunder, Match 14 - Live Cricket Score, Commentary",Sydney Thunder Innings,161,4,Tillakaratne Dilshan,3,0,27,0,0,0,9.00
149,"Jan 03, ",04:40 PM,"W.A.C.A. Ground, ",Perth,"Perth Scorchers vs Sydney Thunder, Match 14 - Live Cricket Score, Commentary",Sydney Thunder Innings,161,4,Gurinder Sandhu,4,0,26,1,0,0,6.50
150,"Jan 03, ",04:40 PM,"W.A.C.A. Ground, ",Perth,"Perth Scorchers vs Sydney Thunder, Match 14 - Live Cricket Score, Commentary",Sydney Thunder Innings,161,4,Dirk Nannes,4,0,28,1,2,0,7.00
151,"Jan 03, ",04:40 PM,"W.A.C.A. Ground, ",Perth,"Perth Scorchers vs Sydney Thunder, Match 14 - Live Cricket Score, Commentary",Sydney Thunder Innings,161,4,Chris Tremain,3.2,0,34,1,0,1,10.63
152,"Jan 03, ",04:40 PM,"W.A.C.A. Ground, ",Perth,"Perth Scorchers vs Sydney Thunder, Match 14 - Live Cricket Score, Commentary",Sydney Thunder Innings,161,4,Jason Floros,1,0,9,0,0,0,9.00
153,"Jan 03, ",04:40 PM,"W.A.C.A. Ground, ",Perth,"Perth Scorchers vs Sydney Thunder, Match 14 - Live Cricket Score, Commentary",Sydney Thunder Innings,161,4,Luke Feldman,4,0,29,1,0,1,7.25
154,"Jan 04, ",07:10 PM,"Docklands Stadium, ",Melbourne,"Melbourne Renegades vs Melbourne Stars, Match 15 - Live Cricket Score, Commentary",Melbourne Stars Innings,163,5,Lasith Malinga,4,0,21,1,1,1,5.25
155,"Jan 04, ",07:10 PM,"Docklands Stadium, ",Melbourne,"Melbourne Renegades vs Melbourne Stars, Match 15 - Live Cricket Score, Commentary",Melbourne Stars Innings,163,5,Jackson Bird,4,0,24,3,0,0,6.00
156,"Jan 04, ",07:10 PM,"Docklands Stadium, ",Melbourne,"Melbourne Renegades vs Melbourne Stars, Match 15 - Live Cricket Score, Commentary",Melbourne Stars Innings,163,5,Clint McKay,4,0,50,0,0,1,12.50
157,"Jan 04, ",07:10 PM,"Docklands Stadium, ",Melbourne,"Melbourne Renegades vs Melbourne Stars, Match 15 - Live Cricket Score, Commentary",Melbourne Stars Innings,163,5,John Hastings,4,0,35,1,0,0,8.75
158,"Jan 04, ",07:10 PM,"Docklands Stadium, ",Melbourne,"Melbourne Renegades vs Melbourne Stars, Match 15 - Live Cricket Score, Commentary",Melbourne Stars Innings,163,5,James Faulkner,4,0,28,0,0,0,7.00
159,"Jan 04, ",07:10 PM,"Docklands Stadium, ",Melbourne,"Melbourne Renegades vs Melbourne Stars, Match 15 - Live Cricket Score, Commentary",Melbourne Renegades Innings,167,1,James Pattinson,3.2,0,37,0,0,4,11.56
160,"Jan 04, ",07:10 PM,"Docklands Stadium, ",Melbourne,"Melbourne Renegades vs Melbourne Stars, Match 15 - Live Cricket Score, Commentary",Melbourne Renegades Innings,167,1,Matthew Gale,4,0,41,0,0,2,10.25
161,"Jan 04, ",07:10 PM,"Docklands Stadium, ",Melbourne,"Melbourne Renegades vs Melbourne Stars, Match 15 - Live Cricket Score, Commentary",Melbourne Renegades Innings,167,1,Aaron O Brien,3,0,38,1,0,0,12.67
162,"Jan 04, ",07:10 PM,"Docklands Stadium, ",Melbourne,"Melbourne Renegades vs Melbourne Stars, Match 15 - Live Cricket Score, Commentary",Melbourne Renegades Innings,167,1,Nathan Rimmington,2,0,19,0,0,0,9.50
163,"Jan 04, ",07:10 PM,"Docklands Stadium, ",Melbourne,"Melbourne Renegades vs Melbourne Stars, Match 15 - Live Cricket Score, Commentary",Melbourne Renegades Innings,167,1,Muttiah Muralitharan,4,0,30,0,0,0,7.50
164,"Jan 05, ",06:45 PM,"Adelaide Oval, ",Adelaide,"Adelaide Strikers vs Sydney Sixers, Match 16 - Live Cricket Score, Commentary",Sydney Sixers Innings,149,7,Brett Lee,4,0,31,0,0,5,7.75
165,"Jan 05, ",06:45 PM,"Adelaide Oval, ",Adelaide,"Adelaide Strikers vs Sydney Sixers, Match 16 - Live Cricket Score, Commentary",Sydney Sixers Innings,149,7,Steve OKeefe,2,0,18,1,0,0,9.00
166,"Jan 05, ",06:45 PM,"Adelaide Oval, ",Adelaide,"Adelaide Strikers vs Sydney Sixers, Match 16 - Live Cricket Score, Commentary",Sydney Sixers Innings,149,7,Josh Lalor,4,0,35,1,0,1,8.75
167,"Jan 05, ",06:45 PM,"Adelaide Oval, ",Adelaide,"Adelaide Strikers vs Sydney Sixers, Match 16 - Live Cricket Score, Commentary",Sydney Sixers Innings,149,7,Josh Hazlewood,4,0,16,3,0,0,4.00
168,"Jan 05, ",06:45 PM,"Adelaide Oval, ",Adelaide,"Adelaide Strikers vs Sydney Sixers, Match 16 - Live Cricket Score, Commentary",Sydney Sixers Innings,149,7,Marcus North,2,0,12,1,0,0,6.00
169,"Jan 05, ",06:45 PM,"Adelaide Oval, ",Adelaide,"Adelaide Strikers vs Sydney Sixers, Match 16 - Live Cricket Score, Commentary",Sydney Sixers Innings,149,7,Ravi Bopara,2,0,17,0,0,1,8.50
170,"Jan 05, ",06:45 PM,"Adelaide Oval, ",Adelaide,"Adelaide Strikers vs Sydney Sixers, Match 16 - Live Cricket Score, Commentary",Sydney Sixers Innings,149,7,Moises Henriques,2,0,18,0,0,0,9.00
171,"Jan 05, ",06:45 PM,"Adelaide Oval, ",Adelaide,"Adelaide Strikers vs Sydney Sixers, Match 16 - Live Cricket Score, Commentary",Adelaide Strikers Innings,150,4,Kane Richardson,3.1,0,29,1,0,1,9.35
172,"Jan 05, ",06:45 PM,"Adelaide Oval, ",Adelaide,"Adelaide Strikers vs Sydney Sixers, Match 16 - Live Cricket Score, Commentary",Adelaide Strikers Innings,150,4,Shaun Tait,4,0,34,1,0,1,8.50
173,"Jan 05, ",06:45 PM,"Adelaide Oval, ",Adelaide,"Adelaide Strikers vs Sydney Sixers, Match 16 - Live Cricket Score, Commentary",Adelaide Strikers Innings,150,4,Michael Neser,4,0,19,0,0,1,4.75
174,"Jan 05, ",06:45 PM,"Adelaide Oval, ",Adelaide,"Adelaide Strikers vs Sydney Sixers, Match 16 - Live Cricket Score, Commentary",Adelaide Strikers Innings,150,4,Shakib Al Hasan,4,0,21,2,0,0,5.25
175,"Jan 05, ",06:45 PM,"Adelaide Oval, ",Adelaide,"Adelaide Strikers vs Sydney Sixers, Match 16 - Live Cricket Score, Commentary",Adelaide Strikers Innings,150,4,Adam Zampa,3,0,29,0,0,0,9.67
176,"Jan 05, ",06:45 PM,"Adelaide Oval, ",Adelaide,"Adelaide Strikers vs Sydney Sixers, Match 16 - Live Cricket Score, Commentary",Adelaide Strikers Innings,150,4,Nathan Reardon,1,0,17,0,0,1,17.00
177,"Jan 07, ",04:40 PM,"W.A.C.A. Ground, ",Perth,"Perth Scorchers vs Hobart Hurricanes, Match 17 - Live Cricket Score, Commentary",Hobart Hurricanes Innings,153,7,Shoaib Malik,4,0,37,0,1,0,9.25
178,"Jan 07, ",04:40 PM,"W.A.C.A. Ground, ",Perth,"Perth Scorchers vs Hobart Hurricanes, Match 17 - Live Cricket Score, Commentary",Hobart Hurricanes Innings,153,7,Doug Bollinger,4,0,23,1,0,1,5.75
179,"Jan 07, ",04:40 PM,"W.A.C.A. Ground, ",Perth,"Perth Scorchers vs Hobart Hurricanes, Match 17 - Live Cricket Score, Commentary",Hobart Hurricanes Innings,153,7,Xavier Doherty,4,0,25,0,0,1,6.25
180,"Jan 07, ",04:40 PM,"W.A.C.A. Ground, ",Perth,"Perth Scorchers vs Hobart Hurricanes, Match 17 - Live Cricket Score, Commentary",Hobart Hurricanes Innings,153,7,Ben Hilfenhaus,4,0,27,1,0,0,6.75
181,"Jan 07, ",04:40 PM,"W.A.C.A. Ground, ",Perth,"Perth Scorchers vs Hobart Hurricanes, Match 17 - Live Cricket Score, Commentary",Hobart Hurricanes Innings,153,7,Ben Laughlin,4,0,40,1,0,1,10.00
182,"Jan 07, ",04:40 PM,"W.A.C.A. Ground, ",Perth,"Perth Scorchers vs Hobart Hurricanes, Match 17 - Live Cricket Score, Commentary",Perth Scorchers Innings,147,7,Nathan Coulter-Nile,4,0,15,3,0,0,3.75
183,"Jan 07, ",04:40 PM,"W.A.C.A. Ground, ",Perth,"Perth Scorchers vs Hobart Hurricanes, Match 17 - Live Cricket Score, Commentary",Perth Scorchers Innings,147,7,Jason Behrendorff,4,0,29,0,0,2,7.25
184,"Jan 07, ",04:40 PM,"W.A.C.A. Ground, ",Perth,"Perth Scorchers vs Hobart Hurricanes, Match 17 - Live Cricket Score, Commentary",Perth Scorchers Innings,147,7,Yasir Arafat,4,0,27,2,0,7,6.75
185,"Jan 07, ",04:40 PM,"W.A.C.A. Ground, ",Perth,"Perth Scorchers vs Hobart Hurricanes, Match 17 - Live Cricket Score, Commentary",Perth Scorchers Innings,147,7,Brad Hogg,4,0,24,0,0,1,6.00
186,"Jan 07, ",04:40 PM,"W.A.C.A. Ground, ",Perth,"Perth Scorchers vs Hobart Hurricanes, Match 17 - Live Cricket Score, Commentary",Perth Scorchers Innings,147,7,Mitchell Marsh,4,0,40,1,0,0,10.00
187,"Jan 08, ",07:40 PM,"Stadium Australia, ","Homebush Bay, Sydney","Sydney Thunder vs Brisbane Heat, Match 18 - Live Cricket Score, Commentary",Sydney Thunder Innings,165,5,Jason Floros,4,0,18,0,0,0,4.50
188,"Jan 08, ",07:40 PM,"Stadium Australia, ","Homebush Bay, Sydney","Sydney Thunder vs Brisbane Heat, Match 18 - Live Cricket Score, Commentary",Sydney Thunder Innings,165,5,Dirk Nannes,4,0,21,3,0,1,5.25
189,"Jan 08, ",07:40 PM,"Stadium Australia, ","Homebush Bay, Sydney","Sydney Thunder vs Brisbane Heat, Match 18 - Live Cricket Score, Commentary",Sydney Thunder Innings,165,5,Ajantha Mendis,4,0,41,0,0,1,10.25
190,"Jan 08, ",07:40 PM,"Stadium Australia, ","Homebush Bay, Sydney","Sydney Thunder vs Brisbane Heat, Match 18 - Live Cricket Score, Commentary",Sydney Thunder Innings,165,5,Gurinder Sandhu,4,0,28,1,0,2,7.00
191,"Jan 08, ",07:40 PM,"Stadium Australia, ","Homebush Bay, Sydney","Sydney Thunder vs Brisbane Heat, Match 18 - Live Cricket Score, Commentary",Sydney Thunder Innings,165,5,Chris Tremain,4,0,53,0,0,1,13.25
192,"Jan 08, ",07:40 PM,"Stadium Australia, ","Homebush Bay, Sydney","Sydney Thunder vs Brisbane Heat, Match 18 - Live Cricket Score, Commentary",Brisbane Heat Innings,117,10,Daniel Vettori,4,0,25,0,0,0,6.25
193,"Jan 08, ",07:40 PM,"Stadium Australia, ","Homebush Bay, Sydney","Sydney Thunder vs Brisbane Heat, Match 18 - Live Cricket Score, Commentary",Brisbane Heat Innings,117,10,Daniel Christian,1,0,6,0,0,0,6.00
194,"Jan 08, ",07:40 PM,"Stadium Australia, ","Homebush Bay, Sydney","Sydney Thunder vs Brisbane Heat, Match 18 - Live Cricket Score, Commentary",Brisbane Heat Innings,117,10,Mark Steketee,3,0,20,2,0,0,6.67
195,"Jan 08, ",07:40 PM,"Stadium Australia, ","Homebush Bay, Sydney","Sydney Thunder vs Brisbane Heat, Match 18 - Live Cricket Score, Commentary",Brisbane Heat Innings,117,10,Ben Cutting,3,0,29,1,0,0,9.67
196,"Jan 08, ",07:40 PM,"Stadium Australia, ","Homebush Bay, Sydney","Sydney Thunder vs Brisbane Heat, Match 18 - Live Cricket Score, Commentary",Brisbane Heat Innings,117,10,James Hopes,4,0,26,2,0,0,6.50
197,"Jan 08, ",07:40 PM,"Stadium Australia, ","Homebush Bay, Sydney","Sydney Thunder vs Brisbane Heat, Match 18 - Live Cricket Score, Commentary",Brisbane Heat Innings,117,10,Cameron Gannon,2.2,0,10,4,0,0,4.55
198,"Jan 09, ",07:40 PM,"Melbourne Cricket Ground, ",Melbourne,"Melbourne Stars vs Adelaide Strikers, Match 19 - Live Cricket Score, Commentary",Melbourne Stars Innings,90,9,Jackson Bird,4,0,29,1,0,0,7.25
199,"Jan 09, ",07:40 PM,"Melbourne Cricket Ground, ",Melbourne,"Melbourne Stars vs Adelaide Strikers, Match 19 - Live Cricket Score, Commentary",Melbourne Stars Innings,90,9,Lasith Malinga,4,0,8,2,0,0,2.00
200,"Jan 09, ",07:40 PM,"Melbourne Cricket Ground, ",Melbourne,"Melbourne Stars vs Adelaide Strikers, Match 19 - Live Cricket Score, Commentary",Melbourne Stars Innings,90,9,James Faulkner,4,1,9,3,0,1,2.25
201,"Jan 09, ",07:40 PM,"Melbourne Cricket Ground, ",Melbourne,"Melbourne Stars vs Adelaide Strikers, Match 19 - Live Cricket Score, Commentary",Melbourne Stars Innings,90,9,Luke Wright,2,0,11,1,0,1,5.50
202,"Jan 09, ",07:40 PM,"Melbourne Cricket Ground, ",Melbourne,"Melbourne Stars vs Adelaide Strikers, Match 19 - Live Cricket Score, Commentary",Melbourne Stars Innings,90,9,John Hastings,4,0,18,0,0,1,4.50
203,"Jan 09, ",07:40 PM,"Melbourne Cricket Ground, ",Melbourne,"Melbourne Stars vs Adelaide Strikers, Match 19 - Live Cricket Score, Commentary",Melbourne Stars Innings,90,9,James Muirhead,2,0,11,1,0,0,5.50
204,"Jan 09, ",07:40 PM,"Melbourne Cricket Ground, ",Melbourne,"Melbourne Stars vs Adelaide Strikers, Match 19 - Live Cricket Score, Commentary",Adelaide Strikers Innings,91,2,Shaun Tait,3,0,33,0,0,0,11.00
205,"Jan 09, ",07:40 PM,"Melbourne Cricket Ground, ",Melbourne,"Melbourne Stars vs Adelaide Strikers, Match 19 - Live Cricket Score, Commentary",Adelaide Strikers Innings,91,2,Gary Putland,1,0,13,0,0,0,13.00
206,"Jan 09, ",07:40 PM,"Melbourne Cricket Ground, ",Melbourne,"Melbourne Stars vs Adelaide Strikers, Match 19 - Live Cricket Score, Commentary",Adelaide Strikers Innings,91,2,Kane Richardson,1,0,13,0,0,0,13.00
207,"Jan 09, ",07:40 PM,"Melbourne Cricket Ground, ",Melbourne,"Melbourne Stars vs Adelaide Strikers, Match 19 - Live Cricket Score, Commentary",Adelaide Strikers Innings,91,2,Shakib Al Hasan,1,0,10,0,0,0,10.00
208,"Jan 09, ",07:40 PM,"Melbourne Cricket Ground, ",Melbourne,"Melbourne Stars vs Adelaide Strikers, Match 19 - Live Cricket Score, Commentary",Adelaide Strikers Innings,91,2,Michael Neser,1.3,0,21,2,0,1,16.15
209,"Jan 10, ",07:40 PM,"Sydney Cricket Ground, ",Sydney,"Sydney Sixers vs Perth Scorchers, Match 20 - Live Cricket Score, Commentary",Sydney Sixers Innings,153,5,Brett Lee,4,1,28,4,0,0,7.00
210,"Jan 10, ",07:40 PM,"Sydney Cricket Ground, ",Sydney,"Sydney Sixers vs Perth Scorchers, Match 20 - Live Cricket Score, Commentary",Sydney Sixers Innings,153,5,Josh Hazlewood,4,0,36,1,0,1,9.00
211,"Jan 10, ",07:40 PM,"Sydney Cricket Ground, ",Sydney,"Sydney Sixers vs Perth Scorchers, Match 20 - Live Cricket Score, Commentary",Sydney Sixers Innings,153,5,Nathan Lyon,4,0,23,0,0,1,5.75
212,"Jan 10, ",07:40 PM,"Sydney Cricket Ground, ",Sydney,"Sydney Sixers vs Perth Scorchers, Match 20 - Live Cricket Score, Commentary",Sydney Sixers Innings,153,5,Marcus North,4,0,21,0,0,0,5.25
213,"Jan 10, ",07:40 PM,"Sydney Cricket Ground, ",Sydney,"Sydney Sixers vs Perth Scorchers, Match 20 - Live Cricket Score, Commentary",Sydney Sixers Innings,153,5,Chris Tremlett,1,0,9,0,0,0,9.00
214,"Jan 10, ",07:40 PM,"Sydney Cricket Ground, ",Sydney,"Sydney Sixers vs Perth Scorchers, Match 20 - Live Cricket Score, Commentary",Sydney Sixers Innings,153,5,Moises Henriques,2,0,19,0,0,0,9.50
215,"Jan 10, ",07:40 PM,"Sydney Cricket Ground, ",Sydney,"Sydney Sixers vs Perth Scorchers, Match 20 - Live Cricket Score, Commentary",Sydney Sixers Innings,153,5,Steve OKeefe,1,0,13,0,0,3,13.00
216,"Jan 10, ",07:40 PM,"Sydney Cricket Ground, ",Sydney,"Sydney Sixers vs Perth Scorchers, Match 20 - Live Cricket Score, Commentary",Perth Scorchers Innings,153,9,Ashton Turner,1,0,10,0,0,0,10.00
217,"Jan 10, ",07:40 PM,"Sydney Cricket Ground, ",Sydney,"Sydney Sixers vs Perth Scorchers, Match 20 - Live Cricket Score, Commentary",Perth Scorchers Innings,153,9,Jason Behrendorff,4,0,21,3,0,3,5.25
218,"Jan 10, ",07:40 PM,"Sydney Cricket Ground, ",Sydney,"Sydney Sixers vs Perth Scorchers, Match 20 - Live Cricket Score, Commentary",Perth Scorchers Innings,153,9,Yasir Arafat,4,0,24,4,0,1,6.00
219,"Jan 10, ",07:40 PM,"Sydney Cricket Ground, ",Sydney,"Sydney Sixers vs Perth Scorchers, Match 20 - Live Cricket Score, Commentary",Perth Scorchers Innings,153,9,Brad Hogg,4,0,21,1,0,0,5.25
220,"Jan 10, ",07:40 PM,"Sydney Cricket Ground, ",Sydney,"Sydney Sixers vs Perth Scorchers, Match 20 - Live Cricket Score, Commentary",Perth Scorchers Innings,153,9,Alfonso Thomas,4,0,38,0,0,2,9.50
221,"Jan 10, ",07:40 PM,"Sydney Cricket Ground, ",Sydney,"Sydney Sixers vs Perth Scorchers, Match 20 - Live Cricket Score, Commentary",Perth Scorchers Innings,153,9,Adam Voges,2,0,15,1,0,0,7.50
222,"Jan 10, ",07:40 PM,"Sydney Cricket Ground, ",Sydney,"Sydney Sixers vs Perth Scorchers, Match 20 - Live Cricket Score, Commentary",Perth Scorchers Innings,153,9,Mitchell Marsh,1,0,17,0,0,0,17.00
223,"Jan 11, ",01:50 PM,"Bellerive Oval, ",Hobart,"Hobart Hurricanes vs Sydney Thunder, Match 21 - Live Cricket Score, Commentary",Sydney Thunder Innings,167,5,Jason Floros,4,0,45,0,0,0,11.25
224,"Jan 11, ",01:50 PM,"Bellerive Oval, ",Hobart,"Hobart Hurricanes vs Sydney Thunder, Match 21 - Live Cricket Score, Commentary",Sydney Thunder Innings,167,5,Dirk Nannes,4,0,36,0,0,0,9.00
225,"Jan 11, ",01:50 PM,"Bellerive Oval, ",Hobart,"Hobart Hurricanes vs Sydney Thunder, Match 21 - Live Cricket Score, Commentary",Sydney Thunder Innings,167,5,Ajantha Mendis,4,0,19,1,0,0,4.75
226,"Jan 11, ",01:50 PM,"Bellerive Oval, ",Hobart,"Hobart Hurricanes vs Sydney Thunder, Match 21 - Live Cricket Score, Commentary",Sydney Thunder Innings,167,5,Gurinder Sandhu,4,0,34,3,1,0,8.50
227,"Jan 11, ",01:50 PM,"Bellerive Oval, ",Hobart,"Hobart Hurricanes vs Sydney Thunder, Match 21 - Live Cricket Score, Commentary",Sydney Thunder Innings,167,5,Andrew Tye,4,0,32,1,0,0,8.00
228,"Jan 11, ",01:50 PM,"Bellerive Oval, ",Hobart,"Hobart Hurricanes vs Sydney Thunder, Match 21 - Live Cricket Score, Commentary",Hobart Hurricanes Innings,94,10,Shoaib Malik,4,0,19,2,0,1,4.75
229,"Jan 11, ",01:50 PM,"Bellerive Oval, ",Hobart,"Hobart Hurricanes vs Sydney Thunder, Match 21 - Live Cricket Score, Commentary",Hobart Hurricanes Innings,94,10,Doug Bollinger,2,0,10,0,0,0,5.00
230,"Jan 11, ",01:50 PM,"Bellerive Oval, ",Hobart,"Hobart Hurricanes vs Sydney Thunder, Match 21 - Live Cricket Score, Commentary",Hobart Hurricanes Innings,94,10,Ben Hilfenhaus,4,0,26,1,0,2,6.50
231,"Jan 11, ",01:50 PM,"Bellerive Oval, ",Hobart,"Hobart Hurricanes vs Sydney Thunder, Match 21 - Live Cricket Score, Commentary",Hobart Hurricanes Innings,94,10,Ben Laughlin,3,0,8,3,0,0,2.67
232,"Jan 11, ",01:50 PM,"Bellerive Oval, ",Hobart,"Hobart Hurricanes vs Sydney Thunder, Match 21 - Live Cricket Score, Commentary",Hobart Hurricanes Innings,94,10,Cameron Boyce,3.4,0,25,3,0,1,7.35
233,"Jan 11, ",06:10 PM,"The Gabba, ",Brisbane,"Brisbane Heat vs Melbourne Stars, Match 22 - Live Cricket Score, Commentary",Melbourne Stars Innings,144,7,David Hussey,1,0,6,1,0,0,6.00
234,"Jan 11, ",06:10 PM,"The Gabba, ",Brisbane,"Brisbane Heat vs Melbourne Stars, Match 22 - Live Cricket Score, Commentary",Melbourne Stars Innings,144,7,Jackson Bird,4,1,25,2,0,0,6.25
235,"Jan 11, ",06:10 PM,"The Gabba, ",Brisbane,"Brisbane Heat vs Melbourne Stars, Match 22 - Live Cricket Score, Commentary",Melbourne Stars Innings,144,7,John Hastings,4,0,32,1,0,3,8.00
236,"Jan 11, ",06:10 PM,"The Gabba, ",Brisbane,"Brisbane Heat vs Melbourne Stars, Match 22 - Live Cricket Score, Commentary",Melbourne Stars Innings,144,7,James Muirhead,4,0,26,0,0,0,6.50
237,"Jan 11, ",06:10 PM,"The Gabba, ",Brisbane,"Brisbane Heat vs Melbourne Stars, Match 22 - Live Cricket Score, Commentary",Melbourne Stars Innings,144,7,Luke Wright,3,0,25,1,0,0,8.33
238,"Jan 11, ",06:10 PM,"The Gabba, ",Brisbane,"Brisbane Heat vs Melbourne Stars, Match 22 - Live Cricket Score, Commentary",Melbourne Stars Innings,144,7,Lasith Malinga,4,0,21,2,0,3,5.25
239,"Jan 11, ",06:10 PM,"The Gabba, ",Brisbane,"Brisbane Heat vs Melbourne Stars, Match 22 - Live Cricket Score, Commentary",Brisbane Heat Innings,149,7,Alister McDermott,3,0,32,0,0,0,10.67
240,"Jan 11, ",06:10 PM,"The Gabba, ",Brisbane,"Brisbane Heat vs Melbourne Stars, Match 22 - Live Cricket Score, Commentary",Brisbane Heat Innings,149,7,Daniel Christian,1,0,5,0,0,0,5.00
241,"Jan 11, ",06:10 PM,"The Gabba, ",Brisbane,"Brisbane Heat vs Melbourne Stars, Match 22 - Live Cricket Score, Commentary",Brisbane Heat Innings,149,7,Mark Steketee,3.4,0,22,2,0,0,6.47
242,"Jan 11, ",06:10 PM,"The Gabba, ",Brisbane,"Brisbane Heat vs Melbourne Stars, Match 22 - Live Cricket Score, Commentary",Brisbane Heat Innings,149,7,Cameron Gannon,4,0,35,2,0,0,8.75
243,"Jan 11, ",06:10 PM,"The Gabba, ",Brisbane,"Brisbane Heat vs Melbourne Stars, Match 22 - Live Cricket Score, Commentary",Brisbane Heat Innings,149,7,Ben Cutting,3,0,27,0,0,1,9.00
244,"Jan 11, ",06:10 PM,"The Gabba, ",Brisbane,"Brisbane Heat vs Melbourne Stars, Match 22 - Live Cricket Score, Commentary",Brisbane Heat Innings,149,7,Chris Sabburg,1,0,5,0,0,0,5.00
245,"Jan 11, ",06:10 PM,"The Gabba, ",Brisbane,"Brisbane Heat vs Melbourne Stars, Match 22 - Live Cricket Score, Commentary",Brisbane Heat Innings,149,7,James Hopes,4,0,23,3,0,3,5.75
246,"Jan 14, ",07:40 PM,"Docklands Stadium, ",Melbourne,"Melbourne Renegades vs Sydney Thunder, Match 23 - Live Cricket Score, Commentary",Sydney Thunder Innings,104,10,Gurinder Sandhu,4,0,21,3,0,4,5.25
247,"Jan 14, ",07:40 PM,"Docklands Stadium, ",Melbourne,"Melbourne Renegades vs Sydney Thunder, Match 23 - Live Cricket Score, Commentary",Sydney Thunder Innings,104,10,Dirk Nannes,3.3,0,27,1,0,2,8.18
248,"Jan 14, ",07:40 PM,"Docklands Stadium, ",Melbourne,"Melbourne Renegades vs Sydney Thunder, Match 23 - Live Cricket Score, Commentary",Sydney Thunder Innings,104,10,Andrew Tye,3,0,20,1,0,0,6.67
249,"Jan 14, ",07:40 PM,"Docklands Stadium, ",Melbourne,"Melbourne Renegades vs Sydney Thunder, Match 23 - Live Cricket Score, Commentary",Sydney Thunder Innings,104,10,Ajantha Mendis,4,0,15,2,0,0,3.75
250,"Jan 14, ",07:40 PM,"Docklands Stadium, ",Melbourne,"Melbourne Renegades vs Sydney Thunder, Match 23 - Live Cricket Score, Commentary",Sydney Thunder Innings,104,10,Chris Tremain,4,0,21,1,0,0,5.25
251,"Jan 14, ",07:40 PM,"Docklands Stadium, ",Melbourne,"Melbourne Renegades vs Sydney Thunder, Match 23 - Live Cricket Score, Commentary",Melbourne Renegades Innings,105,1,James Pattinson,3.3,0,30,1,0,1,9.09
252,"Jan 14, ",07:40 PM,"Docklands Stadium, ",Melbourne,"Melbourne Renegades vs Sydney Thunder, Match 23 - Live Cricket Score, Commentary",Melbourne Renegades Innings,105,1,Nathan Rimmington,2,0,19,0,0,0,9.50
253,"Jan 14, ",07:40 PM,"Docklands Stadium, ",Melbourne,"Melbourne Renegades vs Sydney Thunder, Match 23 - Live Cricket Score, Commentary",Melbourne Renegades Innings,105,1,Muttiah Muralitharan,2,0,8,0,0,0,4.00
254,"Jan 14, ",07:40 PM,"Docklands Stadium, ",Melbourne,"Melbourne Renegades vs Sydney Thunder, Match 23 - Live Cricket Score, Commentary",Melbourne Renegades Innings,105,1,Fawad Ahmed,2,0,28,0,0,0,14.00
255,"Jan 14, ",07:40 PM,"Docklands Stadium, ",Melbourne,"Melbourne Renegades vs Sydney Thunder, Match 23 - Live Cricket Score, Commentary",Melbourne Renegades Innings,105,1,Aaron O Brien,2,0,17,0,0,0,8.50
256,"Jan 15, ",07:40 PM,"Sydney Cricket Ground, ",Sydney,"Sydney Sixers vs Hobart Hurricanes, Match 24 - Live Cricket Score, Commentary",Hobart Hurricanes Innings,179,6,Shoaib Malik,2,0,19,1,0,0,9.50
257,"Jan 15, ",07:40 PM,"Sydney Cricket Ground, ",Sydney,"Sydney Sixers vs Hobart Hurricanes, Match 24 - Live Cricket Score, Commentary",Hobart Hurricanes Innings,179,6,Doug Bollinger,4,0,42,1,0,2,10.50
258,"Jan 15, ",07:40 PM,"Sydney Cricket Ground, ",Sydney,"Sydney Sixers vs Hobart Hurricanes, Match 24 - Live Cricket Score, Commentary",Hobart Hurricanes Innings,179,6,Ben Hilfenhaus,4,0,25,2,0,1,6.25
259,"Jan 15, ",07:40 PM,"Sydney Cricket Ground, ",Sydney,"Sydney Sixers vs Hobart Hurricanes, Match 24 - Live Cricket Score, Commentary",Hobart Hurricanes Innings,179,6,Ben Laughlin,4,0,33,1,0,2,8.25
260,"Jan 15, ",07:40 PM,"Sydney Cricket Ground, ",Sydney,"Sydney Sixers vs Hobart Hurricanes, Match 24 - Live Cricket Score, Commentary",Hobart Hurricanes Innings,179,6,Cameron Boyce,4,0,40,1,0,0,10.00
261,"Jan 15, ",07:40 PM,"Sydney Cricket Ground, ",Sydney,"Sydney Sixers vs Hobart Hurricanes, Match 24 - Live Cricket Score, Commentary",Hobart Hurricanes Innings,179,6,Evan Gulbis,2,0,19,0,0,0,9.50
262,"Jan 15, ",07:40 PM,"Sydney Cricket Ground, ",Sydney,"Sydney Sixers vs Hobart Hurricanes, Match 24 - Live Cricket Score, Commentary",Sydney Sixers Innings,172,8,Brett Lee,4,0,36,1,0,1,9.00
263,"Jan 15, ",07:40 PM,"Sydney Cricket Ground, ",Sydney,"Sydney Sixers vs Hobart Hurricanes, Match 24 - Live Cricket Score, Commentary",Sydney Sixers Innings,172,8,Steve OKeefe,4,0,33,1,0,1,8.25
264,"Jan 15, ",07:40 PM,"Sydney Cricket Ground, ",Sydney,"Sydney Sixers vs Hobart Hurricanes, Match 24 - Live Cricket Score, Commentary",Sydney Sixers Innings,172,8,Josh Hazlewood,3,0,25,2,0,0,8.33
265,"Jan 15, ",07:40 PM,"Sydney Cricket Ground, ",Sydney,"Sydney Sixers vs Hobart Hurricanes, Match 24 - Live Cricket Score, Commentary",Sydney Sixers Innings,172,8,Nathan Lyon,4,0,28,2,0,1,7.00
266,"Jan 15, ",07:40 PM,"Sydney Cricket Ground, ",Sydney,"Sydney Sixers vs Hobart Hurricanes, Match 24 - Live Cricket Score, Commentary",Sydney Sixers Innings,172,8,Moises Henriques,4,0,35,0,0,0,8.75
267,"Jan 15, ",07:40 PM,"Sydney Cricket Ground, ",Sydney,"Sydney Sixers vs Hobart Hurricanes, Match 24 - Live Cricket Score, Commentary",Sydney Sixers Innings,172,8,Marcus North,1,0,7,1,0,0,7.00
268,"Jan 16, ",04:40 PM,"W.A.C.A. Ground, ",Perth,"Perth Scorchers vs Adelaide Strikers, Match 25 - Live Cricket Score, Commentary",Adelaide Strikers Innings,203,7,Johan Botha,4,0,47,0,0,4,11.75
269,"Jan 16, ",04:40 PM,"W.A.C.A. Ground, ",Perth,"Perth Scorchers vs Adelaide Strikers, Match 25 - Live Cricket Score, Commentary",Adelaide Strikers Innings,203,7,Kane Richardson,4,1,29,1,0,2,7.25
270,"Jan 16, ",04:40 PM,"W.A.C.A. Ground, ",Perth,"Perth Scorchers vs Adelaide Strikers, Match 25 - Live Cricket Score, Commentary",Adelaide Strikers Innings,203,7,Michael Neser,3,0,44,0,0,0,14.67
271,"Jan 16, ",04:40 PM,"W.A.C.A. Ground, ",Perth,"Perth Scorchers vs Adelaide Strikers, Match 25 - Live Cricket Score, Commentary",Adelaide Strikers Innings,203,7,Shaun Tait,4,0,41,3,0,3,10.25
272,"Jan 16, ",04:40 PM,"W.A.C.A. Ground, ",Perth,"Perth Scorchers vs Adelaide Strikers, Match 25 - Live Cricket Score, Commentary",Adelaide Strikers Innings,203,7,Jon Holland,4,0,34,2,0,0,8.50
273,"Jan 16, ",04:40 PM,"W.A.C.A. Ground, ",Perth,"Perth Scorchers vs Adelaide Strikers, Match 25 - Live Cricket Score, Commentary",Adelaide Strikers Innings,203,7,Travis Head,1,0,8,0,0,0,8.00
274,"Jan 16, ",04:40 PM,"W.A.C.A. Ground, ",Perth,"Perth Scorchers vs Adelaide Strikers, Match 25 - Live Cricket Score, Commentary",Perth Scorchers Innings,198,6,Pat Cummins,4,0,40,1,1,1,10.00
275,"Jan 16, ",04:40 PM,"W.A.C.A. Ground, ",Perth,"Perth Scorchers vs Adelaide Strikers, Match 25 - Live Cricket Score, Commentary",Perth Scorchers Innings,198,6,Jason Behrendorff,4,0,41,1,0,1,10.25
276,"Jan 16, ",04:40 PM,"W.A.C.A. Ground, ",Perth,"Perth Scorchers vs Adelaide Strikers, Match 25 - Live Cricket Score, Commentary",Perth Scorchers Innings,198,6,Brad Hogg,4,0,23,1,0,0,5.75
277,"Jan 16, ",04:40 PM,"W.A.C.A. Ground, ",Perth,"Perth Scorchers vs Adelaide Strikers, Match 25 - Live Cricket Score, Commentary",Perth Scorchers Innings,198,6,Yasir Arafat,4,0,43,1,0,0,10.75
278,"Jan 16, ",04:40 PM,"W.A.C.A. Ground, ",Perth,"Perth Scorchers vs Adelaide Strikers, Match 25 - Live Cricket Score, Commentary",Perth Scorchers Innings,198,6,Mitchell Marsh,2,0,30,0,0,1,15.00
279,"Jan 16, ",04:40 PM,"W.A.C.A. Ground, ",Perth,"Perth Scorchers vs Adelaide Strikers, Match 25 - Live Cricket Score, Commentary",Perth Scorchers Innings,198,6,Ashton Turner,2,0,19,1,0,0,9.50
280,"Jan 18, ",01:15 PM,"Adelaide Oval, ",Adelaide,"Adelaide Strikers vs Brisbane Heat, Match 26 - Live Cricket Score, Commentary",Adelaide Strikers Innings,129,7,Shaun Tait,4,0,26,2,0,3,6.50
281,"Jan 18, ",01:15 PM,"Adelaide Oval, ",Adelaide,"Adelaide Strikers vs Brisbane Heat, Match 26 - Live Cricket Score, Commentary",Adelaide Strikers Innings,129,7,Jon Holland,4,0,23,0,0,1,5.75
282,"Jan 18, ",01:15 PM,"Adelaide Oval, ",Adelaide,"Adelaide Strikers vs Brisbane Heat, Match 26 - Live Cricket Score, Commentary",Adelaide Strikers Innings,129,7,Michael Neser,4,0,41,2,0,0,10.25
283,"Jan 18, ",01:15 PM,"Adelaide Oval, ",Adelaide,"Adelaide Strikers vs Brisbane Heat, Match 26 - Live Cricket Score, Commentary",Adelaide Strikers Innings,129,7,Johan Botha,4,0,11,2,0,0,2.75
284,"Jan 18, ",01:15 PM,"Adelaide Oval, ",Adelaide,"Adelaide Strikers vs Brisbane Heat, Match 26 - Live Cricket Score, Commentary",Adelaide Strikers Innings,129,7,Kane Richardson,4,0,26,1,0,0,6.50
285,"Jan 18, ",01:15 PM,"Adelaide Oval, ",Adelaide,"Adelaide Strikers vs Brisbane Heat, Match 26 - Live Cricket Score, Commentary",Brisbane Heat Innings,97,10,Ryan Harris,3.2,0,14,2,0,0,4.38
286,"Jan 18, ",01:15 PM,"Adelaide Oval, ",Adelaide,"Adelaide Strikers vs Brisbane Heat, Match 26 - Live Cricket Score, Commentary",Brisbane Heat Innings,97,10,Daniel Vettori,4,0,10,2,0,1,2.50
287,"Jan 18, ",01:15 PM,"Adelaide Oval, ",Adelaide,"Adelaide Strikers vs Brisbane Heat, Match 26 - Live Cricket Score, Commentary",Brisbane Heat Innings,97,10,Mark Steketee,3,0,29,1,1,0,9.67
288,"Jan 18, ",01:15 PM,"Adelaide Oval, ",Adelaide,"Adelaide Strikers vs Brisbane Heat, Match 26 - Live Cricket Score, Commentary",Brisbane Heat Innings,97,10,James Hopes,4,0,24,2,0,0,6.00
289,"Jan 18, ",01:15 PM,"Adelaide Oval, ",Adelaide,"Adelaide Strikers vs Brisbane Heat, Match 26 - Live Cricket Score, Commentary",Brisbane Heat Innings,97,10,Ben Cutting,2,0,9,0,0,0,4.50
290,"Jan 18, ",01:15 PM,"Adelaide Oval, ",Adelaide,"Adelaide Strikers vs Brisbane Heat, Match 26 - Live Cricket Score, Commentary",Brisbane Heat Innings,97,10,Cameron Gannon,2,0,11,3,0,0,5.50
291,"Jan 18, ",07:40 PM,"Docklands Stadium, ",Melbourne,"Melbourne Renegades vs Sydney Sixers, Match 27 - Live Cricket Score, Commentary",Melbourne Renegades Innings,151,6,Matthew Gale,4,0,27,0,0,1,6.75
292,"Jan 18, ",07:40 PM,"Docklands Stadium, ",Melbourne,"Melbourne Renegades vs Sydney Sixers, Match 27 - Live Cricket Score, Commentary",Melbourne Renegades Innings,151,6,Aaron O Brien,4,0,41,2,0,0,10.25
293,"Jan 18, ",07:40 PM,"Docklands Stadium, ",Melbourne,"Melbourne Renegades vs Sydney Sixers, Match 27 - Live Cricket Score, Commentary",Melbourne Renegades Innings,151,6,Dwayne Bravo,4,0,23,1,0,0,5.75
294,"Jan 18, ",07:40 PM,"Docklands Stadium, ",Melbourne,"Melbourne Renegades vs Sydney Sixers, Match 27 - Live Cricket Score, Commentary",Melbourne Renegades Innings,151,6,Nathan Rimmington,4,0,35,2,0,1,8.75
295,"Jan 18, ",07:40 PM,"Docklands Stadium, ",Melbourne,"Melbourne Renegades vs Sydney Sixers, Match 27 - Live Cricket Score, Commentary",Melbourne Renegades Innings,151,6,Muttiah Muralitharan,4,0,23,1,0,1,5.75
296,"Jan 18, ",07:40 PM,"Docklands Stadium, ",Melbourne,"Melbourne Renegades vs Sydney Sixers, Match 27 - Live Cricket Score, Commentary",Sydney Sixers Innings,149,5,Brett Lee,4,0,34,0,0,0,8.50
297,"Jan 18, ",07:40 PM,"Docklands Stadium, ",Melbourne,"Melbourne Renegades vs Sydney Sixers, Match 27 - Live Cricket Score, Commentary",Sydney Sixers Innings,149,5,Steve OKeefe,4,0,22,0,0,1,5.50
298,"Jan 18, ",07:40 PM,"Docklands Stadium, ",Melbourne,"Melbourne Renegades vs Sydney Sixers, Match 27 - Live Cricket Score, Commentary",Sydney Sixers Innings,149,5,Josh Hazlewood,4,0,22,1,0,0,5.50
299,"Jan 18, ",07:40 PM,"Docklands Stadium, ",Melbourne,"Melbourne Renegades vs Sydney Sixers, Match 27 - Live Cricket Score, Commentary",Sydney Sixers Innings,149,5,Nathan Lyon,4,0,39,0,0,0,9.75
300,"Jan 18, ",07:40 PM,"Docklands Stadium, ",Melbourne,"Melbourne Renegades vs Sydney Sixers, Match 27 - Live Cricket Score, Commentary",Sydney Sixers Innings,149,5,Moises Henriques,4,0,29,1,0,0,7.25
301,"Jan 21, ",07:40 PM,"Melbourne Cricket Ground, ",Melbourne,"Melbourne Stars vs Hobart Hurricanes, Match 28 - Live Cricket Score, Commentary",Melbourne Stars Innings,131,9,David Hussey,4,0,19,1,0,1,4.75
302,"Jan 21, ",07:40 PM,"Melbourne Cricket Ground, ",Melbourne,"Melbourne Stars vs Hobart Hurricanes, Match 28 - Live Cricket Score, Commentary",Melbourne Stars Innings,131,9,Jackson Bird,4,0,33,1,0,0,8.25
303,"Jan 21, ",07:40 PM,"Melbourne Cricket Ground, ",Melbourne,"Melbourne Stars vs Hobart Hurricanes, Match 28 - Live Cricket Score, Commentary",Melbourne Stars Innings,131,9,John Hastings,4,0,15,2,0,0,3.75
304,"Jan 21, ",07:40 PM,"Melbourne Cricket Ground, ",Melbourne,"Melbourne Stars vs Hobart Hurricanes, Match 28 - Live Cricket Score, Commentary",Melbourne Stars Innings,131,9,Scott Boland,4,0,37,2,0,1,9.25
305,"Jan 21, ",07:40 PM,"Melbourne Cricket Ground, ",Melbourne,"Melbourne Stars vs Hobart Hurricanes, Match 28 - Live Cricket Score, Commentary",Melbourne Stars Innings,131,9,Luke Wright,1,0,7,0,0,0,7.00
306,"Jan 21, ",07:40 PM,"Melbourne Cricket Ground, ",Melbourne,"Melbourne Stars vs Hobart Hurricanes, Match 28 - Live Cricket Score, Commentary",Melbourne Stars Innings,131,9,Marcus Stoinis,2,0,12,2,0,0,6.00
307,"Jan 21, ",07:40 PM,"Melbourne Cricket Ground, ",Melbourne,"Melbourne Stars vs Hobart Hurricanes, Match 28 - Live Cricket Score, Commentary",Melbourne Stars Innings,131,9,James Muirhead,1,0,4,0,0,0,4.00
308,"Jan 21, ",07:40 PM,"Melbourne Cricket Ground, ",Melbourne,"Melbourne Stars vs Hobart Hurricanes, Match 28 - Live Cricket Score, Commentary",Hobart Hurricanes Innings,135,5,Ben Hilfenhaus,4,0,35,1,0,2,8.75
309,"Jan 21, ",07:40 PM,"Melbourne Cricket Ground, ",Melbourne,"Melbourne Stars vs Hobart Hurricanes, Match 28 - Live Cricket Score, Commentary",Hobart Hurricanes Innings,135,5,Dimitri Mascarenhas,4,0,27,1,0,6,6.75
310,"Jan 21, ",07:40 PM,"Melbourne Cricket Ground, ",Melbourne,"Melbourne Stars vs Hobart Hurricanes, Match 28 - Live Cricket Score, Commentary",Hobart Hurricanes Innings,135,5,Shoaib Malik,3,0,20,1,0,3,6.67
311,"Jan 21, ",07:40 PM,"Melbourne Cricket Ground, ",Melbourne,"Melbourne Stars vs Hobart Hurricanes, Match 28 - Live Cricket Score, Commentary",Hobart Hurricanes Innings,135,5,Doug Bollinger,4,1,20,0,0,0,5.00
312,"Jan 21, ",07:40 PM,"Melbourne Cricket Ground, ",Melbourne,"Melbourne Stars vs Hobart Hurricanes, Match 28 - Live Cricket Score, Commentary",Hobart Hurricanes Innings,135,5,Ben Laughlin,4,0,28,2,0,0,7.00
313,"Jan 21, ",07:40 PM,"Melbourne Cricket Ground, ",Melbourne,"Melbourne Stars vs Hobart Hurricanes, Match 28 - Live Cricket Score, Commentary",Hobart Hurricanes Innings,135,5,Cameron Boyce,0.1,0,4,0,0,0,40.00
314,"Jan 22, ",07:10 PM,"Adelaide Oval, ",Adelaide,"Adelaide Strikers vs Melbourne Renegades, Match 29 - Live Cricket Score, Commentary",Adelaide Strikers Innings,155,6,Shaun Tait,4,0,44,2,0,3,11.00
315,"Jan 22, ",07:10 PM,"Adelaide Oval, ",Adelaide,"Adelaide Strikers vs Melbourne Renegades, Match 29 - Live Cricket Score, Commentary",Adelaide Strikers Innings,155,6,Johan Botha,4,0,29,0,0,1,7.25
316,"Jan 22, ",07:10 PM,"Adelaide Oval, ",Adelaide,"Adelaide Strikers vs Melbourne Renegades, Match 29 - Live Cricket Score, Commentary",Adelaide Strikers Innings,155,6,Jon Holland,4,0,19,2,0,0,4.75
317,"Jan 22, ",07:10 PM,"Adelaide Oval, ",Adelaide,"Adelaide Strikers vs Melbourne Renegades, Match 29 - Live Cricket Score, Commentary",Adelaide Strikers Innings,155,6,Kane Richardson,4,0,32,2,0,2,8.00
318,"Jan 22, ",07:10 PM,"Adelaide Oval, ",Adelaide,"Adelaide Strikers vs Melbourne Renegades, Match 29 - Live Cricket Score, Commentary",Adelaide Strikers Innings,155,6,Michael Neser,3,0,23,0,0,1,7.67
319,"Jan 22, ",07:10 PM,"Adelaide Oval, ",Adelaide,"Adelaide Strikers vs Melbourne Renegades, Match 29 - Live Cricket Score, Commentary",Adelaide Strikers Innings,155,6,Travis Head,1,0,6,0,0,1,6.00
320,"Jan 22, ",07:10 PM,"Adelaide Oval, ",Adelaide,"Adelaide Strikers vs Melbourne Renegades, Match 29 - Live Cricket Score, Commentary",Melbourne Renegades Innings,154,7,Aaron O Brien,4,0,39,0,0,5,9.75
321,"Jan 22, ",07:10 PM,"Adelaide Oval, ",Adelaide,"Adelaide Strikers vs Melbourne Renegades, Match 29 - Live Cricket Score, Commentary",Melbourne Renegades Innings,154,7,Peter Siddle,4,0,35,3,0,0,8.75
322,"Jan 22, ",07:10 PM,"Adelaide Oval, ",Adelaide,"Adelaide Strikers vs Melbourne Renegades, Match 29 - Live Cricket Score, Commentary",Melbourne Renegades Innings,154,7,Matthew Gale,1,0,13,0,0,0,13.00
323,"Jan 22, ",07:10 PM,"Adelaide Oval, ",Adelaide,"Adelaide Strikers vs Melbourne Renegades, Match 29 - Live Cricket Score, Commentary",Melbourne Renegades Innings,154,7,Muttiah Muralitharan,4,0,16,2,0,0,4.00
324,"Jan 22, ",07:10 PM,"Adelaide Oval, ",Adelaide,"Adelaide Strikers vs Melbourne Renegades, Match 29 - Live Cricket Score, Commentary",Melbourne Renegades Innings,154,7,Dwayne Bravo,4,0,23,2,0,0,5.75
325,"Jan 22, ",07:10 PM,"Adelaide Oval, ",Adelaide,"Adelaide Strikers vs Melbourne Renegades, Match 29 - Live Cricket Score, Commentary",Melbourne Renegades Innings,154,7,Nathan Rimmington,3,0,25,0,0,0,8.33
326,"Jan 23, ",07:40 PM,"Bellerive Oval, ",Hobart,"Hobart Hurricanes vs Brisbane Heat, Match 30 - Live Cricket Score, Commentary",Brisbane Heat Innings,209,7,Ryan Harris,4,0,42,2,0,0,10.50
327,"Jan 23, ",07:40 PM,"Bellerive Oval, ",Hobart,"Hobart Hurricanes vs Brisbane Heat, Match 30 - Live Cricket Score, Commentary",Brisbane Heat Innings,209,7,Daniel Vettori,4,0,42,0,0,6,10.50
328,"Jan 23, ",07:40 PM,"Bellerive Oval, ",Hobart,"Hobart Hurricanes vs Brisbane Heat, Match 30 - Live Cricket Score, Commentary",Brisbane Heat Innings,209,7,Mark Steketee,2,0,27,0,5,0,13.50
329,"Jan 23, ",07:40 PM,"Bellerive Oval, ",Hobart,"Hobart Hurricanes vs Brisbane Heat, Match 30 - Live Cricket Score, Commentary",Brisbane Heat Innings,209,7,Cameron Gannon,4,0,42,3,0,0,10.50
330,"Jan 23, ",07:40 PM,"Bellerive Oval, ",Hobart,"Hobart Hurricanes vs Brisbane Heat, Match 30 - Live Cricket Score, Commentary",Brisbane Heat Innings,209,7,James Hopes,4,0,37,1,0,0,9.25
331,"Jan 23, ",07:40 PM,"Bellerive Oval, ",Hobart,"Hobart Hurricanes vs Brisbane Heat, Match 30 - Live Cricket Score, Commentary",Brisbane Heat Innings,209,7,Ben Cutting,2,0,18,0,0,2,9.00
332,"Jan 23, ",07:40 PM,"Bellerive Oval, ",Hobart,"Hobart Hurricanes vs Brisbane Heat, Match 30 - Live Cricket Score, Commentary",Hobart Hurricanes Innings,169,8,Doug Bollinger,4,0,23,0,0,2,5.75
333,"Jan 23, ",07:40 PM,"Bellerive Oval, ",Hobart,"Hobart Hurricanes vs Brisbane Heat, Match 30 - Live Cricket Score, Commentary",Hobart Hurricanes Innings,169,8,Dimitri Mascarenhas,4,0,42,2,0,1,10.50
334,"Jan 23, ",07:40 PM,"Bellerive Oval, ",Hobart,"Hobart Hurricanes vs Brisbane Heat, Match 30 - Live Cricket Score, Commentary",Hobart Hurricanes Innings,169,8,Evan Gulbis,2,0,21,0,0,0,10.50
335,"Jan 23, ",07:40 PM,"Bellerive Oval, ",Hobart,"Hobart Hurricanes vs Brisbane Heat, Match 30 - Live Cricket Score, Commentary",Hobart Hurricanes Innings,169,8,Cameron Boyce,4,0,21,3,0,0,5.25
336,"Jan 23, ",07:40 PM,"Bellerive Oval, ",Hobart,"Hobart Hurricanes vs Brisbane Heat, Match 30 - Live Cricket Score, Commentary",Hobart Hurricanes Innings,169,8,Ben Laughlin,4,0,39,2,0,0,9.75
337,"Jan 23, ",07:40 PM,"Bellerive Oval, ",Hobart,"Hobart Hurricanes vs Brisbane Heat, Match 30 - Live Cricket Score, Commentary",Hobart Hurricanes Innings,169,8,Shoaib Malik,2,0,23,1,0,1,11.50
338,"Jan 25, ",07:10 PM,"Stadium Australia, ","Homebush Bay, Sydney","Sydney Thunder vs Sydney Sixers, Match 31 - Live Cricket Score, Commentary",Sydney Sixers Innings,128,6,Brett Lee,4,0,35,1,0,6,8.75
339,"Jan 25, ",07:10 PM,"Stadium Australia, ","Homebush Bay, Sydney","Sydney Thunder vs Sydney Sixers, Match 31 - Live Cricket Score, Commentary",Sydney Sixers Innings,128,6,Steve OKeefe,2.3,0,12,0,0,1,5.22
340,"Jan 25, ",07:10 PM,"Stadium Australia, ","Homebush Bay, Sydney","Sydney Thunder vs Sydney Sixers, Match 31 - Live Cricket Score, Commentary",Sydney Sixers Innings,128,6,Josh Hazlewood,4,0,30,1,0,2,7.50
341,"Jan 25, ",07:10 PM,"Stadium Australia, ","Homebush Bay, Sydney","Sydney Thunder vs Sydney Sixers, Match 31 - Live Cricket Score, Commentary",Sydney Sixers Innings,128,6,Nathan Lyon,4,0,14,3,0,0,3.50
342,"Jan 25, ",07:10 PM,"Stadium Australia, ","Homebush Bay, Sydney","Sydney Thunder vs Sydney Sixers, Match 31 - Live Cricket Score, Commentary",Sydney Sixers Innings,128,6,Marcus North,2,0,13,0,0,0,6.50
343,"Jan 25, ",07:10 PM,"Stadium Australia, ","Homebush Bay, Sydney","Sydney Thunder vs Sydney Sixers, Match 31 - Live Cricket Score, Commentary",Sydney Sixers Innings,128,6,Moises Henriques,2.3,0,18,0,0,0,7.83
344,"Jan 25, ",07:10 PM,"Stadium Australia, ","Homebush Bay, Sydney","Sydney Thunder vs Sydney Sixers, Match 31 - Live Cricket Score, Commentary",Sydney Sixers Innings,128,6,Sean Abbott,1,0,4,0,0,0,4.00
345,"Jan 25, ",07:10 PM,"Stadium Australia, ","Homebush Bay, Sydney","Sydney Thunder vs Sydney Sixers, Match 31 - Live Cricket Score, Commentary",Sydney Thunder Innings,131,2,Jason Floros,2,0,9,0,0,0,4.50
346,"Jan 25, ",07:10 PM,"Stadium Australia, ","Homebush Bay, Sydney","Sydney Thunder vs Sydney Sixers, Match 31 - Live Cricket Score, Commentary",Sydney Thunder Innings,131,2,Dirk Nannes,3.2,0,33,0,0,2,10.31
347,"Jan 25, ",07:10 PM,"Stadium Australia, ","Homebush Bay, Sydney","Sydney Thunder vs Sydney Sixers, Match 31 - Live Cricket Score, Commentary",Sydney Thunder Innings,131,2,Andrew Tye,4,0,27,0,0,0,6.75
348,"Jan 25, ",07:10 PM,"Stadium Australia, ","Homebush Bay, Sydney","Sydney Thunder vs Sydney Sixers, Match 31 - Live Cricket Score, Commentary",Sydney Thunder Innings,131,2,Gurinder Sandhu,4,0,22,0,0,1,5.50
349,"Jan 25, ",07:10 PM,"Stadium Australia, ","Homebush Bay, Sydney","Sydney Thunder vs Sydney Sixers, Match 31 - Live Cricket Score, Commentary",Sydney Thunder Innings,131,2,Luke Feldman,3,0,18,0,0,0,6.00
350,"Jan 25, ",07:10 PM,"Stadium Australia, ","Homebush Bay, Sydney","Sydney Thunder vs Sydney Sixers, Match 31 - Live Cricket Score, Commentary",Sydney Thunder Innings,131,2,Chris Tremain,3,0,14,1,0,0,4.67
351,"Jan 27, ",01:50 PM,"Melbourne Cricket Ground, ",Melbourne,"Melbourne Stars vs Perth Scorchers, Match 32 - Live Cricket Score, Commentary",Perth Scorchers Innings,161,6,Michael Beer,4,0,27,2,0,0,6.75
352,"Jan 27, ",01:50 PM,"Melbourne Cricket Ground, ",Melbourne,"Melbourne Stars vs Perth Scorchers, Match 32 - Live Cricket Score, Commentary",Perth Scorchers Innings,161,6,Jason Behrendorff,3,0,17,0,0,0,5.67
353,"Jan 27, ",01:50 PM,"Melbourne Cricket Ground, ",Melbourne,"Melbourne Stars vs Perth Scorchers, Match 32 - Live Cricket Score, Commentary",Perth Scorchers Innings,161,6,Pat Cummins,4,0,38,0,1,0,9.50
354,"Jan 27, ",01:50 PM,"Melbourne Cricket Ground, ",Melbourne,"Melbourne Stars vs Perth Scorchers, Match 32 - Live Cricket Score, Commentary",Perth Scorchers Innings,161,6,Brad Hogg,3,0,36,0,0,2,12.00
355,"Jan 27, ",01:50 PM,"Melbourne Cricket Ground, ",Melbourne,"Melbourne Stars vs Perth Scorchers, Match 32 - Live Cricket Score, Commentary",Perth Scorchers Innings,161,6,Alfonso Thomas,4,0,26,1,0,1,6.50
356,"Jan 27, ",01:50 PM,"Melbourne Cricket Ground, ",Melbourne,"Melbourne Stars vs Perth Scorchers, Match 32 - Live Cricket Score, Commentary",Perth Scorchers Innings,161,6,Adam Voges,2,0,12,1,0,1,6.00
357,"Jan 27, ",01:50 PM,"Melbourne Cricket Ground, ",Melbourne,"Melbourne Stars vs Perth Scorchers, Match 32 - Live Cricket Score, Commentary",Melbourne Stars Innings,141,9,Daniel Worrall,4,0,29,2,0,0,7.25
358,"Jan 27, ",01:50 PM,"Melbourne Cricket Ground, ",Melbourne,"Melbourne Stars vs Perth Scorchers, Match 32 - Live Cricket Score, Commentary",Melbourne Stars Innings,141,9,Scott Boland,4,0,34,1,0,1,8.50
359,"Jan 27, ",01:50 PM,"Melbourne Cricket Ground, ",Melbourne,"Melbourne Stars vs Perth Scorchers, Match 32 - Live Cricket Score, Commentary",Melbourne Stars Innings,141,9,Clive Rose,4,0,25,1,0,0,6.25
360,"Jan 27, ",01:50 PM,"Melbourne Cricket Ground, ",Melbourne,"Melbourne Stars vs Perth Scorchers, Match 32 - Live Cricket Score, Commentary",Melbourne Stars Innings,141,9,John Hastings,4,0,20,3,0,0,5.00
361,"Jan 27, ",01:50 PM,"Melbourne Cricket Ground, ",Melbourne,"Melbourne Stars vs Perth Scorchers, Match 32 - Live Cricket Score, Commentary",Melbourne Stars Innings,141,9,Mohammad Hafeez,3,0,22,0,0,2,7.33
362,"Jan 27, ",01:50 PM,"Melbourne Cricket Ground, ",Melbourne,"Melbourne Stars vs Perth Scorchers, Match 32 - Live Cricket Score, Commentary",Melbourne Stars Innings,141,9,Marcus Stoinis,1,0,11,0,0,0,11.00
363,"Feb 04, ",07:45 PM,"Melbourne Cricket Ground, ",Melbourne,"Melbourne Stars vs Hobart Hurricanes, 1st semi-final - Live Cricket Score, Commentary",Hobart Hurricanes Innings,141,8,Ben Hilfenhaus,4,0,26,0,0,0,6.50
364,"Feb 04, ",07:45 PM,"Melbourne Cricket Ground, ",Melbourne,"Melbourne Stars vs Hobart Hurricanes, 1st semi-final - Live Cricket Score, Commentary",Hobart Hurricanes Innings,141,8,Dimitri Mascarenhas,4,0,32,1,0,0,8.00
365,"Feb 04, ",07:45 PM,"Melbourne Cricket Ground, ",Melbourne,"Melbourne Stars vs Hobart Hurricanes, 1st semi-final - Live Cricket Score, Commentary",Hobart Hurricanes Innings,141,8,Shoaib Malik,2,0,5,1,0,0,2.50
366,"Feb 04, ",07:45 PM,"Melbourne Cricket Ground, ",Melbourne,"Melbourne Stars vs Hobart Hurricanes, 1st semi-final - Live Cricket Score, Commentary",Hobart Hurricanes Innings,141,8,Cameron Boyce,3,0,11,3,0,0,3.67
367,"Feb 04, ",07:45 PM,"Melbourne Cricket Ground, ",Melbourne,"Melbourne Stars vs Hobart Hurricanes, 1st semi-final - Live Cricket Score, Commentary",Hobart Hurricanes Innings,141,8,Doug Bollinger,4,0,32,1,0,0,8.00
368,"Feb 04, ",07:45 PM,"Melbourne Cricket Ground, ",Melbourne,"Melbourne Stars vs Hobart Hurricanes, 1st semi-final - Live Cricket Score, Commentary",Hobart Hurricanes Innings,141,8,Ben Laughlin,3,0,33,2,0,3,11.00
369,"Feb 04, ",07:45 PM,"Melbourne Cricket Ground, ",Melbourne,"Melbourne Stars vs Hobart Hurricanes, 1st semi-final - Live Cricket Score, Commentary",Melbourne Stars Innings,142,3,Lasith Malinga,4,0,33,0,0,0,8.25
370,"Feb 04, ",07:45 PM,"Melbourne Cricket Ground, ",Melbourne,"Melbourne Stars vs Hobart Hurricanes, 1st semi-final - Live Cricket Score, Commentary",Melbourne Stars Innings,142,3,Daniel Worrall,4,0,30,0,0,0,7.50
371,"Feb 04, ",07:45 PM,"Melbourne Cricket Ground, ",Melbourne,"Melbourne Stars vs Hobart Hurricanes, 1st semi-final - Live Cricket Score, Commentary",Melbourne Stars Innings,142,3,John Hastings,3.1,0,26,1,0,1,8.39
372,"Feb 04, ",07:45 PM,"Melbourne Cricket Ground, ",Melbourne,"Melbourne Stars vs Hobart Hurricanes, 1st semi-final - Live Cricket Score, Commentary",Melbourne Stars Innings,142,3,James Muirhead,4,0,27,1,0,1,6.75
373,"Feb 04, ",07:45 PM,"Melbourne Cricket Ground, ",Melbourne,"Melbourne Stars vs Hobart Hurricanes, 1st semi-final - Live Cricket Score, Commentary",Melbourne Stars Innings,142,3,Luke Wright,1,0,6,0,0,1,6.00
374,"Feb 04, ",07:45 PM,"Melbourne Cricket Ground, ",Melbourne,"Melbourne Stars vs Hobart Hurricanes, 1st semi-final - Live Cricket Score, Commentary",Melbourne Stars Innings,142,3,Marcus Stoinis,2,0,19,0,0,0,9.50
375,"Feb 05, ",07:45 PM,"Sydney Cricket Ground, ",Sydney,"Sydney Sixers vs Perth Scorchers, 2nd semi-final - Live Cricket Score, Commentary",Sydney Sixers Innings,193,5,Brett Lee,4,0,27,1,0,2,6.75
376,"Feb 05, ",07:45 PM,"Sydney Cricket Ground, ",Sydney,"Sydney Sixers vs Perth Scorchers, 2nd semi-final - Live Cricket Score, Commentary",Sydney Sixers Innings,193,5,Mitchell Starc,4,0,37,2,0,1,9.25
377,"Feb 05, ",07:45 PM,"Sydney Cricket Ground, ",Sydney,"Sydney Sixers vs Perth Scorchers, 2nd semi-final - Live Cricket Score, Commentary",Sydney Sixers Innings,193,5,Josh Hazlewood,4,0,41,1,0,1,10.25
378,"Feb 05, ",07:45 PM,"Sydney Cricket Ground, ",Sydney,"Sydney Sixers vs Perth Scorchers, 2nd semi-final - Live Cricket Score, Commentary",Sydney Sixers Innings,193,5,Trent Copeland,2,0,16,0,0,0,8.00
379,"Feb 05, ",07:45 PM,"Sydney Cricket Ground, ",Sydney,"Sydney Sixers vs Perth Scorchers, 2nd semi-final - Live Cricket Score, Commentary",Sydney Sixers Innings,193,5,Ravi Bopara,3,0,19,0,0,0,6.33
380,"Feb 05, ",07:45 PM,"Sydney Cricket Ground, ",Sydney,"Sydney Sixers vs Perth Scorchers, 2nd semi-final - Live Cricket Score, Commentary",Sydney Sixers Innings,193,5,Sean Abbott,2,0,35,0,0,2,17.50
381,"Feb 05, ",07:45 PM,"Sydney Cricket Ground, ",Sydney,"Sydney Sixers vs Perth Scorchers, 2nd semi-final - Live Cricket Score, Commentary",Sydney Sixers Innings,193,5,Marcus North,1,0,12,0,0,0,12.00
382,"Feb 05, ",07:45 PM,"Sydney Cricket Ground, ",Sydney,"Sydney Sixers vs Perth Scorchers, 2nd semi-final - Live Cricket Score, Commentary",Perth Scorchers Innings,48,6,Alfonso Thomas,1,0,7,0,0,1,7.00
383,"Feb 05, ",07:45 PM,"Sydney Cricket Ground, ",Sydney,"Sydney Sixers vs Perth Scorchers, 2nd semi-final - Live Cricket Score, Commentary",Perth Scorchers Innings,48,6,Jason Behrendorff,1,0,5,2,0,0,5.00
384,"Feb 05, ",07:45 PM,"Sydney Cricket Ground, ",Sydney,"Sydney Sixers vs Perth Scorchers, 2nd semi-final - Live Cricket Score, Commentary",Perth Scorchers Innings,48,6,Brad Hogg,1,0,14,0,0,0,14.00
385,"Feb 05, ",07:45 PM,"Sydney Cricket Ground, ",Sydney,"Sydney Sixers vs Perth Scorchers, 2nd semi-final - Live Cricket Score, Commentary",Perth Scorchers Innings,48,6,Pat Cummins,1,0,6,2,0,0,6.00
386,"Feb 05, ",07:45 PM,"Sydney Cricket Ground, ",Sydney,"Sydney Sixers vs Perth Scorchers, 2nd semi-final - Live Cricket Score, Commentary",Perth Scorchers Innings,48,6,Nathan Coulter-Nile,1,0,11,0,0,0,11.00
387,"Feb 07, ",04:45 PM,"W.A.C.A. Ground, ",Perth,"Perth Scorchers vs Hobart Hurricanes, Final - Live Cricket Score, Commentary",Hobart Hurricanes Innings,191,4,Ben Hilfenhaus,4,0,23,1,0,2,5.75
388,"Feb 07, ",04:45 PM,"W.A.C.A. Ground, ",Perth,"Perth Scorchers vs Hobart Hurricanes, Final - Live Cricket Score, Commentary",Hobart Hurricanes Innings,191,4,Dimitri Mascarenhas,4,0,46,1,0,0,11.50
389,"Feb 07, ",04:45 PM,"W.A.C.A. Ground, ",Perth,"Perth Scorchers vs Hobart Hurricanes, Final - Live Cricket Score, Commentary",Hobart Hurricanes Innings,191,4,Doug Bollinger,4,0,38,0,0,2,9.50
390,"Feb 07, ",04:45 PM,"W.A.C.A. Ground, ",Perth,"Perth Scorchers vs Hobart Hurricanes, Final - Live Cricket Score, Commentary",Hobart Hurricanes Innings,191,4,Cameron Boyce,4,0,39,0,0,0,9.75
391,"Feb 07, ",04:45 PM,"W.A.C.A. Ground, ",Perth,"Perth Scorchers vs Hobart Hurricanes, Final - Live Cricket Score, Commentary",Hobart Hurricanes Innings,191,4,Evan Gulbis,1,0,14,1,0,2,14.00
392,"Feb 07, ",04:45 PM,"W.A.C.A. Ground, ",Perth,"Perth Scorchers vs Hobart Hurricanes, Final - Live Cricket Score, Commentary",Hobart Hurricanes Innings,191,4,Xavier Doherty,3,0,29,1,0,1,9.67
393,"Feb 07, ",04:45 PM,"W.A.C.A. Ground, ",Perth,"Perth Scorchers vs Hobart Hurricanes, Final - Live Cricket Score, Commentary",Perth Scorchers Innings,152,7,Nathan Coulter-Nile,4,0,35,0,0,0,8.75
394,"Feb 07, ",04:45 PM,"W.A.C.A. Ground, ",Perth,"Perth Scorchers vs Hobart Hurricanes, Final - Live Cricket Score, Commentary",Perth Scorchers Innings,152,7,Jason Behrendorff,4,0,24,2,0,0,6.00
395,"Feb 07, ",04:45 PM,"W.A.C.A. Ground, ",Perth,"Perth Scorchers vs Hobart Hurricanes, Final - Live Cricket Score, Commentary",Perth Scorchers Innings,152,7,Alfonso Thomas,4,0,23,2,0,0,5.75
396,"Feb 07, ",04:45 PM,"W.A.C.A. Ground, ",Perth,"Perth Scorchers vs Hobart Hurricanes, Final - Live Cricket Score, Commentary",Perth Scorchers Innings,152,7,Brad Hogg,4,0,17,2,0,0,4.25
397,"Feb 07, ",04:45 PM,"W.A.C.A. Ground, ",Perth,"Perth Scorchers vs Hobart Hurricanes, Final - Live Cricket Score, Commentary",Perth Scorchers Innings,152,7,Pat Cummins,4,0,47,1,0,2,11.75
