,Date,Time,Teams,Winners,Links
0,"Dec 20, Fri",2:10 PM,"MELBOURNE STARS vs MELBOURNE RENEGADES, Match 1",Melbourne Stars won by 76 runs,https://www.cricbuzz.com/cricket-scores/12766/mls-vs-mlr-match-1-big-bash-league-2013-14
1,"Dec 21, Sat",1:40 PM,"SYDNEY SIXERS vs SYDNEY THUNDER, Match 2",Sydney Sixers won by 6 wkts,https://www.cricbuzz.com/cricket-scores/12767/sys-vs-syt-match-2-big-bash-league-2013-14
2,"Dec 22, Sun",8:20 AM,"HOBART HURRICANES vs ADELAIDE STRIKERS, Match 3",No result,https://www.cricbuzz.com/cricket-scores/12768/hbh-vs-ads-match-3-big-bash-league-2013-14
3,,1:40 PM,"BRISBANE HEAT vs PERTH SCORCHERS, Match 4",Brisbane Heat won by 3 wkts,https://www.cricbuzz.com/cricket-scores/12769/brh-vs-prs-match-4-big-bash-league-2013-14
4,"Dec 26, Thu",2:10 PM,"PERTH SCORCHERS vs MELBOURNE RENEGADES, Match 5",Perth Scorchers won by 6 runs,https://www.cricbuzz.com/cricket-scores/12770/prs-vs-mlr-match-5-big-bash-league-2013-14
5,"Dec 27, Fri",2:10 PM,"SYDNEY THUNDER vs ADELAIDE STRIKERS, Match 6",Adelaide Strikers won by 6 runs,https://www.cricbuzz.com/cricket-scores/12771/syt-vs-ads-match-6-big-bash-league-2013-14
6,"Dec 28, Sat",1:40 PM,"BRISBANE HEAT vs HOBART HURRICANES, Match 7",Hobart Hurricanes won by 3 wkts,https://www.cricbuzz.com/cricket-scores/12772/brh-vs-hbh-match-7-big-bash-league-2013-14
7,"Dec 29, Sun",1:40 PM,"SYDNEY SIXERS vs MELBOURNE STARS, Match 8",Melbourne Stars won by 77 runs,https://www.cricbuzz.com/cricket-scores/12773/sys-vs-mls-match-8-big-bash-league-2013-14
8,"Dec 30, Mon",2:10 PM,"MELBOURNE RENEGADES vs BRISBANE HEAT, Match 9",Melbourne Renegades won by 57 runs,https://www.cricbuzz.com/cricket-scores/12774/mlr-vs-brh-match-9-big-bash-league-2013-14
9,"Dec 31, Tue",2:10 PM,"ADELAIDE STRIKERS vs PERTH SCORCHERS, Match 10",Adelaide Strikers won by 6 wkts,https://www.cricbuzz.com/cricket-scores/12775/ads-vs-prs-match-10-big-bash-league-2013-14
10,"Jan 01, Wed",8:15 AM,"HOBART HURRICANES vs MELBOURNE RENEGADES, Match 11",Melbourne Renegades won by 51 runs,https://www.cricbuzz.com/cricket-scores/12776/hbh-vs-mlr-match-11-big-bash-league-2013-14
11,,2:10 PM,"SYDNEY THUNDER vs MELBOURNE STARS, Match 12",Melbourne Stars won by 7 wkts,https://www.cricbuzz.com/cricket-scores/12777/syt-vs-mls-match-12-big-bash-league-2013-14
12,"Jan 02, Thu",2:10 PM,"BRISBANE HEAT vs SYDNEY SIXERS, Match 13",Sydney Sixers won by 4 runs,https://www.cricbuzz.com/cricket-scores/12778/brh-vs-sys-match-13-big-bash-league-2013-14
13,"Jan 03, Fri",2:10 PM,"PERTH SCORCHERS vs SYDNEY THUNDER, Match 14",Perth Scorchers won by 6 wkts,https://www.cricbuzz.com/cricket-scores/12779/prs-vs-syt-match-14-big-bash-league-2013-14
14,"Jan 04, Sat",1:40 PM,"MELBOURNE RENEGADES vs MELBOURNE STARS, Match 15",Melbourne Stars won by 9 wkts,https://www.cricbuzz.com/cricket-scores/12780/mlr-vs-mls-match-15-big-bash-league-2013-14
15,"Jan 05, Sun",1:45 PM,"ADELAIDE STRIKERS vs SYDNEY SIXERS, Match 16",Sydney Sixers won by 6 wkts,https://www.cricbuzz.com/cricket-scores/12781/ads-vs-sys-match-16-big-bash-league-2013-14
16,"Jan 07, Tue",2:10 PM,"PERTH SCORCHERS vs HOBART HURRICANES, Match 17",Perth Scorchers won by 6 runs,https://www.cricbuzz.com/cricket-scores/12782/prs-vs-hbh-match-17-big-bash-league-2013-14
17,"Jan 08, Wed",2:10 PM,"SYDNEY THUNDER vs BRISBANE HEAT, Match 18",Brisbane Heat won by 48 runs,https://www.cricbuzz.com/cricket-scores/12783/syt-vs-brh-match-18-big-bash-league-2013-14
18,"Jan 09, Thu",2:10 PM,"MELBOURNE STARS vs ADELAIDE STRIKERS, Match 19",Melbourne Stars won by 8 wkts,https://www.cricbuzz.com/cricket-scores/12784/mls-vs-ads-match-19-big-bash-league-2013-14
19,"Jan 10, Fri",2:10 PM,"SYDNEY SIXERS vs PERTH SCORCHERS, Match 20",Match tied (Perth won the one-over eliminator),https://www.cricbuzz.com/cricket-scores/12785/sys-vs-prs-match-20-big-bash-league-2013-14
20,"Jan 11, Sat",8:20 AM,"HOBART HURRICANES vs SYDNEY THUNDER, Match 21",Hobart Hurricanes won by 73 runs,https://www.cricbuzz.com/cricket-scores/12786/hbh-vs-syt-match-21-big-bash-league-2013-14
21,,1:40 PM,"BRISBANE HEAT vs MELBOURNE STARS, Match 22",Melbourne Stars won by 3 wkts,https://www.cricbuzz.com/cricket-scores/12787/brh-vs-mls-match-22-big-bash-league-2013-14
22,"Jan 14, Tue",2:10 PM,"MELBOURNE RENEGADES vs SYDNEY THUNDER, Match 23",Sydney Thunder won by 9 wkts,https://www.cricbuzz.com/cricket-scores/12788/mlr-vs-syt-match-23-big-bash-league-2013-14
23,"Jan 15, Wed",2:10 PM,"SYDNEY SIXERS vs HOBART HURRICANES, Match 24",Sydney Sixers won by 7 runs,https://www.cricbuzz.com/cricket-scores/12789/sys-vs-hbh-match-24-big-bash-league-2013-14
24,"Jan 16, Thu",2:10 PM,"PERTH SCORCHERS vs ADELAIDE STRIKERS, Match 25",Perth Scorchers won by 5 runs,https://www.cricbuzz.com/cricket-scores/12790/prs-vs-ads-match-25-big-bash-league-2013-14
25,"Jan 18, Sat",8:15 AM,"ADELAIDE STRIKERS vs BRISBANE HEAT, Match 26",Brisbane Heat won by 32 runs,https://www.cricbuzz.com/cricket-scores/12791/ads-vs-brh-match-26-big-bash-league-2013-14
26,,2:10 PM,"MELBOURNE RENEGADES vs SYDNEY SIXERS, Match 27",Sydney Sixers won by 2 runs,https://www.cricbuzz.com/cricket-scores/12792/mlr-vs-sys-match-27-big-bash-league-2013-14
27,"Jan 21, Tue",2:10 PM,"MELBOURNE STARS vs HOBART HURRICANES, Match 28",Melbourne Stars won by 5 wkts,https://www.cricbuzz.com/cricket-scores/12793/mls-vs-hbh-match-28-big-bash-league-2013-14
28,"Jan 22, Wed",2:10 PM,"ADELAIDE STRIKERS vs MELBOURNE RENEGADES, Match 29",Melbourne Renegades won by 1 run,https://www.cricbuzz.com/cricket-scores/12794/ads-vs-mlr-match-29-big-bash-league-2013-14
29,"Jan 23, Thu",2:10 PM,"HOBART HURRICANES vs BRISBANE HEAT, Match 30",Hobart Hurricanes won by 40 runs,https://www.cricbuzz.com/cricket-scores/12795/hbh-vs-brh-match-30-big-bash-league-2013-14
30,"Jan 25, Sat",1:40 PM,"SYDNEY THUNDER vs SYDNEY SIXERS, Match 31",Sydney Sixers won by 8 wkts,https://www.cricbuzz.com/cricket-scores/12796/syt-vs-sys-match-31-big-bash-league-2013-14
31,"Jan 27, Mon",8:20 AM,"MELBOURNE STARS vs PERTH SCORCHERS, Match 32",Melbourne Stars won by 20 runs,https://www.cricbuzz.com/cricket-scores/12797/mls-vs-prs-match-32-big-bash-league-2013-14
32,"Feb 04, Tue",2:15 PM,"MELBOURNE STARS vs HOBART HURRICANES, 1st semi-final",Hobart Hurricanes won by 7 wkts,https://www.cricbuzz.com/cricket-scores/12798/mls-vs-hbh-1st-semi-final-big-bash-league-2013-14
33,"Feb 05, Wed",2:15 PM,"SYDNEY SIXERS vs PERTH SCORCHERS, 2nd semi-final",Perth won by 5 runs (D/L method),https://www.cricbuzz.com/cricket-scores/12799/sys-vs-prs-2nd-semi-final-big-bash-league-2013-14
34,"Feb 07, Fri",2:15 PM,"PERTH SCORCHERS vs HOBART HURRICANES, Final",Perth Scorchers won by 39 runs,https://www.cricbuzz.com/cricket-scores/12800/prs-vs-hbh-final-big-bash-league-2013-14
