,Date,Time,Stadium,City,Match Details,Team Bowling,Total Runs Conceeded,Total Wickets Taken,Bowler Name,Overs,Maidens,Runs,Wickets,No Balls,Wides,Economies
0,"Dec 16, ",07:00 PM,"Sydney Cricket Ground, ",Sydney,"Sydney Sixers vs Brisbane Heat, Match 1 - Live Cricket Score, Commentary",Sydney Sixers Innings,139,8,Brett Lee,4,0,19,0,0,0,4.75
1,"Dec 16, ",07:00 PM,"Sydney Cricket Ground, ",Sydney,"Sydney Sixers vs Brisbane Heat, Match 1 - Live Cricket Score, Commentary",Sydney Sixers Innings,139,8,Mitchell Starc,4,0,28,2,0,1,7.00
2,"Dec 16, ",07:00 PM,"Sydney Cricket Ground, ",Sydney,"Sydney Sixers vs Brisbane Heat, Match 1 - Live Cricket Score, Commentary",Sydney Sixers Innings,139,8,Josh Hazlewood,4,0,24,2,0,0,6.00
3,"Dec 16, ",07:00 PM,"Sydney Cricket Ground, ",Sydney,"Sydney Sixers vs Brisbane Heat, Match 1 - Live Cricket Score, Commentary",Sydney Sixers Innings,139,8,Dwayne Bravo,2,0,20,1,0,1,10.00
4,"Dec 16, ",07:00 PM,"Sydney Cricket Ground, ",Sydney,"Sydney Sixers vs Brisbane Heat, Match 1 - Live Cricket Score, Commentary",Sydney Sixers Innings,139,8,Stuart MacGill,4,0,21,2,0,2,5.25
5,"Dec 16, ",07:00 PM,"Sydney Cricket Ground, ",Sydney,"Sydney Sixers vs Brisbane Heat, Match 1 - Live Cricket Score, Commentary",Sydney Sixers Innings,139,8,Steven Smith,2,0,25,1,0,0,12.50
6,"Dec 16, ",07:00 PM,"Sydney Cricket Ground, ",Sydney,"Sydney Sixers vs Brisbane Heat, Match 1 - Live Cricket Score, Commentary",Brisbane Heat Innings,140,3,Nathan Hauritz,3,0,23,0,0,0,7.67
7,"Dec 16, ",07:00 PM,"Sydney Cricket Ground, ",Sydney,"Sydney Sixers vs Brisbane Heat, Match 1 - Live Cricket Score, Commentary",Brisbane Heat Innings,140,3,Alister McDermott,3,0,33,1,0,1,11.00
8,"Dec 16, ",07:00 PM,"Sydney Cricket Ground, ",Sydney,"Sydney Sixers vs Brisbane Heat, Match 1 - Live Cricket Score, Commentary",Brisbane Heat Innings,140,3,Daniel Christian,4,0,20,1,0,0,5.00
9,"Dec 16, ",07:00 PM,"Sydney Cricket Ground, ",Sydney,"Sydney Sixers vs Brisbane Heat, Match 1 - Live Cricket Score, Commentary",Brisbane Heat Innings,140,3,James Hopes,3.4,0,29,1,0,0,8.53
10,"Dec 16, ",07:00 PM,"Sydney Cricket Ground, ",Sydney,"Sydney Sixers vs Brisbane Heat, Match 1 - Live Cricket Score, Commentary",Brisbane Heat Innings,140,3,Nick Buchanan,2,0,21,0,0,1,10.50
11,"Dec 16, ",07:00 PM,"Sydney Cricket Ground, ",Sydney,"Sydney Sixers vs Brisbane Heat, Match 1 - Live Cricket Score, Commentary",Brisbane Heat Innings,140,3,Chris Lynn,3,0,14,0,0,0,4.67
12,"Dec 17, ",07:00 PM,"Melbourne Cricket Ground, ",Melbourne,"Melbourne Stars vs Sydney Thunder, Match 2 - Live Cricket Score, Commentary",Sydney Thunder Innings,153,7,Chris Gayle,3,0,15,0,0,1,5.00
13,"Dec 17, ",07:00 PM,"Melbourne Cricket Ground, ",Melbourne,"Melbourne Stars vs Sydney Thunder, Match 2 - Live Cricket Score, Commentary",Sydney Thunder Innings,153,7,Doug Bollinger,3,0,22,2,0,0,7.33
14,"Dec 17, ",07:00 PM,"Melbourne Cricket Ground, ",Melbourne,"Melbourne Stars vs Sydney Thunder, Match 2 - Live Cricket Score, Commentary",Sydney Thunder Innings,153,7,Fidel Edwards,4,0,34,0,0,1,8.50
15,"Dec 17, ",07:00 PM,"Melbourne Cricket Ground, ",Melbourne,"Melbourne Stars vs Sydney Thunder, Match 2 - Live Cricket Score, Commentary",Sydney Thunder Innings,153,7,Scott Coyte,4,0,26,2,0,1,6.50
16,"Dec 17, ",07:00 PM,"Melbourne Cricket Ground, ",Melbourne,"Melbourne Stars vs Sydney Thunder, Match 2 - Live Cricket Score, Commentary",Sydney Thunder Innings,153,7,Luke Doran,3,0,15,1,0,0,5.00
17,"Dec 17, ",07:00 PM,"Melbourne Cricket Ground, ",Melbourne,"Melbourne Stars vs Sydney Thunder, Match 2 - Live Cricket Score, Commentary",Sydney Thunder Innings,153,7,Sean Abbott,3,0,35,1,0,0,11.67
18,"Dec 17, ",07:00 PM,"Melbourne Cricket Ground, ",Melbourne,"Melbourne Stars vs Sydney Thunder, Match 2 - Live Cricket Score, Commentary",Melbourne Stars Innings,154,4,James Faulkner,4,0,20,2,0,2,5.00
19,"Dec 17, ",07:00 PM,"Melbourne Cricket Ground, ",Melbourne,"Melbourne Stars vs Sydney Thunder, Match 2 - Live Cricket Score, Commentary",Melbourne Stars Innings,154,4,Jade Dernbach,4,0,36,0,0,0,9.00
20,"Dec 17, ",07:00 PM,"Melbourne Cricket Ground, ",Melbourne,"Melbourne Stars vs Sydney Thunder, Match 2 - Live Cricket Score, Commentary",Melbourne Stars Innings,154,4,Clint McKay,3,0,21,1,0,0,7.00
21,"Dec 17, ",07:00 PM,"Melbourne Cricket Ground, ",Melbourne,"Melbourne Stars vs Sydney Thunder, Match 2 - Live Cricket Score, Commentary",Melbourne Stars Innings,154,4,Luke Wright,4,0,35,1,0,0,8.75
22,"Dec 17, ",07:00 PM,"Melbourne Cricket Ground, ",Melbourne,"Melbourne Stars vs Sydney Thunder, Match 2 - Live Cricket Score, Commentary",Melbourne Stars Innings,154,4,David Hussey,2,0,22,0,0,0,11.00
23,"Dec 17, ",07:00 PM,"Melbourne Cricket Ground, ",Melbourne,"Melbourne Stars vs Sydney Thunder, Match 2 - Live Cricket Score, Commentary",Melbourne Stars Innings,154,4,Shane Warne,2,0,19,0,0,0,9.50
24,"Dec 18, ",05:30 PM,"Adelaide Oval, ",Adelaide,"Adelaide Strikers vs Melbourne Renegades, Match 3 - Live Cricket Score, Commentary",Melbourne Renegades Innings,189,5,Shaun Tait,3,0,41,1,0,2,13.67
25,"Dec 18, ",05:30 PM,"Adelaide Oval, ",Adelaide,"Adelaide Strikers vs Melbourne Renegades, Match 3 - Live Cricket Score, Commentary",Melbourne Renegades Innings,189,5,Dirk Nannes,3,0,38,1,0,0,12.67
26,"Dec 18, ",05:30 PM,"Adelaide Oval, ",Adelaide,"Adelaide Strikers vs Melbourne Renegades, Match 3 - Live Cricket Score, Commentary",Melbourne Renegades Innings,189,5,Glenn Maxwell,2,0,16,0,0,0,8.00
27,"Dec 18, ",05:30 PM,"Adelaide Oval, ",Adelaide,"Adelaide Strikers vs Melbourne Renegades, Match 3 - Live Cricket Score, Commentary",Melbourne Renegades Innings,189,5,Abdul Razzaq,3,0,25,1,0,0,8.33
28,"Dec 18, ",05:30 PM,"Adelaide Oval, ",Adelaide,"Adelaide Strikers vs Melbourne Renegades, Match 3 - Live Cricket Score, Commentary",Melbourne Renegades Innings,189,5,Shahid Afridi,4,0,27,0,0,0,6.75
29,"Dec 18, ",05:30 PM,"Adelaide Oval, ",Adelaide,"Adelaide Strikers vs Melbourne Renegades, Match 3 - Live Cricket Score, Commentary",Melbourne Renegades Innings,189,5,Aaron Heal,4,0,32,2,0,0,8.00
30,"Dec 18, ",05:30 PM,"Adelaide Oval, ",Adelaide,"Adelaide Strikers vs Melbourne Renegades, Match 3 - Live Cricket Score, Commentary",Melbourne Renegades Innings,189,5,Andrew McDonald,1,0,9,0,0,0,9.00
31,"Dec 18, ",05:30 PM,"Adelaide Oval, ",Adelaide,"Adelaide Strikers vs Melbourne Renegades, Match 3 - Live Cricket Score, Commentary",Adelaide Strikers Innings,122,10,Alfonso Thomas,3,0,15,0,0,1,5.00
32,"Dec 18, ",05:30 PM,"Adelaide Oval, ",Adelaide,"Adelaide Strikers vs Melbourne Renegades, Match 3 - Live Cricket Score, Commentary",Adelaide Strikers Innings,122,10,Aaron O Brien,4,0,34,2,0,2,8.50
33,"Dec 18, ",05:30 PM,"Adelaide Oval, ",Adelaide,"Adelaide Strikers vs Melbourne Renegades, Match 3 - Live Cricket Score, Commentary",Adelaide Strikers Innings,122,10,Johan Botha,3.5,0,18,2,0,0,5.14
34,"Dec 18, ",05:30 PM,"Adelaide Oval, ",Adelaide,"Adelaide Strikers vs Melbourne Renegades, Match 3 - Live Cricket Score, Commentary",Adelaide Strikers Innings,122,10,Kane Richardson,4,0,27,3,0,2,6.75
35,"Dec 18, ",05:30 PM,"Adelaide Oval, ",Adelaide,"Adelaide Strikers vs Melbourne Renegades, Match 3 - Live Cricket Score, Commentary",Adelaide Strikers Innings,122,10,Nathan Lyon,3,0,26,1,0,0,8.67
36,"Dec 18, ",06:00 PM,"W.A.C.A. Ground, ",Perth,"Perth Scorchers vs Hobart Hurricanes, Match 4 - Live Cricket Score, Commentary",Perth Scorchers Innings,140,10,Michael Beer,4,0,18,1,0,0,4.50
37,"Dec 18, ",06:00 PM,"W.A.C.A. Ground, ",Perth,"Perth Scorchers vs Hobart Hurricanes, Match 4 - Live Cricket Score, Commentary",Perth Scorchers Innings,140,10,Nathan Rimmington,2.3,0,7,1,0,0,3.04
38,"Dec 18, ",06:00 PM,"W.A.C.A. Ground, ",Perth,"Perth Scorchers vs Hobart Hurricanes, Match 4 - Live Cricket Score, Commentary",Perth Scorchers Innings,140,10,Mitchell Marsh,4,0,25,0,0,2,6.25
39,"Dec 18, ",06:00 PM,"W.A.C.A. Ground, ",Perth,"Perth Scorchers vs Hobart Hurricanes, Match 4 - Live Cricket Score, Commentary",Perth Scorchers Innings,140,10,Ben Edmondson,4,0,40,4,1,2,10.00
40,"Dec 18, ",06:00 PM,"W.A.C.A. Ground, ",Perth,"Perth Scorchers vs Hobart Hurricanes, Match 4 - Live Cricket Score, Commentary",Perth Scorchers Innings,140,10,Brad Hogg,3,0,27,1,0,1,9.00
41,"Dec 18, ",06:00 PM,"W.A.C.A. Ground, ",Perth,"Perth Scorchers vs Hobart Hurricanes, Match 4 - Live Cricket Score, Commentary",Perth Scorchers Innings,140,10,Paul Collingwood,2,0,20,0,1,0,10.00
42,"Dec 18, ",06:00 PM,"W.A.C.A. Ground, ",Perth,"Perth Scorchers vs Hobart Hurricanes, Match 4 - Live Cricket Score, Commentary",Hobart Hurricanes Innings,109,10,Jason Krejza,3,0,15,1,0,0,5.00
43,"Dec 18, ",06:00 PM,"W.A.C.A. Ground, ",Perth,"Perth Scorchers vs Hobart Hurricanes, Match 4 - Live Cricket Score, Commentary",Hobart Hurricanes Innings,109,10,Ben Hilfenhaus,4,1,10,2,0,1,2.50
44,"Dec 18, ",06:00 PM,"W.A.C.A. Ground, ",Perth,"Perth Scorchers vs Hobart Hurricanes, Match 4 - Live Cricket Score, Commentary",Hobart Hurricanes Innings,109,10,Xavier Doherty,4,0,15,1,0,0,3.75
45,"Dec 18, ",06:00 PM,"W.A.C.A. Ground, ",Perth,"Perth Scorchers vs Hobart Hurricanes, Match 4 - Live Cricket Score, Commentary",Hobart Hurricanes Innings,109,10,Rhett Lockyear,1,0,1,1,0,0,1.00
46,"Dec 18, ",06:00 PM,"W.A.C.A. Ground, ",Perth,"Perth Scorchers vs Hobart Hurricanes, Match 4 - Live Cricket Score, Commentary",Hobart Hurricanes Innings,109,10,Ben Laughlin,4,0,39,1,0,3,9.75
47,"Dec 18, ",06:00 PM,"W.A.C.A. Ground, ",Perth,"Perth Scorchers vs Hobart Hurricanes, Match 4 - Live Cricket Score, Commentary",Hobart Hurricanes Innings,109,10,Naved-ul-Hasan,3.5,0,27,2,0,1,7.71
48,"Dec 20, ",06:30 PM,"The Gabba, ",Brisbane,"Brisbane Heat vs Melbourne Stars, Match 5 - Live Cricket Score, Commentary",Brisbane Heat Innings,177,7,Nathan Hauritz,4,0,18,3,0,1,4.50
49,"Dec 20, ",06:30 PM,"The Gabba, ",Brisbane,"Brisbane Heat vs Melbourne Stars, Match 5 - Live Cricket Score, Commentary",Brisbane Heat Innings,177,7,Ryan Harris,4,0,31,1,0,0,7.75
50,"Dec 20, ",06:30 PM,"The Gabba, ",Brisbane,"Brisbane Heat vs Melbourne Stars, Match 5 - Live Cricket Score, Commentary",Brisbane Heat Innings,177,7,Daniel Christian,4,0,42,1,0,0,10.50
51,"Dec 20, ",06:30 PM,"The Gabba, ",Brisbane,"Brisbane Heat vs Melbourne Stars, Match 5 - Live Cricket Score, Commentary",Brisbane Heat Innings,177,7,Alister McDermott,4,0,29,0,0,0,7.25
52,"Dec 20, ",06:30 PM,"The Gabba, ",Brisbane,"Brisbane Heat vs Melbourne Stars, Match 5 - Live Cricket Score, Commentary",Brisbane Heat Innings,177,7,Nick Buchanan,1,0,16,0,0,0,16.00
53,"Dec 20, ",06:30 PM,"The Gabba, ",Brisbane,"Brisbane Heat vs Melbourne Stars, Match 5 - Live Cricket Score, Commentary",Brisbane Heat Innings,177,7,Michael Neser,3,0,39,0,0,1,13.00
54,"Dec 20, ",06:30 PM,"The Gabba, ",Brisbane,"Brisbane Heat vs Melbourne Stars, Match 5 - Live Cricket Score, Commentary",Melbourne Stars Innings,169,7,James Faulkner,4,0,36,1,0,1,9.00
55,"Dec 20, ",06:30 PM,"The Gabba, ",Brisbane,"Brisbane Heat vs Melbourne Stars, Match 5 - Live Cricket Score, Commentary",Melbourne Stars Innings,169,7,Jade Dernbach,4,0,44,1,0,1,11.00
56,"Dec 20, ",06:30 PM,"The Gabba, ",Brisbane,"Brisbane Heat vs Melbourne Stars, Match 5 - Live Cricket Score, Commentary",Melbourne Stars Innings,169,7,Clint McKay,4,0,22,3,1,1,5.50
57,"Dec 20, ",06:30 PM,"The Gabba, ",Brisbane,"Brisbane Heat vs Melbourne Stars, Match 5 - Live Cricket Score, Commentary",Melbourne Stars Innings,169,7,Luke Wright,4,0,42,0,0,2,10.50
58,"Dec 20, ",06:30 PM,"The Gabba, ",Brisbane,"Brisbane Heat vs Melbourne Stars, Match 5 - Live Cricket Score, Commentary",Melbourne Stars Innings,169,7,Shane Warne,4,0,22,1,0,0,5.50
59,"Dec 21, ",07:00 PM,"Bellerive Oval, ",Hobart,"Hobart Hurricanes vs Sydney Sixers, Match 6 - Live Cricket Score, Commentary",Sydney Sixers Innings,169,3,Brett Lee,4,0,19,0,0,1,4.75
60,"Dec 21, ",07:00 PM,"Bellerive Oval, ",Hobart,"Hobart Hurricanes vs Sydney Sixers, Match 6 - Live Cricket Score, Commentary",Sydney Sixers Innings,169,3,Mitchell Starc,4,0,35,2,0,0,8.75
61,"Dec 21, ",07:00 PM,"Bellerive Oval, ",Hobart,"Hobart Hurricanes vs Sydney Sixers, Match 6 - Live Cricket Score, Commentary",Sydney Sixers Innings,169,3,Josh Hazlewood,4,0,29,0,0,1,7.25
62,"Dec 21, ",07:00 PM,"Bellerive Oval, ",Hobart,"Hobart Hurricanes vs Sydney Sixers, Match 6 - Live Cricket Score, Commentary",Sydney Sixers Innings,169,3,Dominic Thornely,2,0,13,1,0,0,6.50
63,"Dec 21, ",07:00 PM,"Bellerive Oval, ",Hobart,"Hobart Hurricanes vs Sydney Sixers, Match 6 - Live Cricket Score, Commentary",Sydney Sixers Innings,169,3,Dwayne Bravo,2,0,23,0,0,0,11.50
64,"Dec 21, ",07:00 PM,"Bellerive Oval, ",Hobart,"Hobart Hurricanes vs Sydney Sixers, Match 6 - Live Cricket Score, Commentary",Sydney Sixers Innings,169,3,Stuart MacGill,2,0,17,0,0,0,8.50
65,"Dec 21, ",07:00 PM,"Bellerive Oval, ",Hobart,"Hobart Hurricanes vs Sydney Sixers, Match 6 - Live Cricket Score, Commentary",Sydney Sixers Innings,169,3,Moises Henriques,2,0,29,0,0,0,14.50
66,"Dec 21, ",07:00 PM,"Bellerive Oval, ",Hobart,"Hobart Hurricanes vs Sydney Sixers, Match 6 - Live Cricket Score, Commentary",Hobart Hurricanes Innings,127,9,Jason Krejza,4,0,20,2,0,0,5.00
67,"Dec 21, ",07:00 PM,"Bellerive Oval, ",Hobart,"Hobart Hurricanes vs Sydney Sixers, Match 6 - Live Cricket Score, Commentary",Hobart Hurricanes Innings,127,9,Ben Hilfenhaus,4,1,33,1,0,0,8.25
68,"Dec 21, ",07:00 PM,"Bellerive Oval, ",Hobart,"Hobart Hurricanes vs Sydney Sixers, Match 6 - Live Cricket Score, Commentary",Hobart Hurricanes Innings,127,9,Xavier Doherty,4,0,20,1,0,0,5.00
69,"Dec 21, ",07:00 PM,"Bellerive Oval, ",Hobart,"Hobart Hurricanes vs Sydney Sixers, Match 6 - Live Cricket Score, Commentary",Hobart Hurricanes Innings,127,9,Ben Laughlin,4,0,27,1,0,0,6.75
70,"Dec 21, ",07:00 PM,"Bellerive Oval, ",Hobart,"Hobart Hurricanes vs Sydney Sixers, Match 6 - Live Cricket Score, Commentary",Hobart Hurricanes Innings,127,9,Naved-ul-Hasan,4,0,22,4,0,2,5.50
71,"Dec 22, ",07:00 PM,"Docklands Stadium, ",Melbourne,"Melbourne Renegades vs Perth Scorchers, Match 7 - Live Cricket Score, Commentary",Perth Scorchers Innings,188,3,Michael Beer,4,0,28,2,0,2,7.00
72,"Dec 22, ",07:00 PM,"Docklands Stadium, ",Melbourne,"Melbourne Renegades vs Perth Scorchers, Match 7 - Live Cricket Score, Commentary",Perth Scorchers Innings,188,3,Nathan Rimmington,4,0,40,0,0,1,10.00
73,"Dec 22, ",07:00 PM,"Docklands Stadium, ",Melbourne,"Melbourne Renegades vs Perth Scorchers, Match 7 - Live Cricket Score, Commentary",Perth Scorchers Innings,188,3,Ben Edmondson,4,0,36,0,0,0,9.00
74,"Dec 22, ",07:00 PM,"Docklands Stadium, ",Melbourne,"Melbourne Renegades vs Perth Scorchers, Match 7 - Live Cricket Score, Commentary",Perth Scorchers Innings,188,3,Mitchell Marsh,2,0,26,0,0,1,13.00
75,"Dec 22, ",07:00 PM,"Docklands Stadium, ",Melbourne,"Melbourne Renegades vs Perth Scorchers, Match 7 - Live Cricket Score, Commentary",Perth Scorchers Innings,188,3,Brad Hogg,4,0,22,1,0,0,5.50
76,"Dec 22, ",07:00 PM,"Docklands Stadium, ",Melbourne,"Melbourne Renegades vs Perth Scorchers, Match 7 - Live Cricket Score, Commentary",Perth Scorchers Innings,188,3,Paul Collingwood,1,0,13,0,0,0,13.00
77,"Dec 22, ",07:00 PM,"Docklands Stadium, ",Melbourne,"Melbourne Renegades vs Perth Scorchers, Match 7 - Live Cricket Score, Commentary",Perth Scorchers Innings,188,3,Marcus North,1,0,22,0,0,0,22.00
78,"Dec 22, ",07:00 PM,"Docklands Stadium, ",Melbourne,"Melbourne Renegades vs Perth Scorchers, Match 7 - Live Cricket Score, Commentary",Melbourne Renegades Innings,192,2,Glenn Maxwell,3,0,24,0,0,0,8.00
79,"Dec 22, ",07:00 PM,"Docklands Stadium, ",Melbourne,"Melbourne Renegades vs Perth Scorchers, Match 7 - Live Cricket Score, Commentary",Melbourne Renegades Innings,192,2,Shaun Tait,4,0,40,0,1,1,10.00
80,"Dec 22, ",07:00 PM,"Docklands Stadium, ",Melbourne,"Melbourne Renegades vs Perth Scorchers, Match 7 - Live Cricket Score, Commentary",Melbourne Renegades Innings,192,2,Abdul Razzaq,2.2,0,34,0,0,0,15.45
81,"Dec 22, ",07:00 PM,"Docklands Stadium, ",Melbourne,"Melbourne Renegades vs Perth Scorchers, Match 7 - Live Cricket Score, Commentary",Melbourne Renegades Innings,192,2,Shane Harwood,4,0,31,1,0,2,7.75
82,"Dec 22, ",07:00 PM,"Docklands Stadium, ",Melbourne,"Melbourne Renegades vs Perth Scorchers, Match 7 - Live Cricket Score, Commentary",Melbourne Renegades Innings,192,2,Shahid Afridi,4,0,36,0,0,0,9.00
83,"Dec 22, ",07:00 PM,"Docklands Stadium, ",Melbourne,"Melbourne Renegades vs Perth Scorchers, Match 7 - Live Cricket Score, Commentary",Melbourne Renegades Innings,192,2,Andrew McDonald,2,0,21,1,0,0,10.50
84,"Dec 23, ",07:00 PM,"Stadium Australia, ","Homebush Bay, Sydney","Sydney Thunder vs Adelaide Strikers, Match 8 - Live Cricket Score, Commentary",Sydney Thunder Innings,155,8,Luke Doran,4,0,25,1,0,0,6.25
85,"Dec 23, ",07:00 PM,"Stadium Australia, ","Homebush Bay, Sydney","Sydney Thunder vs Adelaide Strikers, Match 8 - Live Cricket Score, Commentary",Sydney Thunder Innings,155,8,Fidel Edwards,4,0,35,2,0,0,8.75
86,"Dec 23, ",07:00 PM,"Stadium Australia, ","Homebush Bay, Sydney","Sydney Thunder vs Adelaide Strikers, Match 8 - Live Cricket Score, Commentary",Sydney Thunder Innings,155,8,Chris Gayle,1,0,9,0,0,0,9.00
87,"Dec 23, ",07:00 PM,"Stadium Australia, ","Homebush Bay, Sydney","Sydney Thunder vs Adelaide Strikers, Match 8 - Live Cricket Score, Commentary",Sydney Thunder Innings,155,8,Doug Bollinger,3,0,27,0,0,0,9.00
88,"Dec 23, ",07:00 PM,"Stadium Australia, ","Homebush Bay, Sydney","Sydney Thunder vs Adelaide Strikers, Match 8 - Live Cricket Score, Commentary",Sydney Thunder Innings,155,8,Scott Coyte,4,0,35,1,1,1,8.75
89,"Dec 23, ",07:00 PM,"Stadium Australia, ","Homebush Bay, Sydney","Sydney Thunder vs Adelaide Strikers, Match 8 - Live Cricket Score, Commentary",Sydney Thunder Innings,155,8,Sean Abbott,4,0,20,2,0,0,5.00
90,"Dec 23, ",07:00 PM,"Stadium Australia, ","Homebush Bay, Sydney","Sydney Thunder vs Adelaide Strikers, Match 8 - Live Cricket Score, Commentary",Adelaide Strikers Innings,156,4,Alfonso Thomas,4,0,27,0,0,0,6.75
91,"Dec 23, ",07:00 PM,"Stadium Australia, ","Homebush Bay, Sydney","Sydney Thunder vs Adelaide Strikers, Match 8 - Live Cricket Score, Commentary",Adelaide Strikers Innings,156,4,Johan Botha,3.3,1,23,1,0,0,6.97
92,"Dec 23, ",07:00 PM,"Stadium Australia, ","Homebush Bay, Sydney","Sydney Thunder vs Adelaide Strikers, Match 8 - Live Cricket Score, Commentary",Adelaide Strikers Innings,156,4,Kane Richardson,4,0,31,0,0,0,7.75
93,"Dec 23, ",07:00 PM,"Stadium Australia, ","Homebush Bay, Sydney","Sydney Thunder vs Adelaide Strikers, Match 8 - Live Cricket Score, Commentary",Adelaide Strikers Innings,156,4,Aaron O Brien,4,0,26,3,0,0,6.50
94,"Dec 23, ",07:00 PM,"Stadium Australia, ","Homebush Bay, Sydney","Sydney Thunder vs Adelaide Strikers, Match 8 - Live Cricket Score, Commentary",Adelaide Strikers Innings,156,4,Bryce McGain,2,0,21,0,0,0,10.50
95,"Dec 23, ",07:00 PM,"Stadium Australia, ","Homebush Bay, Sydney","Sydney Thunder vs Adelaide Strikers, Match 8 - Live Cricket Score, Commentary",Adelaide Strikers Innings,156,4,Cameron Borgas,1,0,20,0,0,0,20.00
96,"Dec 27, ",07:00 PM,"Sydney Cricket Ground, ",Sydney,"Sydney Sixers vs Melbourne Stars, Match 9 - Live Cricket Score, Commentary",Melbourne Stars Innings,166,9,James Faulkner,4,0,41,1,0,1,10.25
97,"Dec 27, ",07:00 PM,"Sydney Cricket Ground, ",Sydney,"Sydney Sixers vs Melbourne Stars, Match 9 - Live Cricket Score, Commentary",Melbourne Stars Innings,166,9,Chris Simpson,3,0,25,1,0,2,8.33
98,"Dec 27, ",07:00 PM,"Sydney Cricket Ground, ",Sydney,"Sydney Sixers vs Melbourne Stars, Match 9 - Live Cricket Score, Commentary",Melbourne Stars Innings,166,9,Clint McKay,4,0,35,2,0,0,8.75
99,"Dec 27, ",07:00 PM,"Sydney Cricket Ground, ",Sydney,"Sydney Sixers vs Melbourne Stars, Match 9 - Live Cricket Score, Commentary",Melbourne Stars Innings,166,9,Shane Warne,4,0,27,1,0,0,6.75
100,"Dec 27, ",07:00 PM,"Sydney Cricket Ground, ",Sydney,"Sydney Sixers vs Melbourne Stars, Match 9 - Live Cricket Score, Commentary",Melbourne Stars Innings,166,9,David Hussey,4,0,25,2,0,0,6.25
101,"Dec 27, ",07:00 PM,"Sydney Cricket Ground, ",Sydney,"Sydney Sixers vs Melbourne Stars, Match 9 - Live Cricket Score, Commentary",Melbourne Stars Innings,166,9,Luke Wright,1,0,12,0,0,0,12.00
102,"Dec 27, ",07:00 PM,"Sydney Cricket Ground, ",Sydney,"Sydney Sixers vs Melbourne Stars, Match 9 - Live Cricket Score, Commentary",Sydney Sixers Innings,164,8,Brett Lee,4,0,30,1,0,0,7.50
103,"Dec 27, ",07:00 PM,"Sydney Cricket Ground, ",Sydney,"Sydney Sixers vs Melbourne Stars, Match 9 - Live Cricket Score, Commentary",Sydney Sixers Innings,164,8,Dominic Thornely,4,0,29,1,0,0,7.25
104,"Dec 27, ",07:00 PM,"Sydney Cricket Ground, ",Sydney,"Sydney Sixers vs Melbourne Stars, Match 9 - Live Cricket Score, Commentary",Sydney Sixers Innings,164,8,Mitchell Starc,3,0,28,1,0,0,9.33
105,"Dec 27, ",07:00 PM,"Sydney Cricket Ground, ",Sydney,"Sydney Sixers vs Melbourne Stars, Match 9 - Live Cricket Score, Commentary",Sydney Sixers Innings,164,8,Stuart MacGill,4,0,36,1,0,0,9.00
106,"Dec 27, ",07:00 PM,"Sydney Cricket Ground, ",Sydney,"Sydney Sixers vs Melbourne Stars, Match 9 - Live Cricket Score, Commentary",Sydney Sixers Innings,164,8,Steven Smith,4,0,27,2,0,1,6.75
107,"Dec 27, ",07:00 PM,"Sydney Cricket Ground, ",Sydney,"Sydney Sixers vs Melbourne Stars, Match 9 - Live Cricket Score, Commentary",Sydney Sixers Innings,164,8,Moises Henriques,1,0,12,0,0,1,12.00
108,"Dec 28, ",07:00 PM,"Adelaide Oval, ",Adelaide,"Adelaide Strikers vs Hobart Hurricanes, Match 10 - Live Cricket Score, Commentary",Adelaide Strikers Innings,171,4,Alfonso Thomas,4,0,27,0,0,0,6.75
109,"Dec 28, ",07:00 PM,"Adelaide Oval, ",Adelaide,"Adelaide Strikers vs Hobart Hurricanes, Match 10 - Live Cricket Score, Commentary",Adelaide Strikers Innings,171,4,Johan Botha,4,0,28,2,0,1,7.00
110,"Dec 28, ",07:00 PM,"Adelaide Oval, ",Adelaide,"Adelaide Strikers vs Hobart Hurricanes, Match 10 - Live Cricket Score, Commentary",Adelaide Strikers Innings,171,4,Aaron O Brien,4,0,32,1,0,0,8.00
111,"Dec 28, ",07:00 PM,"Adelaide Oval, ",Adelaide,"Adelaide Strikers vs Hobart Hurricanes, Match 10 - Live Cricket Score, Commentary",Adelaide Strikers Innings,171,4,Kane Richardson,4,0,32,0,0,1,8.00
112,"Dec 28, ",07:00 PM,"Adelaide Oval, ",Adelaide,"Adelaide Strikers vs Hobart Hurricanes, Match 10 - Live Cricket Score, Commentary",Adelaide Strikers Innings,171,4,Bryce McGain,4,0,49,1,0,0,12.25
113,"Dec 28, ",07:00 PM,"Adelaide Oval, ",Adelaide,"Adelaide Strikers vs Hobart Hurricanes, Match 10 - Live Cricket Score, Commentary",Hobart Hurricanes Innings,157,8,Xavier Doherty,4,0,17,4,0,0,4.25
114,"Dec 28, ",07:00 PM,"Adelaide Oval, ",Adelaide,"Adelaide Strikers vs Hobart Hurricanes, Match 10 - Live Cricket Score, Commentary",Hobart Hurricanes Innings,157,8,Jason Krejza,4,0,40,1,0,0,10.00
115,"Dec 28, ",07:00 PM,"Adelaide Oval, ",Adelaide,"Adelaide Strikers vs Hobart Hurricanes, Match 10 - Live Cricket Score, Commentary",Hobart Hurricanes Innings,157,8,Rhett Lockyear,2,0,15,0,0,0,7.50
116,"Dec 28, ",07:00 PM,"Adelaide Oval, ",Adelaide,"Adelaide Strikers vs Hobart Hurricanes, Match 10 - Live Cricket Score, Commentary",Hobart Hurricanes Innings,157,8,Matt Johnston,2,0,9,0,0,0,4.50
117,"Dec 28, ",07:00 PM,"Adelaide Oval, ",Adelaide,"Adelaide Strikers vs Hobart Hurricanes, Match 10 - Live Cricket Score, Commentary",Hobart Hurricanes Innings,157,8,Ben Laughlin,4,0,26,0,0,0,6.50
118,"Dec 28, ",07:00 PM,"Adelaide Oval, ",Adelaide,"Adelaide Strikers vs Hobart Hurricanes, Match 10 - Live Cricket Score, Commentary",Hobart Hurricanes Innings,157,8,Naved-ul-Hasan,4,0,37,2,0,0,9.25
119,"Dec 29, ",06:00 PM,"W.A.C.A. Ground, ",Perth,"Perth Scorchers vs Brisbane Heat, Match 11 - Live Cricket Score, Commentary",Brisbane Heat Innings,162,8,Ryan Harris,4,0,35,1,0,0,8.75
120,"Dec 29, ",06:00 PM,"W.A.C.A. Ground, ",Perth,"Perth Scorchers vs Brisbane Heat, Match 11 - Live Cricket Score, Commentary",Brisbane Heat Innings,162,8,Nathan Hauritz,3,0,16,1,0,0,5.33
121,"Dec 29, ",06:00 PM,"W.A.C.A. Ground, ",Perth,"Perth Scorchers vs Brisbane Heat, Match 11 - Live Cricket Score, Commentary",Brisbane Heat Innings,162,8,Daniel Christian,4,0,27,2,0,0,6.75
122,"Dec 29, ",06:00 PM,"W.A.C.A. Ground, ",Perth,"Perth Scorchers vs Brisbane Heat, Match 11 - Live Cricket Score, Commentary",Brisbane Heat Innings,162,8,Michael Neser,3,0,23,2,0,1,7.67
123,"Dec 29, ",06:00 PM,"W.A.C.A. Ground, ",Perth,"Perth Scorchers vs Brisbane Heat, Match 11 - Live Cricket Score, Commentary",Brisbane Heat Innings,162,8,Alister McDermott,3,0,25,0,0,1,8.33
124,"Dec 29, ",06:00 PM,"W.A.C.A. Ground, ",Perth,"Perth Scorchers vs Brisbane Heat, Match 11 - Live Cricket Score, Commentary",Brisbane Heat Innings,162,8,Roelof van der Merwe,3,0,30,1,0,0,10.00
125,"Dec 29, ",06:00 PM,"W.A.C.A. Ground, ",Perth,"Perth Scorchers vs Brisbane Heat, Match 11 - Live Cricket Score, Commentary",Perth Scorchers Innings,152,6,Michael Beer,3,0,19,0,0,0,6.33
126,"Dec 29, ",06:00 PM,"W.A.C.A. Ground, ",Perth,"Perth Scorchers vs Brisbane Heat, Match 11 - Live Cricket Score, Commentary",Perth Scorchers Innings,152,6,Nathan Rimmington,4,0,36,2,0,3,9.00
127,"Dec 29, ",06:00 PM,"W.A.C.A. Ground, ",Perth,"Perth Scorchers vs Brisbane Heat, Match 11 - Live Cricket Score, Commentary",Perth Scorchers Innings,152,6,Nathan Coulter-Nile,4,0,28,0,0,1,7.00
128,"Dec 29, ",06:00 PM,"W.A.C.A. Ground, ",Perth,"Perth Scorchers vs Brisbane Heat, Match 11 - Live Cricket Score, Commentary",Perth Scorchers Innings,152,6,Ben Edmondson,4,0,33,2,0,0,8.25
129,"Dec 29, ",06:00 PM,"W.A.C.A. Ground, ",Perth,"Perth Scorchers vs Brisbane Heat, Match 11 - Live Cricket Score, Commentary",Perth Scorchers Innings,152,6,Mitchell Marsh,1,0,7,0,0,0,7.00
130,"Dec 29, ",06:00 PM,"W.A.C.A. Ground, ",Perth,"Perth Scorchers vs Brisbane Heat, Match 11 - Live Cricket Score, Commentary",Perth Scorchers Innings,152,6,Brad Hogg,4,0,26,1,0,0,6.50
131,"Dec 30, ",07:00 PM,"Stadium Australia, ","Homebush Bay, Sydney","Sydney Thunder vs Melbourne Renegades, Match 12 - Live Cricket Score, Commentary",Sydney Thunder Innings,140,8,Luke Doran,3,0,26,2,0,0,8.67
132,"Dec 30, ",07:00 PM,"Stadium Australia, ","Homebush Bay, Sydney","Sydney Thunder vs Melbourne Renegades, Match 12 - Live Cricket Score, Commentary",Sydney Thunder Innings,140,8,Chris Gayle,2,0,14,0,0,0,7.00
133,"Dec 30, ",07:00 PM,"Stadium Australia, ","Homebush Bay, Sydney","Sydney Thunder vs Melbourne Renegades, Match 12 - Live Cricket Score, Commentary",Sydney Thunder Innings,140,8,Scott Coyte,3,0,21,0,0,0,7.00
134,"Dec 30, ",07:00 PM,"Stadium Australia, ","Homebush Bay, Sydney","Sydney Thunder vs Melbourne Renegades, Match 12 - Live Cricket Score, Commentary",Sydney Thunder Innings,140,8,Fidel Edwards,4,0,30,1,0,3,7.50
135,"Dec 30, ",07:00 PM,"Stadium Australia, ","Homebush Bay, Sydney","Sydney Thunder vs Melbourne Renegades, Match 12 - Live Cricket Score, Commentary",Sydney Thunder Innings,140,8,Sean Abbott,4,0,21,2,0,0,5.25
136,"Dec 30, ",07:00 PM,"Stadium Australia, ","Homebush Bay, Sydney","Sydney Thunder vs Melbourne Renegades, Match 12 - Live Cricket Score, Commentary",Sydney Thunder Innings,140,8,Luke Butterworth,4,0,27,2,0,1,6.75
137,"Dec 30, ",07:00 PM,"Stadium Australia, ","Homebush Bay, Sydney","Sydney Thunder vs Melbourne Renegades, Match 12 - Live Cricket Score, Commentary",Melbourne Renegades Innings,134,7,Dirk Nannes,4,0,10,0,0,0,2.50
138,"Dec 30, ",07:00 PM,"Stadium Australia, ","Homebush Bay, Sydney","Sydney Thunder vs Melbourne Renegades, Match 12 - Live Cricket Score, Commentary",Melbourne Renegades Innings,134,7,Shaun Tait,4,0,31,2,0,2,7.75
139,"Dec 30, ",07:00 PM,"Stadium Australia, ","Homebush Bay, Sydney","Sydney Thunder vs Melbourne Renegades, Match 12 - Live Cricket Score, Commentary",Melbourne Renegades Innings,134,7,Shane Harwood,3,0,26,2,0,0,8.67
140,"Dec 30, ",07:00 PM,"Stadium Australia, ","Homebush Bay, Sydney","Sydney Thunder vs Melbourne Renegades, Match 12 - Live Cricket Score, Commentary",Melbourne Renegades Innings,134,7,Glenn Maxwell,1,0,17,0,0,0,17.00
141,"Dec 30, ",07:00 PM,"Stadium Australia, ","Homebush Bay, Sydney","Sydney Thunder vs Melbourne Renegades, Match 12 - Live Cricket Score, Commentary",Melbourne Renegades Innings,134,7,Abdul Razzaq,3,0,20,0,0,0,6.67
142,"Dec 30, ",07:00 PM,"Stadium Australia, ","Homebush Bay, Sydney","Sydney Thunder vs Melbourne Renegades, Match 12 - Live Cricket Score, Commentary",Melbourne Renegades Innings,134,7,Shahid Afridi,4,0,21,3,0,2,5.25
143,"Dec 30, ",07:00 PM,"Stadium Australia, ","Homebush Bay, Sydney","Sydney Thunder vs Melbourne Renegades, Match 12 - Live Cricket Score, Commentary",Melbourne Renegades Innings,134,7,Andrew McDonald,1,0,6,0,0,0,6.00
144,"Jan 01, ",07:00 PM,"Bellerive Oval, ",Hobart,"Hobart Hurricanes vs Sydney Thunder, Match 13 - Live Cricket Score, Commentary",Hobart Hurricanes Innings,138,8,Matt Johnston,4,0,20,1,0,1,5.00
145,"Jan 01, ",07:00 PM,"Bellerive Oval, ",Hobart,"Hobart Hurricanes vs Sydney Thunder, Match 13 - Live Cricket Score, Commentary",Hobart Hurricanes Innings,138,8,Jason Krejza,4,0,29,2,0,1,7.25
146,"Jan 01, ",07:00 PM,"Bellerive Oval, ",Hobart,"Hobart Hurricanes vs Sydney Thunder, Match 13 - Live Cricket Score, Commentary",Hobart Hurricanes Innings,138,8,Ben Laughlin,4,1,21,1,0,0,5.25
147,"Jan 01, ",07:00 PM,"Bellerive Oval, ",Hobart,"Hobart Hurricanes vs Sydney Thunder, Match 13 - Live Cricket Score, Commentary",Hobart Hurricanes Innings,138,8,Xavier Doherty,4,0,45,1,0,2,11.25
148,"Jan 01, ",07:00 PM,"Bellerive Oval, ",Hobart,"Hobart Hurricanes vs Sydney Thunder, Match 13 - Live Cricket Score, Commentary",Hobart Hurricanes Innings,138,8,Naved-ul-Hasan,4,0,22,3,0,1,5.50
149,"Jan 01, ",07:00 PM,"Bellerive Oval, ",Hobart,"Hobart Hurricanes vs Sydney Thunder, Match 13 - Live Cricket Score, Commentary",Sydney Thunder Innings,139,5,Fidel Edwards,4,0,33,2,0,0,8.25
150,"Jan 01, ",07:00 PM,"Bellerive Oval, ",Hobart,"Hobart Hurricanes vs Sydney Thunder, Match 13 - Live Cricket Score, Commentary",Sydney Thunder Innings,139,5,Luke Doran,3,0,23,0,0,0,7.67
151,"Jan 01, ",07:00 PM,"Bellerive Oval, ",Hobart,"Hobart Hurricanes vs Sydney Thunder, Match 13 - Live Cricket Score, Commentary",Sydney Thunder Innings,139,5,Luke Butterworth,3.4,0,25,1,1,2,7.35
152,"Jan 01, ",07:00 PM,"Bellerive Oval, ",Hobart,"Hobart Hurricanes vs Sydney Thunder, Match 13 - Live Cricket Score, Commentary",Sydney Thunder Innings,139,5,Chris Gayle,1,0,16,0,0,2,16.00
153,"Jan 01, ",07:00 PM,"Bellerive Oval, ",Hobart,"Hobart Hurricanes vs Sydney Thunder, Match 13 - Live Cricket Score, Commentary",Sydney Thunder Innings,139,5,Scott Coyte,4,0,14,2,0,0,3.50
154,"Jan 01, ",07:00 PM,"Bellerive Oval, ",Hobart,"Hobart Hurricanes vs Sydney Thunder, Match 13 - Live Cricket Score, Commentary",Sydney Thunder Innings,139,5,Sean Abbott,3,0,27,0,0,1,9.00
155,"Jan 02, ",07:00 PM,"Docklands Stadium, ",Melbourne,"Melbourne Renegades vs Sydney Sixers, Match 14 - Live Cricket Score, Commentary",Melbourne Renegades Innings,161,6,Glenn Maxwell,4,0,21,1,0,1,5.25
156,"Jan 02, ",07:00 PM,"Docklands Stadium, ",Melbourne,"Melbourne Renegades vs Sydney Sixers, Match 14 - Live Cricket Score, Commentary",Melbourne Renegades Innings,161,6,Dirk Nannes,4,0,36,2,0,1,9.00
157,"Jan 02, ",07:00 PM,"Docklands Stadium, ",Melbourne,"Melbourne Renegades vs Sydney Sixers, Match 14 - Live Cricket Score, Commentary",Melbourne Renegades Innings,161,6,Shaun Tait,2,0,21,0,0,0,10.50
158,"Jan 02, ",07:00 PM,"Docklands Stadium, ",Melbourne,"Melbourne Renegades vs Sydney Sixers, Match 14 - Live Cricket Score, Commentary",Melbourne Renegades Innings,161,6,Shahid Afridi,4,0,23,1,0,0,5.75
159,"Jan 02, ",07:00 PM,"Docklands Stadium, ",Melbourne,"Melbourne Renegades vs Sydney Sixers, Match 14 - Live Cricket Score, Commentary",Melbourne Renegades Innings,161,6,Andrew McDonald,2,0,19,0,0,0,9.50
160,"Jan 02, ",07:00 PM,"Docklands Stadium, ",Melbourne,"Melbourne Renegades vs Sydney Sixers, Match 14 - Live Cricket Score, Commentary",Melbourne Renegades Innings,161,6,Shane Harwood,3,0,28,2,0,0,9.33
161,"Jan 02, ",07:00 PM,"Docklands Stadium, ",Melbourne,"Melbourne Renegades vs Sydney Sixers, Match 14 - Live Cricket Score, Commentary",Melbourne Renegades Innings,161,6,Abdul Razzaq,1,0,8,0,0,0,8.00
162,"Jan 02, ",07:00 PM,"Docklands Stadium, ",Melbourne,"Melbourne Renegades vs Sydney Sixers, Match 14 - Live Cricket Score, Commentary",Sydney Sixers Innings,164,2,Brett Lee,3.4,0,42,0,0,3,12.35
163,"Jan 02, ",07:00 PM,"Docklands Stadium, ",Melbourne,"Melbourne Renegades vs Sydney Sixers, Match 14 - Live Cricket Score, Commentary",Sydney Sixers Innings,164,2,Josh Hazlewood,2,0,19,1,0,0,9.50
164,"Jan 02, ",07:00 PM,"Docklands Stadium, ",Melbourne,"Melbourne Renegades vs Sydney Sixers, Match 14 - Live Cricket Score, Commentary",Sydney Sixers Innings,164,2,Dominic Thornely,3,0,29,1,0,0,9.67
165,"Jan 02, ",07:00 PM,"Docklands Stadium, ",Melbourne,"Melbourne Renegades vs Sydney Sixers, Match 14 - Live Cricket Score, Commentary",Sydney Sixers Innings,164,2,Stuart MacGill,3,0,24,0,0,0,8.00
166,"Jan 02, ",07:00 PM,"Docklands Stadium, ",Melbourne,"Melbourne Renegades vs Sydney Sixers, Match 14 - Live Cricket Score, Commentary",Sydney Sixers Innings,164,2,Steven Smith,4,0,37,0,0,0,9.25
167,"Jan 02, ",07:00 PM,"Docklands Stadium, ",Melbourne,"Melbourne Renegades vs Sydney Sixers, Match 14 - Live Cricket Score, Commentary",Sydney Sixers Innings,164,2,Dwayne Bravo,2,0,12,0,0,0,6.00
168,"Jan 03, ",06:30 PM,"The Gabba, ",Brisbane,"Brisbane Heat vs Adelaide Strikers, Match 15 - Live Cricket Score, Commentary",Brisbane Heat Innings,166,4,Ryan Harris,4,0,29,0,0,1,7.25
169,"Jan 03, ",06:30 PM,"The Gabba, ",Brisbane,"Brisbane Heat vs Adelaide Strikers, Match 15 - Live Cricket Score, Commentary",Brisbane Heat Innings,166,4,Chris Lynn,1,0,12,0,0,0,12.00
170,"Jan 03, ",06:30 PM,"The Gabba, ",Brisbane,"Brisbane Heat vs Adelaide Strikers, Match 15 - Live Cricket Score, Commentary",Brisbane Heat Innings,166,4,Nathan Hauritz,4,0,40,1,0,0,10.00
171,"Jan 03, ",06:30 PM,"The Gabba, ",Brisbane,"Brisbane Heat vs Adelaide Strikers, Match 15 - Live Cricket Score, Commentary",Brisbane Heat Innings,166,4,Daniel Christian,4,0,34,0,0,1,8.50
172,"Jan 03, ",06:30 PM,"The Gabba, ",Brisbane,"Brisbane Heat vs Adelaide Strikers, Match 15 - Live Cricket Score, Commentary",Brisbane Heat Innings,166,4,Alister McDermott,4,0,31,2,0,0,7.75
173,"Jan 03, ",06:30 PM,"The Gabba, ",Brisbane,"Brisbane Heat vs Adelaide Strikers, Match 15 - Live Cricket Score, Commentary",Brisbane Heat Innings,166,4,Michael Neser,3,0,16,1,0,1,5.33
174,"Jan 03, ",06:30 PM,"The Gabba, ",Brisbane,"Brisbane Heat vs Adelaide Strikers, Match 15 - Live Cricket Score, Commentary",Adelaide Strikers Innings,135,10,Alfonso Thomas,3,0,26,1,0,2,8.67
175,"Jan 03, ",06:30 PM,"The Gabba, ",Brisbane,"Brisbane Heat vs Adelaide Strikers, Match 15 - Live Cricket Score, Commentary",Adelaide Strikers Innings,135,10,Kane Richardson,2,1,2,2,0,0,1.00
176,"Jan 03, ",06:30 PM,"The Gabba, ",Brisbane,"Brisbane Heat vs Adelaide Strikers, Match 15 - Live Cricket Score, Commentary",Adelaide Strikers Innings,135,10,Brendan Drew,4,0,27,2,0,2,6.75
177,"Jan 03, ",06:30 PM,"The Gabba, ",Brisbane,"Brisbane Heat vs Adelaide Strikers, Match 15 - Live Cricket Score, Commentary",Adelaide Strikers Innings,135,10,Aaron O Brien,4,0,27,0,0,0,6.75
178,"Jan 03, ",06:30 PM,"The Gabba, ",Brisbane,"Brisbane Heat vs Adelaide Strikers, Match 15 - Live Cricket Score, Commentary",Adelaide Strikers Innings,135,10,James Muirhead,2,0,17,2,1,0,8.50
179,"Jan 03, ",06:30 PM,"The Gabba, ",Brisbane,"Brisbane Heat vs Adelaide Strikers, Match 15 - Live Cricket Score, Commentary",Adelaide Strikers Innings,135,10,Johan Botha,3,0,30,0,0,0,10.00
180,"Jan 04, ",07:00 PM,"Melbourne Cricket Ground, ",Melbourne,"Melbourne Stars vs Perth Scorchers, Match 16 - Live Cricket Score, Commentary",Melbourne Stars Innings,136,10,David Hussey,3,0,20,1,0,0,6.67
181,"Jan 04, ",07:00 PM,"Melbourne Cricket Ground, ",Melbourne,"Melbourne Stars vs Perth Scorchers, Match 16 - Live Cricket Score, Commentary",Melbourne Stars Innings,136,10,Jackson Bird,4,0,32,1,1,0,8.00
182,"Jan 04, ",07:00 PM,"Melbourne Cricket Ground, ",Melbourne,"Melbourne Stars vs Perth Scorchers, Match 16 - Live Cricket Score, Commentary",Melbourne Stars Innings,136,10,James Faulkner,4,0,17,3,0,0,4.25
183,"Jan 04, ",07:00 PM,"Melbourne Cricket Ground, ",Melbourne,"Melbourne Stars vs Perth Scorchers, Match 16 - Live Cricket Score, Commentary",Melbourne Stars Innings,136,10,Clint McKay,4,0,28,0,0,0,7.00
184,"Jan 04, ",07:00 PM,"Melbourne Cricket Ground, ",Melbourne,"Melbourne Stars vs Perth Scorchers, Match 16 - Live Cricket Score, Commentary",Melbourne Stars Innings,136,10,Luke Wright,1,0,7,0,0,0,7.00
185,"Jan 04, ",07:00 PM,"Melbourne Cricket Ground, ",Melbourne,"Melbourne Stars vs Perth Scorchers, Match 16 - Live Cricket Score, Commentary",Melbourne Stars Innings,136,10,Shane Warne,4,0,30,2,0,0,7.50
186,"Jan 04, ",07:00 PM,"Melbourne Cricket Ground, ",Melbourne,"Melbourne Stars vs Perth Scorchers, Match 16 - Live Cricket Score, Commentary",Perth Scorchers Innings,128,5,Michael Beer,2,0,13,0,0,0,6.50
187,"Jan 04, ",07:00 PM,"Melbourne Cricket Ground, ",Melbourne,"Melbourne Stars vs Perth Scorchers, Match 16 - Live Cricket Score, Commentary",Perth Scorchers Innings,128,5,Nathan Rimmington,4,0,22,0,0,1,5.50
188,"Jan 04, ",07:00 PM,"Melbourne Cricket Ground, ",Melbourne,"Melbourne Stars vs Perth Scorchers, Match 16 - Live Cricket Score, Commentary",Perth Scorchers Innings,128,5,Ben Edmondson,4,0,27,1,0,2,6.75
189,"Jan 04, ",07:00 PM,"Melbourne Cricket Ground, ",Melbourne,"Melbourne Stars vs Perth Scorchers, Match 16 - Live Cricket Score, Commentary",Perth Scorchers Innings,128,5,Nathan Coulter-Nile,3,0,20,2,0,2,6.67
190,"Jan 04, ",07:00 PM,"Melbourne Cricket Ground, ",Melbourne,"Melbourne Stars vs Perth Scorchers, Match 16 - Live Cricket Score, Commentary",Perth Scorchers Innings,128,5,Mitchell Marsh,4,0,22,1,0,1,5.50
191,"Jan 04, ",07:00 PM,"Melbourne Cricket Ground, ",Melbourne,"Melbourne Stars vs Perth Scorchers, Match 16 - Live Cricket Score, Commentary",Perth Scorchers Innings,128,5,Brad Hogg,3,0,20,0,0,0,6.67
192,"Jan 06, ",06:30 PM,"The Gabba, ",Brisbane,"Brisbane Heat vs Hobart Hurricanes, Match 17 - Live Cricket Score, Commentary",Hobart Hurricanes Innings,201,4,Matt Johnston,3,0,35,0,3,4,11.67
193,"Jan 06, ",06:30 PM,"The Gabba, ",Brisbane,"Brisbane Heat vs Hobart Hurricanes, Match 17 - Live Cricket Score, Commentary",Hobart Hurricanes Innings,201,4,Jason Krejza,4,0,36,1,0,0,9.00
194,"Jan 06, ",06:30 PM,"The Gabba, ",Brisbane,"Brisbane Heat vs Hobart Hurricanes, Match 17 - Live Cricket Score, Commentary",Hobart Hurricanes Innings,201,4,Xavier Doherty,4,0,39,0,0,0,9.75
195,"Jan 06, ",06:30 PM,"The Gabba, ",Brisbane,"Brisbane Heat vs Hobart Hurricanes, Match 17 - Live Cricket Score, Commentary",Hobart Hurricanes Innings,201,4,Ben Laughlin,4,0,29,0,0,0,7.25
196,"Jan 06, ",06:30 PM,"The Gabba, ",Brisbane,"Brisbane Heat vs Hobart Hurricanes, Match 17 - Live Cricket Score, Commentary",Hobart Hurricanes Innings,201,4,Naved-ul-Hasan,4,0,42,1,1,1,10.50
197,"Jan 06, ",06:30 PM,"The Gabba, ",Brisbane,"Brisbane Heat vs Hobart Hurricanes, Match 17 - Live Cricket Score, Commentary",Hobart Hurricanes Innings,201,4,Rhett Lockyear,1,0,13,1,0,0,13.00
198,"Jan 06, ",06:30 PM,"The Gabba, ",Brisbane,"Brisbane Heat vs Hobart Hurricanes, Match 17 - Live Cricket Score, Commentary",Brisbane Heat Innings,198,4,Daniel Christian,4,0,41,0,0,0,10.25
199,"Jan 06, ",06:30 PM,"The Gabba, ",Brisbane,"Brisbane Heat vs Hobart Hurricanes, Match 17 - Live Cricket Score, Commentary",Brisbane Heat Innings,198,4,Alister McDermott,4,0,35,1,0,1,8.75
200,"Jan 06, ",06:30 PM,"The Gabba, ",Brisbane,"Brisbane Heat vs Hobart Hurricanes, Match 17 - Live Cricket Score, Commentary",Brisbane Heat Innings,198,4,Roelof van der Merwe,3,0,23,1,0,0,7.67
201,"Jan 06, ",06:30 PM,"The Gabba, ",Brisbane,"Brisbane Heat vs Hobart Hurricanes, Match 17 - Live Cricket Score, Commentary",Brisbane Heat Innings,198,4,Michael Neser,4,0,35,0,0,0,8.75
202,"Jan 06, ",06:30 PM,"The Gabba, ",Brisbane,"Brisbane Heat vs Hobart Hurricanes, Match 17 - Live Cricket Score, Commentary",Brisbane Heat Innings,198,4,Daniel Vettori,3,0,38,1,0,0,12.67
203,"Jan 06, ",06:30 PM,"The Gabba, ",Brisbane,"Brisbane Heat vs Hobart Hurricanes, Match 17 - Live Cricket Score, Commentary",Brisbane Heat Innings,198,4,Nathan Hauritz,2,0,24,0,0,1,12.00
204,"Jan 07, ",07:00 PM,"Melbourne Cricket Ground, ",Melbourne,"Melbourne Stars vs Melbourne Renegades, Match 18 - Live Cricket Score, Commentary",Melbourne Renegades Innings,167,5,Glenn Maxwell,2,0,15,0,0,0,7.50
205,"Jan 07, ",07:00 PM,"Melbourne Cricket Ground, ",Melbourne,"Melbourne Stars vs Melbourne Renegades, Match 18 - Live Cricket Score, Commentary",Melbourne Renegades Innings,167,5,Dirk Nannes,4,1,32,1,0,2,8.00
206,"Jan 07, ",07:00 PM,"Melbourne Cricket Ground, ",Melbourne,"Melbourne Stars vs Melbourne Renegades, Match 18 - Live Cricket Score, Commentary",Melbourne Renegades Innings,167,5,Shaun Tait,3,0,31,1,3,3,10.33
207,"Jan 07, ",07:00 PM,"Melbourne Cricket Ground, ",Melbourne,"Melbourne Stars vs Melbourne Renegades, Match 18 - Live Cricket Score, Commentary",Melbourne Renegades Innings,167,5,Shane Harwood,3,0,21,1,0,0,7.00
208,"Jan 07, ",07:00 PM,"Melbourne Cricket Ground, ",Melbourne,"Melbourne Stars vs Melbourne Renegades, Match 18 - Live Cricket Score, Commentary",Melbourne Renegades Innings,167,5,Shahid Afridi,4,0,20,2,0,0,5.00
209,"Jan 07, ",07:00 PM,"Melbourne Cricket Ground, ",Melbourne,"Melbourne Stars vs Melbourne Renegades, Match 18 - Live Cricket Score, Commentary",Melbourne Renegades Innings,167,5,Andrew McDonald,2,0,20,0,0,0,10.00
210,"Jan 07, ",07:00 PM,"Melbourne Cricket Ground, ",Melbourne,"Melbourne Stars vs Melbourne Renegades, Match 18 - Live Cricket Score, Commentary",Melbourne Renegades Innings,167,5,Brad Hodge,2,0,26,0,0,0,13.00
211,"Jan 07, ",07:00 PM,"Melbourne Cricket Ground, ",Melbourne,"Melbourne Stars vs Melbourne Renegades, Match 18 - Live Cricket Score, Commentary",Melbourne Stars Innings,58,3,Jackson Bird,3,0,17,1,0,0,5.67
212,"Jan 07, ",07:00 PM,"Melbourne Cricket Ground, ",Melbourne,"Melbourne Stars vs Melbourne Renegades, Match 18 - Live Cricket Score, Commentary",Melbourne Stars Innings,58,3,David Hussey,2,0,16,1,1,1,8.00
213,"Jan 07, ",07:00 PM,"Melbourne Cricket Ground, ",Melbourne,"Melbourne Stars vs Melbourne Renegades, Match 18 - Live Cricket Score, Commentary",Melbourne Stars Innings,58,3,James Faulkner,1,0,4,0,0,0,4.00
214,"Jan 07, ",07:00 PM,"Melbourne Cricket Ground, ",Melbourne,"Melbourne Stars vs Melbourne Renegades, Match 18 - Live Cricket Score, Commentary",Melbourne Stars Innings,58,3,Clint McKay,1.1,0,7,0,0,0,6.36
215,"Jan 07, ",07:00 PM,"Melbourne Cricket Ground, ",Melbourne,"Melbourne Stars vs Melbourne Renegades, Match 18 - Live Cricket Score, Commentary",Melbourne Stars Innings,58,3,Shane Warne,1,0,4,1,0,0,4.00
216,"Jan 08, ",06:00 PM,"Stadium Australia, ","Homebush Bay, Sydney","Sydney Thunder vs Sydney Sixers, Match 19 - Live Cricket Score, Commentary",Sydney Thunder Innings,117,7,Fidel Edwards,4,0,21,1,0,1,5.25
217,"Jan 08, ",06:00 PM,"Stadium Australia, ","Homebush Bay, Sydney","Sydney Thunder vs Sydney Sixers, Match 19 - Live Cricket Score, Commentary",Sydney Thunder Innings,117,7,Luke Doran,1,0,6,0,0,0,6.00
218,"Jan 08, ",06:00 PM,"Stadium Australia, ","Homebush Bay, Sydney","Sydney Thunder vs Sydney Sixers, Match 19 - Live Cricket Score, Commentary",Sydney Thunder Innings,117,7,Luke Butterworth,3,0,31,1,0,0,10.33
219,"Jan 08, ",06:00 PM,"Stadium Australia, ","Homebush Bay, Sydney","Sydney Thunder vs Sydney Sixers, Match 19 - Live Cricket Score, Commentary",Sydney Thunder Innings,117,7,Scott Coyte,3,0,21,1,1,2,7.00
220,"Jan 08, ",06:00 PM,"Stadium Australia, ","Homebush Bay, Sydney","Sydney Thunder vs Sydney Sixers, Match 19 - Live Cricket Score, Commentary",Sydney Thunder Innings,117,7,Sean Abbott,2,0,17,2,0,0,8.50
221,"Jan 08, ",06:00 PM,"Stadium Australia, ","Homebush Bay, Sydney","Sydney Thunder vs Sydney Sixers, Match 19 - Live Cricket Score, Commentary",Sydney Thunder Innings,117,7,Chris Gayle,3,0,18,1,0,0,6.00
222,"Jan 08, ",06:00 PM,"Stadium Australia, ","Homebush Bay, Sydney","Sydney Thunder vs Sydney Sixers, Match 19 - Live Cricket Score, Commentary",Sydney Sixers Innings,29,4,Brett Lee,3,1,11,1,0,1,3.67
223,"Jan 08, ",06:00 PM,"Stadium Australia, ","Homebush Bay, Sydney","Sydney Thunder vs Sydney Sixers, Match 19 - Live Cricket Score, Commentary",Sydney Sixers Innings,29,4,Mitchell Starc,2.3,0,17,3,1,0,7.39
224,"Jan 08, ",06:00 PM,"W.A.C.A. Ground, ",Perth,"Perth Scorchers vs Adelaide Strikers, Match 20 - Live Cricket Score, Commentary",Adelaide Strikers Innings,184,5,Alfonso Thomas,4,0,32,1,0,0,8.00
225,"Jan 08, ",06:00 PM,"W.A.C.A. Ground, ",Perth,"Perth Scorchers vs Adelaide Strikers, Match 20 - Live Cricket Score, Commentary",Adelaide Strikers Innings,184,5,Brendan Drew,4,0,37,1,1,0,9.25
226,"Jan 08, ",06:00 PM,"W.A.C.A. Ground, ",Perth,"Perth Scorchers vs Adelaide Strikers, Match 20 - Live Cricket Score, Commentary",Adelaide Strikers Innings,184,5,Aaron O Brien,4,0,24,0,0,1,6.00
227,"Jan 08, ",06:00 PM,"W.A.C.A. Ground, ",Perth,"Perth Scorchers vs Adelaide Strikers, Match 20 - Live Cricket Score, Commentary",Adelaide Strikers Innings,184,5,Daniel Salpietro,4,0,37,0,0,0,9.25
228,"Jan 08, ",06:00 PM,"W.A.C.A. Ground, ",Perth,"Perth Scorchers vs Adelaide Strikers, Match 20 - Live Cricket Score, Commentary",Adelaide Strikers Innings,184,5,Daniel Harris,1,0,15,0,1,0,15.00
229,"Jan 08, ",06:00 PM,"W.A.C.A. Ground, ",Perth,"Perth Scorchers vs Adelaide Strikers, Match 20 - Live Cricket Score, Commentary",Adelaide Strikers Innings,184,5,James Muirhead,3,0,37,2,0,0,12.33
230,"Jan 08, ",06:00 PM,"W.A.C.A. Ground, ",Perth,"Perth Scorchers vs Adelaide Strikers, Match 20 - Live Cricket Score, Commentary",Perth Scorchers Innings,142,10,Michael Beer,4,0,22,1,0,2,5.50
231,"Jan 08, ",06:00 PM,"W.A.C.A. Ground, ",Perth,"Perth Scorchers vs Adelaide Strikers, Match 20 - Live Cricket Score, Commentary",Perth Scorchers Innings,142,10,Nathan Rimmington,3.3,0,18,2,0,0,5.45
232,"Jan 08, ",06:00 PM,"W.A.C.A. Ground, ",Perth,"Perth Scorchers vs Adelaide Strikers, Match 20 - Live Cricket Score, Commentary",Perth Scorchers Innings,142,10,Ben Edmondson,4,0,38,1,0,0,9.50
233,"Jan 08, ",06:00 PM,"W.A.C.A. Ground, ",Perth,"Perth Scorchers vs Adelaide Strikers, Match 20 - Live Cricket Score, Commentary",Perth Scorchers Innings,142,10,Nathan Coulter-Nile,3,0,28,2,0,2,9.33
234,"Jan 08, ",06:00 PM,"W.A.C.A. Ground, ",Perth,"Perth Scorchers vs Adelaide Strikers, Match 20 - Live Cricket Score, Commentary",Perth Scorchers Innings,142,10,Mitchell Marsh,1,0,9,0,0,0,9.00
235,"Jan 08, ",06:00 PM,"W.A.C.A. Ground, ",Perth,"Perth Scorchers vs Adelaide Strikers, Match 20 - Live Cricket Score, Commentary",Perth Scorchers Innings,142,10,Brad Hogg,4,0,20,3,0,1,5.00
236,"Jan 09, ",07:00 PM,"Bellerive Oval, ",Hobart,"Hobart Hurricanes vs Melbourne Stars, Match 21 - Live Cricket Score, Commentary",Hobart Hurricanes Innings,203,3,Matt Johnston,3,0,27,0,0,0,9.00
237,"Jan 09, ",07:00 PM,"Bellerive Oval, ",Hobart,"Hobart Hurricanes vs Melbourne Stars, Match 21 - Live Cricket Score, Commentary",Hobart Hurricanes Innings,203,3,Michael Hogan,4,0,35,0,0,2,8.75
238,"Jan 09, ",07:00 PM,"Bellerive Oval, ",Hobart,"Hobart Hurricanes vs Melbourne Stars, Match 21 - Live Cricket Score, Commentary",Hobart Hurricanes Innings,203,3,Xavier Doherty,3,0,32,0,0,0,10.67
239,"Jan 09, ",07:00 PM,"Bellerive Oval, ",Hobart,"Hobart Hurricanes vs Melbourne Stars, Match 21 - Live Cricket Score, Commentary",Hobart Hurricanes Innings,203,3,Ben Laughlin,4,0,34,1,0,1,8.50
240,"Jan 09, ",07:00 PM,"Bellerive Oval, ",Hobart,"Hobart Hurricanes vs Melbourne Stars, Match 21 - Live Cricket Score, Commentary",Hobart Hurricanes Innings,203,3,Rhett Lockyear,2,0,34,0,0,1,17.00
241,"Jan 09, ",07:00 PM,"Bellerive Oval, ",Hobart,"Hobart Hurricanes vs Melbourne Stars, Match 21 - Live Cricket Score, Commentary",Hobart Hurricanes Innings,203,3,Naved-ul-Hasan,4,0,38,2,0,1,9.50
242,"Jan 09, ",07:00 PM,"Bellerive Oval, ",Hobart,"Hobart Hurricanes vs Melbourne Stars, Match 21 - Live Cricket Score, Commentary",Melbourne Stars Innings,184,9,David Hussey,4,0,28,2,0,0,7.00
243,"Jan 09, ",07:00 PM,"Bellerive Oval, ",Hobart,"Hobart Hurricanes vs Melbourne Stars, Match 21 - Live Cricket Score, Commentary",Melbourne Stars Innings,184,9,Jackson Bird,4,0,36,0,0,0,9.00
244,"Jan 09, ",07:00 PM,"Bellerive Oval, ",Hobart,"Hobart Hurricanes vs Melbourne Stars, Match 21 - Live Cricket Score, Commentary",Melbourne Stars Innings,184,9,Clint McKay,4,0,47,1,2,0,11.75
245,"Jan 09, ",07:00 PM,"Bellerive Oval, ",Hobart,"Hobart Hurricanes vs Melbourne Stars, Match 21 - Live Cricket Score, Commentary",Melbourne Stars Innings,184,9,Shane Warne,4,0,23,2,0,0,5.75
246,"Jan 09, ",07:00 PM,"Bellerive Oval, ",Hobart,"Hobart Hurricanes vs Melbourne Stars, Match 21 - Live Cricket Score, Commentary",Melbourne Stars Innings,184,9,James Faulkner,4,0,46,4,0,1,11.50
247,"Jan 10, ",07:00 PM,"Adelaide Oval, ",Adelaide,"Adelaide Strikers vs Sydney Sixers, Match 22 - Live Cricket Score, Commentary",Adelaide Strikers Innings,151,8,Kane Richardson,4,0,42,0,0,2,10.50
248,"Jan 10, ",07:00 PM,"Adelaide Oval, ",Adelaide,"Adelaide Strikers vs Sydney Sixers, Match 22 - Live Cricket Score, Commentary",Adelaide Strikers Innings,151,8,Alfonso Thomas,4,0,24,3,0,1,6.00
249,"Jan 10, ",07:00 PM,"Adelaide Oval, ",Adelaide,"Adelaide Strikers vs Sydney Sixers, Match 22 - Live Cricket Score, Commentary",Adelaide Strikers Innings,151,8,Aaron O Brien,4,0,26,0,0,1,6.50
250,"Jan 10, ",07:00 PM,"Adelaide Oval, ",Adelaide,"Adelaide Strikers vs Sydney Sixers, Match 22 - Live Cricket Score, Commentary",Adelaide Strikers Innings,151,8,Brendan Drew,4,0,26,1,0,1,6.50
251,"Jan 10, ",07:00 PM,"Adelaide Oval, ",Adelaide,"Adelaide Strikers vs Sydney Sixers, Match 22 - Live Cricket Score, Commentary",Adelaide Strikers Innings,151,8,Daniel Salpietro,4,0,28,1,0,0,7.00
252,"Jan 10, ",07:00 PM,"Adelaide Oval, ",Adelaide,"Adelaide Strikers vs Sydney Sixers, Match 22 - Live Cricket Score, Commentary",Sydney Sixers Innings,87,10,Brett Lee,2.4,0,17,2,0,0,7.08
253,"Jan 10, ",07:00 PM,"Adelaide Oval, ",Adelaide,"Adelaide Strikers vs Sydney Sixers, Match 22 - Live Cricket Score, Commentary",Sydney Sixers Innings,87,10,Dominic Thornely,1,0,4,0,0,0,4.00
254,"Jan 10, ",07:00 PM,"Adelaide Oval, ",Adelaide,"Adelaide Strikers vs Sydney Sixers, Match 22 - Live Cricket Score, Commentary",Sydney Sixers Innings,87,10,Moises Henriques,1,0,6,0,0,0,6.00
255,"Jan 10, ",07:00 PM,"Adelaide Oval, ",Adelaide,"Adelaide Strikers vs Sydney Sixers, Match 22 - Live Cricket Score, Commentary",Sydney Sixers Innings,87,10,Steve OKeefe,4,0,20,3,0,1,5.00
256,"Jan 10, ",07:00 PM,"Adelaide Oval, ",Adelaide,"Adelaide Strikers vs Sydney Sixers, Match 22 - Live Cricket Score, Commentary",Sydney Sixers Innings,87,10,Nathan McCullum,2,0,8,2,0,0,4.00
257,"Jan 10, ",07:00 PM,"Adelaide Oval, ",Adelaide,"Adelaide Strikers vs Sydney Sixers, Match 22 - Live Cricket Score, Commentary",Sydney Sixers Innings,87,10,Stuart MacGill,4,0,12,2,0,1,3.00
258,"Jan 10, ",07:00 PM,"Adelaide Oval, ",Adelaide,"Adelaide Strikers vs Sydney Sixers, Match 22 - Live Cricket Score, Commentary",Sydney Sixers Innings,87,10,Steven Smith,4,0,18,1,0,0,4.50
259,"Jan 11, ",07:00 PM,"Stadium Australia, ","Homebush Bay, Sydney","Sydney Thunder vs Perth Scorchers, Match 23 - Live Cricket Score, Commentary",Perth Scorchers Innings,99,10,Nathan Rimmington,4,0,19,1,0,0,4.75
260,"Jan 11, ",07:00 PM,"Stadium Australia, ","Homebush Bay, Sydney","Sydney Thunder vs Perth Scorchers, Match 23 - Live Cricket Score, Commentary",Perth Scorchers Innings,99,10,Ben Edmondson,3.2,0,21,0,0,1,6.56
261,"Jan 11, ",07:00 PM,"Stadium Australia, ","Homebush Bay, Sydney","Sydney Thunder vs Perth Scorchers, Match 23 - Live Cricket Score, Commentary",Perth Scorchers Innings,99,10,Nathan Coulter-Nile,3,0,9,3,0,0,3.00
262,"Jan 11, ",07:00 PM,"Stadium Australia, ","Homebush Bay, Sydney","Sydney Thunder vs Perth Scorchers, Match 23 - Live Cricket Score, Commentary",Perth Scorchers Innings,99,10,Mitchell Marsh,1,0,12,0,0,0,12.00
263,"Jan 11, ",07:00 PM,"Stadium Australia, ","Homebush Bay, Sydney","Sydney Thunder vs Perth Scorchers, Match 23 - Live Cricket Score, Commentary",Perth Scorchers Innings,99,10,Brad Hogg,4,1,8,2,0,1,2.00
264,"Jan 11, ",07:00 PM,"Stadium Australia, ","Homebush Bay, Sydney","Sydney Thunder vs Perth Scorchers, Match 23 - Live Cricket Score, Commentary",Perth Scorchers Innings,99,10,Michael Beer,4,0,29,0,0,1,7.25
265,"Jan 11, ",07:00 PM,"Stadium Australia, ","Homebush Bay, Sydney","Sydney Thunder vs Perth Scorchers, Match 23 - Live Cricket Score, Commentary",Sydney Thunder Innings,103,1,Scott Coyte,3.1,0,19,1,0,0,6.13
266,"Jan 11, ",07:00 PM,"Stadium Australia, ","Homebush Bay, Sydney","Sydney Thunder vs Perth Scorchers, Match 23 - Live Cricket Score, Commentary",Sydney Thunder Innings,103,1,Luke Doran,4,0,14,0,0,0,3.50
267,"Jan 11, ",07:00 PM,"Stadium Australia, ","Homebush Bay, Sydney","Sydney Thunder vs Perth Scorchers, Match 23 - Live Cricket Score, Commentary",Sydney Thunder Innings,103,1,Chris Gayle,1,0,7,0,0,0,7.00
268,"Jan 11, ",07:00 PM,"Stadium Australia, ","Homebush Bay, Sydney","Sydney Thunder vs Perth Scorchers, Match 23 - Live Cricket Score, Commentary",Sydney Thunder Innings,103,1,Sean Abbott,1,0,11,0,0,0,11.00
269,"Jan 11, ",07:00 PM,"Stadium Australia, ","Homebush Bay, Sydney","Sydney Thunder vs Perth Scorchers, Match 23 - Live Cricket Score, Commentary",Sydney Thunder Innings,103,1,Jason Floros,2,0,22,0,0,0,11.00
270,"Jan 11, ",07:00 PM,"Stadium Australia, ","Homebush Bay, Sydney","Sydney Thunder vs Perth Scorchers, Match 23 - Live Cricket Score, Commentary",Sydney Thunder Innings,103,1,Trent Copeland,2,0,20,0,0,0,10.00
271,"Jan 11, ",07:00 PM,"Stadium Australia, ","Homebush Bay, Sydney","Sydney Thunder vs Perth Scorchers, Match 23 - Live Cricket Score, Commentary",Sydney Thunder Innings,103,1,Luke Butterworth,1,0,10,0,0,0,10.00
272,"Jan 12, ",07:00 PM,"Docklands Stadium, ",Melbourne,"Melbourne Renegades vs Brisbane Heat, Match 24 - Live Cricket Score, Commentary",Melbourne Renegades Innings,168,7,Dirk Nannes,4,0,34,1,1,1,8.50
273,"Jan 12, ",07:00 PM,"Docklands Stadium, ",Melbourne,"Melbourne Renegades vs Brisbane Heat, Match 24 - Live Cricket Score, Commentary",Melbourne Renegades Innings,168,7,Glenn Maxwell,1,0,2,0,0,0,2.00
274,"Jan 12, ",07:00 PM,"Docklands Stadium, ",Melbourne,"Melbourne Renegades vs Brisbane Heat, Match 24 - Live Cricket Score, Commentary",Melbourne Renegades Innings,168,7,Abdul Razzaq,3,0,36,1,0,0,12.00
275,"Jan 12, ",07:00 PM,"Docklands Stadium, ",Melbourne,"Melbourne Renegades vs Brisbane Heat, Match 24 - Live Cricket Score, Commentary",Melbourne Renegades Innings,168,7,Shahid Afridi,4,0,35,3,0,0,8.75
276,"Jan 12, ",07:00 PM,"Docklands Stadium, ",Melbourne,"Melbourne Renegades vs Brisbane Heat, Match 24 - Live Cricket Score, Commentary",Melbourne Renegades Innings,168,7,Shane Harwood,4,0,34,1,0,0,8.50
277,"Jan 12, ",07:00 PM,"Docklands Stadium, ",Melbourne,"Melbourne Renegades vs Brisbane Heat, Match 24 - Live Cricket Score, Commentary",Melbourne Renegades Innings,168,7,Aaron Heal,4,0,21,1,0,0,5.25
278,"Jan 12, ",07:00 PM,"Docklands Stadium, ",Melbourne,"Melbourne Renegades vs Brisbane Heat, Match 24 - Live Cricket Score, Commentary",Brisbane Heat Innings,156,9,Daniel Vettori,4,0,27,0,0,2,6.75
279,"Jan 12, ",07:00 PM,"Docklands Stadium, ",Melbourne,"Melbourne Renegades vs Brisbane Heat, Match 24 - Live Cricket Score, Commentary",Brisbane Heat Innings,156,9,Daniel Christian,4,0,21,1,0,0,5.25
280,"Jan 12, ",07:00 PM,"Docklands Stadium, ",Melbourne,"Melbourne Renegades vs Brisbane Heat, Match 24 - Live Cricket Score, Commentary",Brisbane Heat Innings,156,9,Roelof van der Merwe,2,0,30,0,0,0,15.00
281,"Jan 12, ",07:00 PM,"Docklands Stadium, ",Melbourne,"Melbourne Renegades vs Brisbane Heat, Match 24 - Live Cricket Score, Commentary",Brisbane Heat Innings,156,9,Alister McDermott,4,0,18,3,0,0,4.50
282,"Jan 12, ",07:00 PM,"Docklands Stadium, ",Melbourne,"Melbourne Renegades vs Brisbane Heat, Match 24 - Live Cricket Score, Commentary",Brisbane Heat Innings,156,9,Nathan Hauritz,2,0,28,0,1,2,14.00
283,"Jan 12, ",07:00 PM,"Docklands Stadium, ",Melbourne,"Melbourne Renegades vs Brisbane Heat, Match 24 - Live Cricket Score, Commentary",Brisbane Heat Innings,156,9,Michael Neser,4,0,31,3,1,3,7.75
284,"Jan 18, ",04:00 PM,"Bellerive Oval, ",Hobart,"Hobart Hurricanes vs Melbourne Renegades, Match 26 - Live Cricket Score, Commentary",Hobart Hurricanes Innings,173,4,Michael Hogan,4,0,25,0,0,0,6.25
285,"Jan 18, ",04:00 PM,"Bellerive Oval, ",Hobart,"Hobart Hurricanes vs Melbourne Renegades, Match 26 - Live Cricket Score, Commentary",Hobart Hurricanes Innings,173,4,Xavier Doherty,4,0,33,0,0,0,8.25
286,"Jan 18, ",04:00 PM,"Bellerive Oval, ",Hobart,"Hobart Hurricanes vs Melbourne Renegades, Match 26 - Live Cricket Score, Commentary",Hobart Hurricanes Innings,173,4,Jason Krejza,4,0,39,3,0,0,9.75
287,"Jan 18, ",04:00 PM,"Bellerive Oval, ",Hobart,"Hobart Hurricanes vs Melbourne Renegades, Match 26 - Live Cricket Score, Commentary",Hobart Hurricanes Innings,173,4,Ben Laughlin,4,0,36,1,0,0,9.00
288,"Jan 18, ",04:00 PM,"Bellerive Oval, ",Hobart,"Hobart Hurricanes vs Melbourne Renegades, Match 26 - Live Cricket Score, Commentary",Hobart Hurricanes Innings,173,4,Naved-ul-Hasan,4,0,38,0,0,0,9.50
289,"Jan 18, ",04:00 PM,"Bellerive Oval, ",Hobart,"Hobart Hurricanes vs Melbourne Renegades, Match 26 - Live Cricket Score, Commentary",Melbourne Renegades Innings,174,3,Jayde Herrick,4,0,23,0,0,1,5.75
290,"Jan 18, ",04:00 PM,"Bellerive Oval, ",Hobart,"Hobart Hurricanes vs Melbourne Renegades, Match 26 - Live Cricket Score, Commentary",Melbourne Renegades Innings,174,3,Dirk Nannes,4,0,22,1,0,0,5.50
291,"Jan 18, ",04:00 PM,"Bellerive Oval, ",Hobart,"Hobart Hurricanes vs Melbourne Renegades, Match 26 - Live Cricket Score, Commentary",Melbourne Renegades Innings,174,3,Aaron Heal,4,0,33,0,0,0,8.25
292,"Jan 18, ",04:00 PM,"Bellerive Oval, ",Hobart,"Hobart Hurricanes vs Melbourne Renegades, Match 26 - Live Cricket Score, Commentary",Melbourne Renegades Innings,174,3,Shahid Afridi,3.5,0,46,1,0,2,13.14
293,"Jan 18, ",04:00 PM,"Bellerive Oval, ",Hobart,"Hobart Hurricanes vs Melbourne Renegades, Match 26 - Live Cricket Score, Commentary",Melbourne Renegades Innings,174,3,Andrew McDonald,1,0,15,0,0,0,15.00
294,"Jan 18, ",04:00 PM,"Bellerive Oval, ",Hobart,"Hobart Hurricanes vs Melbourne Renegades, Match 26 - Live Cricket Score, Commentary",Melbourne Renegades Innings,174,3,Brenton McDonald,3,0,28,1,0,0,9.33
295,"Jan 18, ",07:00 PM,"Sydney Cricket Ground, ",Sydney,"Sydney Sixers vs Perth Scorchers, Match 27 - Live Cricket Score, Commentary",Perth Scorchers Innings,176,10,Michael Beer,,0,28,1,0,0,7.00
296,"Jan 18, ",07:00 PM,"Sydney Cricket Ground, ",Sydney,"Sydney Sixers vs Perth Scorchers, Match 27 - Live Cricket Score, Commentary",Perth Scorchers Innings,176,10,Josh Lalor,2,0,27,0,0,2,13.50
297,"Jan 18, ",07:00 PM,"Sydney Cricket Ground, ",Sydney,"Sydney Sixers vs Perth Scorchers, Match 27 - Live Cricket Score, Commentary",Perth Scorchers Innings,176,10,Nathan Coulter-Nile,4,0,38,3,1,1,9.50
298,"Jan 18, ",07:00 PM,"Sydney Cricket Ground, ",Sydney,"Sydney Sixers vs Perth Scorchers, Match 27 - Live Cricket Score, Commentary",Perth Scorchers Innings,176,10,Ben Edmondson,4,0,40,2,0,1,10.00
299,"Jan 18, ",07:00 PM,"Sydney Cricket Ground, ",Sydney,"Sydney Sixers vs Perth Scorchers, Match 27 - Live Cricket Score, Commentary",Perth Scorchers Innings,176,10,Mitchell Marsh,2,0,18,0,0,0,9.00
300,"Jan 18, ",07:00 PM,"Sydney Cricket Ground, ",Sydney,"Sydney Sixers vs Perth Scorchers, Match 27 - Live Cricket Score, Commentary",Perth Scorchers Innings,176,10,Brad Hogg,4,0,22,2,0,0,5.50
301,"Jan 18, ",07:00 PM,"Sydney Cricket Ground, ",Sydney,"Sydney Sixers vs Perth Scorchers, Match 27 - Live Cricket Score, Commentary",Sydney Sixers Innings,175,6,Brett Lee,4,0,35,0,1,2,8.75
302,"Jan 18, ",07:00 PM,"Sydney Cricket Ground, ",Sydney,"Sydney Sixers vs Perth Scorchers, Match 27 - Live Cricket Score, Commentary",Sydney Sixers Innings,175,6,Mitchell Starc,4,0,28,3,0,2,7.00
303,"Jan 18, ",07:00 PM,"Sydney Cricket Ground, ",Sydney,"Sydney Sixers vs Perth Scorchers, Match 27 - Live Cricket Score, Commentary",Sydney Sixers Innings,175,6,Nathan McCullum,3,0,26,0,0,0,8.67
304,"Jan 18, ",07:00 PM,"Sydney Cricket Ground, ",Sydney,"Sydney Sixers vs Perth Scorchers, Match 27 - Live Cricket Score, Commentary",Sydney Sixers Innings,175,6,Moises Henriques,4,0,38,1,2,2,9.50
305,"Jan 18, ",07:00 PM,"Sydney Cricket Ground, ",Sydney,"Sydney Sixers vs Perth Scorchers, Match 27 - Live Cricket Score, Commentary",Sydney Sixers Innings,175,6,Steve OKeefe,4,0,30,0,0,1,7.50
306,"Jan 18, ",07:00 PM,"Sydney Cricket Ground, ",Sydney,"Sydney Sixers vs Perth Scorchers, Match 27 - Live Cricket Score, Commentary",Sydney Sixers Innings,175,6,Dominic Thornely,1,0,12,0,0,0,12.00
307,"Jan 19, ",07:00 PM,"Melbourne Cricket Ground, ",Melbourne,"Melbourne Stars vs Adelaide Strikers, Match 28 - Live Cricket Score, Commentary",Melbourne Stars Innings,125,10,David Hussey,4,0,30,2,0,0,7.50
308,"Jan 19, ",07:00 PM,"Melbourne Cricket Ground, ",Melbourne,"Melbourne Stars vs Adelaide Strikers, Match 28 - Live Cricket Score, Commentary",Melbourne Stars Innings,125,10,Jackson Bird,3.3,0,26,2,0,0,7.88
309,"Jan 19, ",07:00 PM,"Melbourne Cricket Ground, ",Melbourne,"Melbourne Stars vs Adelaide Strikers, Match 28 - Live Cricket Score, Commentary",Melbourne Stars Innings,125,10,James Faulkner,4,0,21,2,0,0,5.25
310,"Jan 19, ",07:00 PM,"Melbourne Cricket Ground, ",Melbourne,"Melbourne Stars vs Adelaide Strikers, Match 28 - Live Cricket Score, Commentary",Melbourne Stars Innings,125,10,Clint McKay,4,0,17,3,0,0,4.25
311,"Jan 19, ",07:00 PM,"Melbourne Cricket Ground, ",Melbourne,"Melbourne Stars vs Adelaide Strikers, Match 28 - Live Cricket Score, Commentary",Melbourne Stars Innings,125,10,Shane Warne,4,0,28,0,0,0,7.00
312,"Jan 19, ",07:00 PM,"Melbourne Cricket Ground, ",Melbourne,"Melbourne Stars vs Adelaide Strikers, Match 28 - Live Cricket Score, Commentary",Adelaide Strikers Innings,129,4,Nathan Lyon,3.5,0,20,0,0,1,5.71
313,"Jan 19, ",07:00 PM,"Melbourne Cricket Ground, ",Melbourne,"Melbourne Stars vs Adelaide Strikers, Match 28 - Live Cricket Score, Commentary",Adelaide Strikers Innings,129,4,Alfonso Thomas,4,0,26,0,0,4,6.50
314,"Jan 19, ",07:00 PM,"Melbourne Cricket Ground, ",Melbourne,"Melbourne Stars vs Adelaide Strikers, Match 28 - Live Cricket Score, Commentary",Adelaide Strikers Innings,129,4,Aaron O Brien,4,0,12,0,0,0,3.00
315,"Jan 19, ",07:00 PM,"Melbourne Cricket Ground, ",Melbourne,"Melbourne Stars vs Adelaide Strikers, Match 28 - Live Cricket Score, Commentary",Adelaide Strikers Innings,129,4,James Franklin,3,0,22,2,0,3,7.33
316,"Jan 19, ",07:00 PM,"Melbourne Cricket Ground, ",Melbourne,"Melbourne Stars vs Adelaide Strikers, Match 28 - Live Cricket Score, Commentary",Adelaide Strikers Innings,129,4,Bryce McGain,4,0,43,1,0,0,10.75
317,"Jan 21, ",05:00 PM,"W.A.C.A. Ground, ",Perth,"Perth Scorchers vs Melbourne Stars, Semi Final 1 - Live Cricket Score, Commentary",Melbourne Stars Innings,174,3,David Hussey,2,0,15,0,0,0,7.50
318,"Jan 21, ",05:00 PM,"W.A.C.A. Ground, ",Perth,"Perth Scorchers vs Melbourne Stars, Semi Final 1 - Live Cricket Score, Commentary",Melbourne Stars Innings,174,3,Jackson Bird,4,0,39,1,0,0,9.75
319,"Jan 21, ",05:00 PM,"W.A.C.A. Ground, ",Perth,"Perth Scorchers vs Melbourne Stars, Semi Final 1 - Live Cricket Score, Commentary",Melbourne Stars Innings,174,3,James Faulkner,4,0,40,0,0,0,10.00
320,"Jan 21, ",05:00 PM,"W.A.C.A. Ground, ",Perth,"Perth Scorchers vs Melbourne Stars, Semi Final 1 - Live Cricket Score, Commentary",Melbourne Stars Innings,174,3,Clint McKay,4,0,35,1,0,0,8.75
321,"Jan 21, ",05:00 PM,"W.A.C.A. Ground, ",Perth,"Perth Scorchers vs Melbourne Stars, Semi Final 1 - Live Cricket Score, Commentary",Melbourne Stars Innings,174,3,Shane Warne,4,0,29,0,0,0,7.25
322,"Jan 21, ",05:00 PM,"W.A.C.A. Ground, ",Perth,"Perth Scorchers vs Melbourne Stars, Semi Final 1 - Live Cricket Score, Commentary",Melbourne Stars Innings,174,3,Luke Wright,2,0,14,1,0,1,7.00
323,"Jan 21, ",05:00 PM,"W.A.C.A. Ground, ",Perth,"Perth Scorchers vs Melbourne Stars, Semi Final 1 - Live Cricket Score, Commentary",Perth Scorchers Innings,163,8,Michael Beer,3,0,20,1,0,0,6.67
324,"Jan 21, ",05:00 PM,"W.A.C.A. Ground, ",Perth,"Perth Scorchers vs Melbourne Stars, Semi Final 1 - Live Cricket Score, Commentary",Perth Scorchers Innings,163,8,Nathan Rimmington,4,0,45,1,0,0,11.25
325,"Jan 21, ",05:00 PM,"W.A.C.A. Ground, ",Perth,"Perth Scorchers vs Melbourne Stars, Semi Final 1 - Live Cricket Score, Commentary",Perth Scorchers Innings,163,8,Nathan Coulter-Nile,3,0,28,0,0,1,9.33
326,"Jan 21, ",05:00 PM,"W.A.C.A. Ground, ",Perth,"Perth Scorchers vs Melbourne Stars, Semi Final 1 - Live Cricket Score, Commentary",Perth Scorchers Innings,163,8,Ben Edmondson,4,1,32,2,0,0,8.00
327,"Jan 21, ",05:00 PM,"W.A.C.A. Ground, ",Perth,"Perth Scorchers vs Melbourne Stars, Semi Final 1 - Live Cricket Score, Commentary",Perth Scorchers Innings,163,8,Brad Hogg,4,0,17,2,0,0,4.25
328,"Jan 21, ",05:00 PM,"W.A.C.A. Ground, ",Perth,"Perth Scorchers vs Melbourne Stars, Semi Final 1 - Live Cricket Score, Commentary",Perth Scorchers Innings,163,8,Mitchell Marsh,2,0,17,2,0,1,8.50
329,"Jan 22, ",07:00 PM,"Bellerive Oval, ",Hobart,"Hobart Hurricanes vs Sydney Sixers, Semi Final 2 - Live Cricket Score, Commentary",Hobart Hurricanes Innings,153,6,Xavier Doherty,3,1,20,1,0,0,6.67
330,"Jan 22, ",07:00 PM,"Bellerive Oval, ",Hobart,"Hobart Hurricanes vs Sydney Sixers, Semi Final 2 - Live Cricket Score, Commentary",Hobart Hurricanes Innings,153,6,Michael Hogan,4,0,31,0,0,0,7.75
331,"Jan 22, ",07:00 PM,"Bellerive Oval, ",Hobart,"Hobart Hurricanes vs Sydney Sixers, Semi Final 2 - Live Cricket Score, Commentary",Hobart Hurricanes Innings,153,6,Matt Johnston,1,0,8,0,0,0,8.00
332,"Jan 22, ",07:00 PM,"Bellerive Oval, ",Hobart,"Hobart Hurricanes vs Sydney Sixers, Semi Final 2 - Live Cricket Score, Commentary",Hobart Hurricanes Innings,153,6,Jason Krejza,4,0,37,1,0,0,9.25
333,"Jan 22, ",07:00 PM,"Bellerive Oval, ",Hobart,"Hobart Hurricanes vs Sydney Sixers, Semi Final 2 - Live Cricket Score, Commentary",Hobart Hurricanes Innings,153,6,Ben Laughlin,4,0,25,2,0,0,6.25
334,"Jan 22, ",07:00 PM,"Bellerive Oval, ",Hobart,"Hobart Hurricanes vs Sydney Sixers, Semi Final 2 - Live Cricket Score, Commentary",Hobart Hurricanes Innings,153,6,Naved-ul-Hasan,4,0,29,1,0,0,7.25
335,"Jan 22, ",07:00 PM,"Bellerive Oval, ",Hobart,"Hobart Hurricanes vs Sydney Sixers, Semi Final 2 - Live Cricket Score, Commentary",Sydney Sixers Innings,146,7,Brett Lee,4,0,22,2,0,1,5.50
336,"Jan 22, ",07:00 PM,"Bellerive Oval, ",Hobart,"Hobart Hurricanes vs Sydney Sixers, Semi Final 2 - Live Cricket Score, Commentary",Sydney Sixers Innings,146,7,Dominic Thornely,2,0,15,0,0,0,7.50
337,"Jan 22, ",07:00 PM,"Bellerive Oval, ",Hobart,"Hobart Hurricanes vs Sydney Sixers, Semi Final 2 - Live Cricket Score, Commentary",Sydney Sixers Innings,146,7,Nathan McCullum,3,0,18,1,0,0,6.00
338,"Jan 22, ",07:00 PM,"Bellerive Oval, ",Hobart,"Hobart Hurricanes vs Sydney Sixers, Semi Final 2 - Live Cricket Score, Commentary",Sydney Sixers Innings,146,7,Steve OKeefe,1,0,5,0,0,0,5.00
339,"Jan 22, ",07:00 PM,"Bellerive Oval, ",Hobart,"Hobart Hurricanes vs Sydney Sixers, Semi Final 2 - Live Cricket Score, Commentary",Sydney Sixers Innings,146,7,Ian Moran,4,0,25,1,0,0,6.25
340,"Jan 22, ",07:00 PM,"Bellerive Oval, ",Hobart,"Hobart Hurricanes vs Sydney Sixers, Semi Final 2 - Live Cricket Score, Commentary",Sydney Sixers Innings,146,7,Stuart MacGill,4,0,36,1,0,0,9.00
341,"Jan 22, ",07:00 PM,"Bellerive Oval, ",Hobart,"Hobart Hurricanes vs Sydney Sixers, Semi Final 2 - Live Cricket Score, Commentary",Sydney Sixers Innings,146,7,Steven Smith,2,0,22,2,0,0,11.00
342,"Jan 28, ",04:30 PM,"W.A.C.A. Ground, ",Perth,"Perth Scorchers vs Sydney Sixers, Final - Live Cricket Score, Commentary",Sydney Sixers Innings,156,5,Brett Lee,4,0,21,2,0,3,5.25
343,"Jan 28, ",04:30 PM,"W.A.C.A. Ground, ",Perth,"Perth Scorchers vs Sydney Sixers, Final - Live Cricket Score, Commentary",Sydney Sixers Innings,156,5,Mitchell Starc,4,0,40,2,0,0,10.00
344,"Jan 28, ",04:30 PM,"W.A.C.A. Ground, ",Perth,"Perth Scorchers vs Sydney Sixers, Final - Live Cricket Score, Commentary",Sydney Sixers Innings,156,5,Moises Henriques,2,0,27,0,0,0,13.50
345,"Jan 28, ",04:30 PM,"W.A.C.A. Ground, ",Perth,"Perth Scorchers vs Sydney Sixers, Final - Live Cricket Score, Commentary",Sydney Sixers Innings,156,5,Steve OKeefe,4,0,22,0,0,0,5.50
346,"Jan 28, ",04:30 PM,"W.A.C.A. Ground, ",Perth,"Perth Scorchers vs Sydney Sixers, Final - Live Cricket Score, Commentary",Sydney Sixers Innings,156,5,Stuart MacGill,4,0,20,1,0,0,5.00
347,"Jan 28, ",04:30 PM,"W.A.C.A. Ground, ",Perth,"Perth Scorchers vs Sydney Sixers, Final - Live Cricket Score, Commentary",Sydney Sixers Innings,156,5,Ian Moran,2,0,22,0,0,0,11.00
348,"Jan 28, ",04:30 PM,"W.A.C.A. Ground, ",Perth,"Perth Scorchers vs Sydney Sixers, Final - Live Cricket Score, Commentary",Perth Scorchers Innings,158,3,Michael Beer,3,0,29,0,0,0,9.67
349,"Jan 28, ",04:30 PM,"W.A.C.A. Ground, ",Perth,"Perth Scorchers vs Sydney Sixers, Final - Live Cricket Score, Commentary",Perth Scorchers Innings,158,3,Nathan Rimmington,3,0,36,0,0,1,12.00
350,"Jan 28, ",04:30 PM,"W.A.C.A. Ground, ",Perth,"Perth Scorchers vs Sydney Sixers, Final - Live Cricket Score, Commentary",Perth Scorchers Innings,158,3,Nathan Coulter-Nile,4,0,23,0,0,2,5.75
351,"Jan 28, ",04:30 PM,"W.A.C.A. Ground, ",Perth,"Perth Scorchers vs Sydney Sixers, Final - Live Cricket Score, Commentary",Perth Scorchers Innings,158,3,Ben Edmondson,3.5,0,30,2,0,1,8.57
352,"Jan 28, ",04:30 PM,"W.A.C.A. Ground, ",Perth,"Perth Scorchers vs Sydney Sixers, Final - Live Cricket Score, Commentary",Perth Scorchers Innings,158,3,Brad Hogg,4,0,29,1,0,2,7.25
353,"Jan 28, ",04:30 PM,"W.A.C.A. Ground, ",Perth,"Perth Scorchers vs Sydney Sixers, Final - Live Cricket Score, Commentary",Perth Scorchers Innings,158,3,Mitchell Marsh,1,0,11,0,0,0,11.00
