,Date,Time,Teams,Winners,Links
0,"Dec 16, Fri",1:30 PM,"SYDNEY SIXERS vs BRISBANE HEAT, Match 1",Sydney Sixers won by 7 wkts,https://www.cricbuzz.com/cricket-scores/11082/sys-vs-brh-match-1-big-bash-league-2011
1,"Dec 17, Sat",1:30 PM,"MELBOURNE STARS vs SYDNEY THUNDER, Match 2",Sydney Thunder won by 6 wkts,https://www.cricbuzz.com/cricket-scores/11083/mls-vs-syt-match-2-big-bash-league-2011
2,"Dec 18, Sun",12:30 PM,"ADELAIDE STRIKERS vs MELBOURNE RENEGADES, Match 3",Adelaide Strikers won by 67 runs,https://www.cricbuzz.com/cricket-scores/11084/ads-vs-mlr-match-3-big-bash-league-2011
3,,3:30 PM,"PERTH SCORCHERS vs HOBART HURRICANES, Match 4",Hobart Hurricanes won by 31 runs,https://www.cricbuzz.com/cricket-scores/11085/prs-vs-hbh-match-4-big-bash-league-2011
4,"Dec 20, Tue",2:00 PM,"BRISBANE HEAT vs MELBOURNE STARS, Match 5",Melbourne Stars won by 8 runs,https://www.cricbuzz.com/cricket-scores/11086/brh-vs-mls-match-5-big-bash-league-2011
5,"Dec 21, Wed",1:30 PM,"HOBART HURRICANES vs SYDNEY SIXERS, Match 6",Hobart Hurricanes won by 42 runs,https://www.cricbuzz.com/cricket-scores/11087/hbh-vs-sys-match-6-big-bash-league-2011
6,"Dec 22, Thu",1:30 PM,"MELBOURNE RENEGADES vs PERTH SCORCHERS, Match 7",Perth Scorchers won by 8 wkts,https://www.cricbuzz.com/cricket-scores/11088/mlr-vs-prs-match-7-big-bash-league-2011
7,"Dec 23, Fri",1:30 PM,"SYDNEY THUNDER vs ADELAIDE STRIKERS, Match 8",Sydney Thunder won by 6 wkts,https://www.cricbuzz.com/cricket-scores/11089/syt-vs-ads-match-8-big-bash-league-2011
8,"Dec 27, Tue",1:30 PM,"SYDNEY SIXERS vs MELBOURNE STARS, Match 9",Sydney Sixers won by 2 runs,https://www.cricbuzz.com/cricket-scores/11090/sys-vs-mls-match-9-big-bash-league-2011
9,"Dec 28, Wed",2:00 PM,"ADELAIDE STRIKERS vs HOBART HURRICANES, Match 10",Hobart Hurricanes won by 14 runs,https://www.cricbuzz.com/cricket-scores/11091/ads-vs-hbh-match-10-big-bash-league-2011
10,"Dec 29, Thu",3:30 PM,"PERTH SCORCHERS vs BRISBANE HEAT, Match 11",Perth Scorchers won by 10 runs,https://www.cricbuzz.com/cricket-scores/11092/prs-vs-brh-match-11-big-bash-league-2011
11,"Dec 30, Fri",1:30 PM,"SYDNEY THUNDER vs MELBOURNE RENEGADES, Match 12",Melbourne Renegades won by 6 runs,https://www.cricbuzz.com/cricket-scores/11093/syt-vs-mlr-match-12-big-bash-league-2011
12,"Jan 01, Sun",1:30 PM,"HOBART HURRICANES vs SYDNEY THUNDER, Match 13",Hobart Hurricanes won by 5 wkts,https://www.cricbuzz.com/cricket-scores/11094/hbh-vs-syt-match-13-big-bash-league-2011
13,"Jan 02, Mon",1:30 PM,"MELBOURNE RENEGADES vs SYDNEY SIXERS, Match 14",Melbourne Renegades won by 8 wkts,https://www.cricbuzz.com/cricket-scores/11095/mlr-vs-sys-match-14-big-bash-league-2011
14,"Jan 03, Tue",2:00 PM,"BRISBANE HEAT vs ADELAIDE STRIKERS, Match 15",Adelaide Strikers won by 31 runs,https://www.cricbuzz.com/cricket-scores/11096/brh-vs-ads-match-15-big-bash-league-2011
15,"Jan 04, Wed",1:30 PM,"MELBOURNE STARS vs PERTH SCORCHERS, Match 16",Perth Scorchers won by 8 runs,https://www.cricbuzz.com/cricket-scores/11097/mls-vs-prs-match-16-big-bash-league-2011
16,"Jan 06, Fri",2:00 PM,"BRISBANE HEAT vs HOBART HURRICANES, Match 17",Brisbane Heat won by 3 runs,https://www.cricbuzz.com/cricket-scores/11098/brh-vs-hbh-match-17-big-bash-league-2011
17,"Jan 07, Sat",1:30 PM,"MELBOURNE STARS vs MELBOURNE RENEGADES, Match 18",Melbourne Stars won by 11 runs (D/L method),https://www.cricbuzz.com/cricket-scores/11099/mls-vs-mlr-match-18-big-bash-league-2011
18,"Jan 08, Sun",12:30 PM,"SYDNEY THUNDER vs SYDNEY SIXERS, Match 19",Sydney Sixers won by 17 runs (D/L method),https://www.cricbuzz.com/cricket-scores/11100/syt-vs-sys-match-19-big-bash-league-2011
19,,3:30 PM,"PERTH SCORCHERS vs ADELAIDE STRIKERS, Match 20",Perth Scorchers won by 42 runs,https://www.cricbuzz.com/cricket-scores/11101/prs-vs-ads-match-20-big-bash-league-2011
20,"Jan 09, Mon",1:30 PM,"HOBART HURRICANES vs MELBOURNE STARS, Match 21",Melbourne Stars won by 19 runs,https://www.cricbuzz.com/cricket-scores/11102/hbh-vs-mls-match-21-big-bash-league-2011
21,"Jan 10, Tue",2:00 PM,"ADELAIDE STRIKERS vs SYDNEY SIXERS, Match 22",Sydney Sixers won by 64 runs,https://www.cricbuzz.com/cricket-scores/11103/ads-vs-sys-match-22-big-bash-league-2011
22,"Jan 11, Wed",1:30 PM,"SYDNEY THUNDER vs PERTH SCORCHERS, Match 23",Perth Scorchers won by 9 wkts,https://www.cricbuzz.com/cricket-scores/11104/syt-vs-prs-match-23-big-bash-league-2011
23,"Jan 12, Thu",1:30 PM,"MELBOURNE RENEGADES vs BRISBANE HEAT, Match 24",Brisbane Heat won by 12 runs,https://www.cricbuzz.com/cricket-scores/11105/mlr-vs-brh-match-24-big-bash-league-2011
24,"Jan 17, Tue",2:00 PM,"BRISBANE HEAT vs SYDNEY THUNDER, Match 25",Brisbane Heat won by 91 runs,https://www.cricbuzz.com/cricket-scores/11106/brh-vs-syt-match-25-big-bash-league-2011
25,"Jan 18, Wed",10:30 AM,"HOBART HURRICANES vs MELBOURNE RENEGADES, Match 26",Hobart Hurricanes won by 7 wkts,https://www.cricbuzz.com/cricket-scores/11107/hbh-vs-mlr-match-26-big-bash-league-2011
26,,1:30 PM,"SYDNEY SIXERS vs PERTH SCORCHERS, Match 27",Sydney Sixers won by 1 run,https://www.cricbuzz.com/cricket-scores/11108/sys-vs-prs-match-27-big-bash-league-2011
27,"Jan 19, Thu",1:30 PM,"MELBOURNE STARS vs ADELAIDE STRIKERS, Match 28",Melbourne Stars won by 6 wkts,https://www.cricbuzz.com/cricket-scores/11109/mls-vs-ads-match-28-big-bash-league-2011
28,"Jan 21, Sat",2:30 PM,"PERTH SCORCHERS vs MELBOURNE STARS, Semi Final 1",Perth Scorchers won by 11 runs,https://www.cricbuzz.com/cricket-scores/11110/prs-vs-mls-semi-final-1-big-bash-league-2011
29,"Jan 22, Sun",1:30 PM,"HOBART HURRICANES vs SYDNEY SIXERS, Semi Final 2",Sydney Sixers won by 7 runs,https://www.cricbuzz.com/cricket-scores/11111/hbh-vs-sys-semi-final-2-big-bash-league-2011
30,"Jan 28, Sat",2:00 PM,"PERTH SCORCHERS vs SYDNEY SIXERS, Final",Sydney Sixers won by 7 wkts,https://www.cricbuzz.com/cricket-scores/11112/prs-vs-sys-final-big-bash-league-2011
