,Date,Time,Teams,Winners,Links
0,"Dec 13, Tue",1:45 PM,"SYDNEY THUNDER vs MELBOURNE STARS, 1st Match",Sydney Thunder won by 1 wkt,https://www.cricbuzz.com/cricket-scores/50270/syt-vs-mls-1st-match-big-bash-league-2022-23
1,"Dec 14, Wed",1:45 PM,"ADELAIDE STRIKERS vs SYDNEY SIXERS, 2nd Match",Adelaide Strikers won by 51 runs,https://www.cricbuzz.com/cricket-scores/50277/ads-vs-sys-2nd-match-big-bash-league-2022-23
2,"Dec 15, Thu",1:45 PM,"BRISBANE HEAT vs MELBOURNE RENEGADES, 3rd Match",Melbourne Renegades won by 22 runs,https://www.cricbuzz.com/cricket-scores/50279/brh-vs-mlr-3rd-match-big-bash-league-2022-23
3,"Dec 16, Fri",11:35 AM,"MELBOURNE STARS vs HOBART HURRICANES, 4th Match",Melbourne Stars won by 38 runs,https://www.cricbuzz.com/cricket-scores/50284/mls-vs-hbh-4th-match-big-bash-league-2022-23
4,,2:45 PM,"SYDNEY THUNDER vs ADELAIDE STRIKERS, 5th Match",Adelaide Strikers won by 124 runs,https://www.cricbuzz.com/cricket-scores/50286/syt-vs-ads-5th-match-big-bash-league-2022-23
5,"Dec 17, Sat",1:35 PM,"PERTH SCORCHERS vs SYDNEY SIXERS, 6th Match",Perth Scorchers won by 38 runs,https://www.cricbuzz.com/cricket-scores/50291/prs-vs-sys-6th-match-big-bash-league-2022-23
6,"Dec 18, Sun",1:45 PM,"MELBOURNE RENEGADES vs SYDNEY THUNDER, 7th Match",Melbourne Renegades won by 4 wkts,https://www.cricbuzz.com/cricket-scores/50293/mlr-vs-syt-7th-match-big-bash-league-2022-23
7,"Dec 19, Mon",1:45 PM,"HOBART HURRICANES vs PERTH SCORCHERS, 8th Match",Hobart Hurricanes won by 8 runs,https://www.cricbuzz.com/cricket-scores/50300/hbh-vs-prs-8th-match-big-bash-league-2022-23
8,"Dec 20, Tue",1:45 PM,"ADELAIDE STRIKERS vs SYDNEY THUNDER, 9th Match",Adelaide Strikers won by 6 wkts,https://www.cricbuzz.com/cricket-scores/50307/ads-vs-syt-9th-match-big-bash-league-2022-23
9,"Dec 21, Wed",1:45 PM,"MELBOURNE RENEGADES vs BRISBANE HEAT, 10th Match",Melbourne Renegades won by 4 wkts,https://www.cricbuzz.com/cricket-scores/50314/mlr-vs-brh-10th-match-big-bash-league-2022-23
10,"Dec 22, Thu",1:45 PM,"SYDNEY SIXERS vs HOBART HURRICANES, 11th Match",Sydney Sixers won by 6 runs,https://www.cricbuzz.com/cricket-scores/50319/sys-vs-hbh-11th-match-big-bash-league-2022-23
11,"Dec 23, Fri",10:00 AM,"MELBOURNE STARS vs PERTH SCORCHERS, 12th Match",Perth Scorchers won by 61 runs,https://www.cricbuzz.com/cricket-scores/50321/mls-vs-prs-12th-match-big-bash-league-2022-23
12,,1:30 PM,"BRISBANE HEAT vs ADELAIDE STRIKERS, 13th Match",Brisbane Heat won by 6 runs,https://www.cricbuzz.com/cricket-scores/50326/brh-vs-ads-13th-match-big-bash-league-2022-23
13,"Dec 24, Sat",10:00 AM,"HOBART HURRICANES vs MELBOURNE RENEGADES, 14th Match",Hobart Hurricanes won by 8 runs,https://www.cricbuzz.com/cricket-scores/50328/hbh-vs-mlr-14th-match-big-bash-league-2022-23
14,"Dec 26, Mon",12:35 PM,"SYDNEY SIXERS vs MELBOURNE STARS, 15th Match",Sydney Sixers won by 7 wkts,https://www.cricbuzz.com/cricket-scores/50333/sys-vs-mls-15th-match-big-bash-league-2022-23
15,,3:45 PM,"PERTH SCORCHERS vs ADELAIDE STRIKERS, 16th Match",Perth Scorchers won by 3 wkts,https://www.cricbuzz.com/cricket-scores/50347/prs-vs-ads-16th-match-big-bash-league-2022-23
16,"Dec 27, Tue",1:45 PM,"SYDNEY THUNDER vs BRISBANE HEAT, 17th Match",Sydney Thunder won by 10 wkts,https://www.cricbuzz.com/cricket-scores/50361/syt-vs-brh-17th-match-big-bash-league-2022-23
17,"Dec 28, Wed",1:45 PM,"SYDNEY SIXERS vs MELBOURNE RENEGADES, 18th Match",Sydney Sixers won by 34 runs,https://www.cricbuzz.com/cricket-scores/50382/sys-vs-mlr-18th-match-big-bash-league-2022-23
18,"Dec 29, Thu",12:35 PM,"BRISBANE HEAT vs SYDNEY THUNDER, 19th Match",Sydney Thunder won by 11 runs,https://www.cricbuzz.com/cricket-scores/50426/brh-vs-syt-19th-match-big-bash-league-2022-23
19,,3:45 PM,"PERTH SCORCHERS vs MELBOURNE STARS, 20th Match",Perth Scorchers won by 6 wkts,https://www.cricbuzz.com/cricket-scores/50433/prs-vs-mls-20th-match-big-bash-league-2022-23
20,"Dec 30, Fri",1:00 PM,"MELBOURNE RENEGADES vs SYDNEY SIXERS, 21st Match",Sydney Sixers won by 6 wkts,https://www.cricbuzz.com/cricket-scores/50454/mlr-vs-sys-21st-match-big-bash-league-2022-23
21,"Dec 31, Sat",10:00 AM,"SYDNEY THUNDER vs HOBART HURRICANES, 22nd Match",Sydney Thunder won by 62 runs,https://www.cricbuzz.com/cricket-scores/50468/syt-vs-hbh-22nd-match-big-bash-league-2022-23
22,,1:30 PM,"ADELAIDE STRIKERS vs MELBOURNE STARS, 23rd Match",Melbourne Stars won by 8 runs,https://www.cricbuzz.com/cricket-scores/50482/ads-vs-mls-23rd-match-big-bash-league-2022-23
23,"Jan 01, Sun",8:10 AM,"MELBOURNE RENEGADES vs PERTH SCORCHERS, 24th Match",Perth Scorchers won by 5 wkts,https://www.cricbuzz.com/cricket-scores/50503/mlr-vs-prs-24th-match-big-bash-league-2022-23
24,,1:45 PM,"BRISBANE HEAT vs SYDNEY SIXERS, 25th Match",Brisbane Heat won by 15 runs,https://www.cricbuzz.com/cricket-scores/50508/brh-vs-sys-25th-match-big-bash-league-2022-23
25,"Jan 02, Mon",1:45 PM,"HOBART HURRICANES vs ADELAIDE STRIKERS, 26th Match",Hobart Hurricanes won by 7 wkts,https://www.cricbuzz.com/cricket-scores/50515/hbh-vs-ads-26th-match-big-bash-league-2022-23
26,"Jan 03, Tue",1:45 PM,"MELBOURNE STARS vs MELBOURNE RENEGADES, 27th Match",Melbourne Renegades won by 33 runs,https://www.cricbuzz.com/cricket-scores/50517/mls-vs-mlr-27th-match-big-bash-league-2022-23
27,"Jan 04, Wed",12:35 PM,"SYDNEY SIXERS vs BRISBANE HEAT, 28th Match",No result,https://www.cricbuzz.com/cricket-scores/50522/sys-vs-brh-28th-match-big-bash-league-2022-23
28,,3:45 PM,"PERTH SCORCHERS vs SYDNEY THUNDER, 29th Match",Sydney Thunder won by 6 wkts,https://www.cricbuzz.com/cricket-scores/50524/prs-vs-syt-29th-match-big-bash-league-2022-23
29,"Jan 05, Thu",1:45 PM,"ADELAIDE STRIKERS vs HOBART HURRICANES, 30th Match",Adelaide Strikers won by 7 wkts,https://www.cricbuzz.com/cricket-scores/50531/ads-vs-hbh-30th-match-big-bash-league-2022-23
30,"Jan 06, Fri",1:00 PM,"MELBOURNE STARS vs SYDNEY SIXERS, 31st Match",Sydney Sixers won by 6 wkts,https://www.cricbuzz.com/cricket-scores/50538/mls-vs-sys-31st-match-big-bash-league-2022-23
31,"Jan 07, Sat",12:35 PM,"MELBOURNE RENEGADES vs HOBART HURRICANES, 32nd Match",Melbourne Renegades won by 6 wkts,https://www.cricbuzz.com/cricket-scores/50543/mlr-vs-hbh-32nd-match-big-bash-league-2022-23
32,,3:45 PM,"PERTH SCORCHERS vs BRISBANE HEAT, 33rd Match",Perth Scorchers won by 7 wkts,https://www.cricbuzz.com/cricket-scores/50550/prs-vs-brh-33rd-match-big-bash-league-2022-23
33,"Jan 08, Sun",1:45 PM,"SYDNEY THUNDER vs SYDNEY SIXERS, 34th Match",Sydney Sixers won by 7 wkts,https://www.cricbuzz.com/cricket-scores/50557/syt-vs-sys-34th-match-big-bash-league-2022-23
34,"Jan 09, Mon",1:45 PM,"HOBART HURRICANES vs MELBOURNE STARS, 35th Match",Hobart Hurricanes won by 2 wkts,https://www.cricbuzz.com/cricket-scores/50564/hbh-vs-mls-35th-match-big-bash-league-2022-23
35,"Jan 10, Tue",2:10 PM,"ADELAIDE STRIKERS vs MELBOURNE RENEGADES, 36th Match",Adelaide Strikers won by 20 runs,https://www.cricbuzz.com/cricket-scores/50571/ads-vs-mlr-36th-match-big-bash-league-2022-23
36,"Jan 11, Wed",2:10 PM,"BRISBANE HEAT vs PERTH SCORCHERS, 37th Match",Perth Scorchers won by 8 wkts,https://www.cricbuzz.com/cricket-scores/50573/brh-vs-prs-37th-match-big-bash-league-2022-23
37,"Jan 12, Thu",1:45 PM,"MELBOURNE STARS vs ADELAIDE STRIKERS, 38th Match",Melbourne Stars won by 9 wkts,https://www.cricbuzz.com/cricket-scores/50578/mls-vs-ads-38th-match-big-bash-league-2022-23
38,"Jan 13, Fri",1:00 PM,"SYDNEY THUNDER vs PERTH SCORCHERS, 39th Match",Perth Scorchers won by 9 wkts,https://www.cricbuzz.com/cricket-scores/50580/syt-vs-prs-39th-match-big-bash-league-2022-23
39,"Jan 14, Sat",10:30 AM,"ADELAIDE STRIKERS vs BRISBANE HEAT, 40th Match",Brisbane Heat won by 17 runs,https://www.cricbuzz.com/cricket-scores/50587/ads-vs-brh-40th-match-big-bash-league-2022-23
40,,2:00 PM,"MELBOURNE RENEGADES vs MELBOURNE STARS, 41st Match",Melbourne Renegades won by 6 runs,https://www.cricbuzz.com/cricket-scores/50594/mlr-vs-mls-41st-match-big-bash-league-2022-23
41,"Jan 15, Sun",8:10 AM,"HOBART HURRICANES vs SYDNEY THUNDER, 42nd Match",Hobart Hurricanes won by 5 wkts,https://www.cricbuzz.com/cricket-scores/50599/hbh-vs-syt-42nd-match-big-bash-league-2022-23
42,,1:45 PM,"SYDNEY SIXERS vs PERTH SCORCHERS, 43rd Match",Sydney Sixers won by 6 runs,https://www.cricbuzz.com/cricket-scores/50601/sys-vs-prs-43rd-match-big-bash-league-2022-23
43,"Jan 16, Mon",1:45 PM,"MELBOURNE STARS vs BRISBANE HEAT, 44th Match",Brisbane Heat won by 3 wkts,https://www.cricbuzz.com/cricket-scores/50608/mls-vs-brh-44th-match-big-bash-league-2022-23
44,"Jan 17, Tue",1:45 PM,"SYDNEY SIXERS vs ADELAIDE STRIKERS, 45th Match",Sydney Sixers won by 59 runs,https://www.cricbuzz.com/cricket-scores/50613/sys-vs-ads-45th-match-big-bash-league-2022-23
45,"Jan 18, Wed",2:10 PM,"PERTH SCORCHERS vs HOBART HURRICANES, 46th Match",Perth Scorchers won by 7 wkts,https://www.cricbuzz.com/cricket-scores/50620/prs-vs-hbh-46th-match-big-bash-league-2022-23
46,"Jan 19, Thu",1:45 PM,"SYDNEY THUNDER vs MELBOURNE RENEGADES, 47th Match",Sydney Thunder won by 8 wkts,https://www.cricbuzz.com/cricket-scores/50627/syt-vs-mlr-47th-match-big-bash-league-2022-23
47,"Jan 20, Fri",11:00 AM,"ADELAIDE STRIKERS vs PERTH SCORCHERS, 48th Match",Perth Scorchers won by 7 wkts,https://www.cricbuzz.com/cricket-scores/50629/ads-vs-prs-48th-match-big-bash-league-2022-23
48,,2:30 PM,"BRISBANE HEAT vs HOBART HURRICANES, 49th Match",Brisbane Heat won by 12 runs,https://www.cricbuzz.com/cricket-scores/50634/brh-vs-hbh-49th-match-big-bash-league-2022-23
49,"Jan 21, Sat",1:35 PM,"SYDNEY SIXERS vs SYDNEY THUNDER, 50th Match",Sydney Sixers won by 125 runs (19 Ovs game due to rain),https://www.cricbuzz.com/cricket-scores/50641/sys-vs-syt-50th-match-big-bash-league-2022-23
50,"Jan 22, Sun",8:10 AM,"BRISBANE HEAT vs MELBOURNE STARS, 51st Match",Brisbane Heat won by 4 runs,https://www.cricbuzz.com/cricket-scores/50648/brh-vs-mls-51st-match-big-bash-league-2022-23
51,,1:45 PM,"PERTH SCORCHERS vs MELBOURNE RENEGADES, 52nd Match",Perth Scorchers won by 10 runs,https://www.cricbuzz.com/cricket-scores/50655/prs-vs-mlr-52nd-match-big-bash-league-2022-23
52,"Jan 23, Mon",1:45 PM,"HOBART HURRICANES vs SYDNEY SIXERS, 53rd Match",Sydney Sixers won by 24 runs,https://www.cricbuzz.com/cricket-scores/50662/hbh-vs-sys-53rd-match-big-bash-league-2022-23
53,"Jan 24, Tue",1:45 PM,"MELBOURNE RENEGADES vs ADELAIDE STRIKERS, 54th Match",Melbourne Renegades won by 6 wkts,https://www.cricbuzz.com/cricket-scores/50664/mlr-vs-ads-54th-match-big-bash-league-2022-23
54,"Jan 25, Wed",8:10 AM,"HOBART HURRICANES vs BRISBANE HEAT, 55th Match",Hobart Hurricanes won by 2 runs,https://www.cricbuzz.com/cricket-scores/50671/hbh-vs-brh-55th-match-big-bash-league-2022-23
55,,1:45 PM,"MELBOURNE STARS vs SYDNEY THUNDER, 56th Match",Sydney Thunder won by 3 wkts,https://www.cricbuzz.com/cricket-scores/50676/mls-vs-syt-56th-match-big-bash-league-2022-23
56,"Jan 27, Fri",1:45 PM,"SYDNEY THUNDER vs BRISBANE HEAT, Eliminator",Brisbane Heat won by 8 runs (DLS Method),https://www.cricbuzz.com/cricket-scores/50683/syt-vs-brh-eliminator-big-bash-league-2022-23
57,"Jan 28, Sat",1:45 PM,"PERTH SCORCHERS vs SYDNEY SIXERS, Qualifier",Perth Scorchers won by 7 wkts,https://www.cricbuzz.com/cricket-scores/50690/prs-vs-sys-qualifier-big-bash-league-2022-23
58,"Jan 29, Sun",1:45 PM,"MELBOURNE RENEGADES vs BRISBANE HEAT, Knockout",Brisbane Heat won by 7 wkts,https://www.cricbuzz.com/cricket-scores/50692/mlr-vs-brh-knockout-big-bash-league-2022-23
59,"Feb 02, Thu",1:45 PM,"SYDNEY SIXERS vs BRISBANE HEAT, Challenger",Brisbane Heat won by 4 wkts,https://www.cricbuzz.com/cricket-scores/50697/sys-vs-brh-challenger-big-bash-league-2022-23
60,"Feb 04, Sat",2:00 PM,"PERTH SCORCHERS vs BRISBANE HEAT, Final",Perth Scorchers won by 5 wkts,https://www.cricbuzz.com/cricket-scores/50704/prs-vs-brh-final-big-bash-league-2022-23
