,Date,Time,Stadium,City,Match Details,Team Bowling,Total Runs Conceeded,Total Wickets Taken,Bowler Name,Overs,Maidens,Runs,Wickets,No Balls,Wides,Economies
0,"Dec 07, ",07:00 PM,"Docklands Stadium, ",Melbourne,"Melbourne Renegades vs Melbourne Stars, 1st Match - Live Cricket Score, Commentary",Melbourne Renegades Innings,167,5,Darren Pattinson,4,0,33,1,0,2,8.25
1,"Dec 07, ",07:00 PM,"Docklands Stadium, ",Melbourne,"Melbourne Renegades vs Melbourne Stars, 1st Match - Live Cricket Score, Commentary",Melbourne Renegades Innings,167,5,Nathan Rimmington,4,0,37,0,0,1,9.25
2,"Dec 07, ",07:00 PM,"Docklands Stadium, ",Melbourne,"Melbourne Renegades vs Melbourne Stars, 1st Match - Live Cricket Score, Commentary",Melbourne Renegades Innings,167,5,Aaron O Brien,4,0,27,2,0,0,6.75
3,"Dec 07, ",07:00 PM,"Docklands Stadium, ",Melbourne,"Melbourne Renegades vs Melbourne Stars, 1st Match - Live Cricket Score, Commentary",Melbourne Renegades Innings,167,5,Aaron Finch,2,0,14,1,0,0,7.00
4,"Dec 07, ",07:00 PM,"Docklands Stadium, ",Melbourne,"Melbourne Renegades vs Melbourne Stars, 1st Match - Live Cricket Score, Commentary",Melbourne Renegades Innings,167,5,William Sheridan,1,0,17,0,0,0,17.00
5,"Dec 07, ",07:00 PM,"Docklands Stadium, ",Melbourne,"Melbourne Renegades vs Melbourne Stars, 1st Match - Live Cricket Score, Commentary",Melbourne Renegades Innings,167,5,Muttiah Muralitharan,4,0,28,0,0,1,7.00
6,"Dec 07, ",07:00 PM,"Docklands Stadium, ",Melbourne,"Melbourne Renegades vs Melbourne Stars, 1st Match - Live Cricket Score, Commentary",Melbourne Renegades Innings,167,5,Daniel Harris,1,0,10,0,0,0,10.00
7,"Dec 07, ",07:00 PM,"Docklands Stadium, ",Melbourne,"Melbourne Renegades vs Melbourne Stars, 1st Match - Live Cricket Score, Commentary",Melbourne Stars Innings,168,2,Jackson Bird,4,0,29,1,0,0,7.25
8,"Dec 07, ",07:00 PM,"Docklands Stadium, ",Melbourne,"Melbourne Renegades vs Melbourne Stars, 1st Match - Live Cricket Score, Commentary",Melbourne Stars Innings,168,2,Lasith Malinga,4,0,20,0,0,1,5.00
9,"Dec 07, ",07:00 PM,"Docklands Stadium, ",Melbourne,"Melbourne Renegades vs Melbourne Stars, 1st Match - Live Cricket Score, Commentary",Melbourne Stars Innings,168,2,Clint McKay,3,0,19,0,0,0,6.33
10,"Dec 07, ",07:00 PM,"Docklands Stadium, ",Melbourne,"Melbourne Renegades vs Melbourne Stars, 1st Match - Live Cricket Score, Commentary",Melbourne Stars Innings,168,2,James Faulkner,3.2,0,31,1,0,0,9.69
11,"Dec 07, ",07:00 PM,"Docklands Stadium, ",Melbourne,"Melbourne Renegades vs Melbourne Stars, 1st Match - Live Cricket Score, Commentary",Melbourne Stars Innings,168,2,David Hussey,1,0,12,0,0,0,12.00
12,"Dec 07, ",07:00 PM,"Docklands Stadium, ",Melbourne,"Melbourne Renegades vs Melbourne Stars, 1st Match - Live Cricket Score, Commentary",Melbourne Stars Innings,168,2,Shane Warne,2,0,41,0,0,2,20.50
13,"Dec 07, ",07:00 PM,"Docklands Stadium, ",Melbourne,"Melbourne Renegades vs Melbourne Stars, 1st Match - Live Cricket Score, Commentary",Melbourne Stars Innings,168,2,Luke Wright,1,0,13,0,0,0,13.00
14,"Dec 08, ",07:00 PM,"Sydney Cricket Ground, ",Sydney,"Sydney Sixers vs Sydney Thunder, 2nd Match - Live Cricket Score, Commentary",Sydney Sixers Innings,143,5,Brett Lee,4,0,35,0,1,0,8.75
15,"Dec 08, ",07:00 PM,"Sydney Cricket Ground, ",Sydney,"Sydney Sixers vs Sydney Thunder, 2nd Match - Live Cricket Score, Commentary",Sydney Sixers Innings,143,5,Mitchell Starc,4,0,27,2,0,3,6.75
16,"Dec 08, ",07:00 PM,"Sydney Cricket Ground, ",Sydney,"Sydney Sixers vs Sydney Thunder, 2nd Match - Live Cricket Score, Commentary",Sydney Sixers Innings,143,5,Luke Feldman,4,0,19,2,0,0,4.75
17,"Dec 08, ",07:00 PM,"Sydney Cricket Ground, ",Sydney,"Sydney Sixers vs Sydney Thunder, 2nd Match - Live Cricket Score, Commentary",Sydney Sixers Innings,143,5,Steve OKeefe,2,0,18,0,0,1,9.00
18,"Dec 08, ",07:00 PM,"Sydney Cricket Ground, ",Sydney,"Sydney Sixers vs Sydney Thunder, 2nd Match - Live Cricket Score, Commentary",Sydney Sixers Innings,143,5,Jeevan Mendis,4,0,30,0,0,0,7.50
19,"Dec 08, ",07:00 PM,"Sydney Cricket Ground, ",Sydney,"Sydney Sixers vs Sydney Thunder, 2nd Match - Live Cricket Score, Commentary",Sydney Sixers Innings,143,5,Moises Henriques,2,0,12,1,0,2,6.00
20,"Dec 08, ",07:00 PM,"Sydney Cricket Ground, ",Sydney,"Sydney Sixers vs Sydney Thunder, 2nd Match - Live Cricket Score, Commentary",Sydney Thunder Innings,147,3,Rhett Lockyear,1,0,6,0,0,0,6.00
21,"Dec 08, ",07:00 PM,"Sydney Cricket Ground, ",Sydney,"Sydney Sixers vs Sydney Thunder, 2nd Match - Live Cricket Score, Commentary",Sydney Thunder Innings,147,3,Chris Tremain,4,0,27,2,0,0,6.75
22,"Dec 08, ",07:00 PM,"Sydney Cricket Ground, ",Sydney,"Sydney Sixers vs Sydney Thunder, 2nd Match - Live Cricket Score, Commentary",Sydney Thunder Innings,147,3,Dirk Nannes,4,0,16,0,0,1,4.00
23,"Dec 08, ",07:00 PM,"Sydney Cricket Ground, ",Sydney,"Sydney Sixers vs Sydney Thunder, 2nd Match - Live Cricket Score, Commentary",Sydney Thunder Innings,147,3,Sean Abbott,3.4,0,40,1,0,0,11.76
24,"Dec 08, ",07:00 PM,"Sydney Cricket Ground, ",Sydney,"Sydney Sixers vs Sydney Thunder, 2nd Match - Live Cricket Score, Commentary",Sydney Thunder Innings,147,3,Luke Doran,3,0,35,0,0,0,11.67
25,"Dec 08, ",07:00 PM,"Sydney Cricket Ground, ",Sydney,"Sydney Sixers vs Sydney Thunder, 2nd Match - Live Cricket Score, Commentary",Sydney Thunder Innings,147,3,Gurinder Sandhu,3,0,21,0,1,0,7.00
26,"Dec 09, ",05:00 PM,"The Gabba, ",Brisbane,"Brisbane Heat vs Hobart Hurricanes, 3rd Match - Live Cricket Score, Commentary",Hobart Hurricanes Innings,172,6,Doug Bollinger,4,0,47,0,0,5,11.75
27,"Dec 09, ",05:00 PM,"The Gabba, ",Brisbane,"Brisbane Heat vs Hobart Hurricanes, 3rd Match - Live Cricket Score, Commentary",Hobart Hurricanes Innings,172,6,Michael Hogan,4,0,22,2,0,0,5.50
28,"Dec 09, ",05:00 PM,"The Gabba, ",Brisbane,"Brisbane Heat vs Hobart Hurricanes, 3rd Match - Live Cricket Score, Commentary",Hobart Hurricanes Innings,172,6,Evan Gulbis,4,0,29,3,0,0,7.25
29,"Dec 09, ",05:00 PM,"The Gabba, ",Brisbane,"Brisbane Heat vs Hobart Hurricanes, 3rd Match - Live Cricket Score, Commentary",Hobart Hurricanes Innings,172,6,Ben Laughlin,4,0,49,1,0,0,12.25
30,"Dec 09, ",05:00 PM,"The Gabba, ",Brisbane,"Brisbane Heat vs Hobart Hurricanes, 3rd Match - Live Cricket Score, Commentary",Hobart Hurricanes Innings,172,6,Xavier Doherty,2,0,15,0,0,0,7.50
31,"Dec 09, ",05:00 PM,"The Gabba, ",Brisbane,"Brisbane Heat vs Hobart Hurricanes, 3rd Match - Live Cricket Score, Commentary",Hobart Hurricanes Innings,172,6,Scott Styris,2,0,10,0,1,0,5.00
32,"Dec 09, ",05:00 PM,"The Gabba, ",Brisbane,"Brisbane Heat vs Hobart Hurricanes, 3rd Match - Live Cricket Score, Commentary",Brisbane Heat Innings,175,2,Shane Watson,3,0,17,0,0,1,5.67
33,"Dec 09, ",05:00 PM,"The Gabba, ",Brisbane,"Brisbane Heat vs Hobart Hurricanes, 3rd Match - Live Cricket Score, Commentary",Brisbane Heat Innings,175,2,Cameron Gannon,4,0,38,0,1,1,9.50
34,"Dec 09, ",05:00 PM,"The Gabba, ",Brisbane,"Brisbane Heat vs Hobart Hurricanes, 3rd Match - Live Cricket Score, Commentary",Brisbane Heat Innings,175,2,Daniel Christian,2,0,23,0,0,0,11.50
35,"Dec 09, ",05:00 PM,"The Gabba, ",Brisbane,"Brisbane Heat vs Hobart Hurricanes, 3rd Match - Live Cricket Score, Commentary",Brisbane Heat Innings,175,2,James Hopes,2,0,30,1,0,1,15.00
36,"Dec 09, ",05:00 PM,"The Gabba, ",Brisbane,"Brisbane Heat vs Hobart Hurricanes, 3rd Match - Live Cricket Score, Commentary",Brisbane Heat Innings,175,2,Nathan Hauritz,3,0,17,0,0,0,5.67
37,"Dec 09, ",05:00 PM,"The Gabba, ",Brisbane,"Brisbane Heat vs Hobart Hurricanes, 3rd Match - Live Cricket Score, Commentary",Brisbane Heat Innings,175,2,Ben Cutting,3,0,19,1,0,0,6.33
38,"Dec 09, ",05:00 PM,"The Gabba, ",Brisbane,"Brisbane Heat vs Hobart Hurricanes, 3rd Match - Live Cricket Score, Commentary",Brisbane Heat Innings,175,2,Thisara Perera,2,0,20,0,0,1,10.00
39,"Dec 09, ",06:00 PM,"W.A.C.A. Ground, ",Perth,"Perth Scorchers vs Adelaide Strikers, 4th Match - Live Cricket Score, Commentary",Adelaide Strikers Innings,162,6,Kane Richardson,3,0,33,0,0,3,11.00
40,"Dec 09, ",06:00 PM,"W.A.C.A. Ground, ",Perth,"Perth Scorchers vs Adelaide Strikers, 4th Match - Live Cricket Score, Commentary",Adelaide Strikers Innings,162,6,Nathan Lyon,4,0,33,1,0,3,8.25
41,"Dec 09, ",06:00 PM,"W.A.C.A. Ground, ",Perth,"Perth Scorchers vs Adelaide Strikers, 4th Match - Live Cricket Score, Commentary",Adelaide Strikers Innings,162,6,Saeed Ajmal,4,0,22,1,0,0,5.50
42,"Dec 09, ",06:00 PM,"W.A.C.A. Ground, ",Perth,"Perth Scorchers vs Adelaide Strikers, 4th Match - Live Cricket Score, Commentary",Adelaide Strikers Innings,162,6,Johan Botha,4,0,23,1,0,0,5.75
43,"Dec 09, ",06:00 PM,"W.A.C.A. Ground, ",Perth,"Perth Scorchers vs Adelaide Strikers, 4th Match - Live Cricket Score, Commentary",Adelaide Strikers Innings,162,6,Gary Putland,4,0,39,2,0,0,9.75
44,"Dec 09, ",06:00 PM,"W.A.C.A. Ground, ",Perth,"Perth Scorchers vs Adelaide Strikers, 4th Match - Live Cricket Score, Commentary",Adelaide Strikers Innings,162,6,Theo Doropoulos,1,0,12,0,0,1,12.00
45,"Dec 09, ",06:00 PM,"W.A.C.A. Ground, ",Perth,"Perth Scorchers vs Adelaide Strikers, 4th Match - Live Cricket Score, Commentary",Perth Scorchers Innings,164,4,Michael Beer,4,0,29,0,0,0,7.25
46,"Dec 09, ",06:00 PM,"W.A.C.A. Ground, ",Perth,"Perth Scorchers vs Adelaide Strikers, 4th Match - Live Cricket Score, Commentary",Perth Scorchers Innings,164,4,Ben Edmondson,3.2,0,35,1,0,0,10.94
47,"Dec 09, ",06:00 PM,"W.A.C.A. Ground, ",Perth,"Perth Scorchers vs Adelaide Strikers, 4th Match - Live Cricket Score, Commentary",Perth Scorchers Innings,164,4,Nathan Coulter-Nile,4,0,35,1,0,0,8.75
48,"Dec 09, ",06:00 PM,"W.A.C.A. Ground, ",Perth,"Perth Scorchers vs Adelaide Strikers, 4th Match - Live Cricket Score, Commentary",Perth Scorchers Innings,164,4,Joe Mennie,4,0,29,1,1,0,7.25
49,"Dec 09, ",06:00 PM,"W.A.C.A. Ground, ",Perth,"Perth Scorchers vs Adelaide Strikers, 4th Match - Live Cricket Score, Commentary",Perth Scorchers Innings,164,4,Brad Hogg,4,0,33,1,0,0,8.25
50,"Dec 12, ",05:00 PM,"W.A.C.A. Ground, ",Perth,"Perth Scorchers vs Melbourne Stars, 5th Match - Live Cricket Score, Commentary",Melbourne Stars Innings,69,10,James Faulkner,4,1,16,2,0,2,4.00
51,"Dec 12, ",05:00 PM,"W.A.C.A. Ground, ",Perth,"Perth Scorchers vs Melbourne Stars, 5th Match - Live Cricket Score, Commentary",Melbourne Stars Innings,69,10,Lasith Malinga,4,1,7,6,0,3,1.75
52,"Dec 12, ",05:00 PM,"W.A.C.A. Ground, ",Perth,"Perth Scorchers vs Melbourne Stars, 5th Match - Live Cricket Score, Commentary",Melbourne Stars Innings,69,10,Clint McKay,3,0,28,0,0,3,9.33
53,"Dec 12, ",05:00 PM,"W.A.C.A. Ground, ",Perth,"Perth Scorchers vs Melbourne Stars, 5th Match - Live Cricket Score, Commentary",Melbourne Stars Innings,69,10,Shane Warne,3,0,9,1,0,1,3.00
54,"Dec 12, ",05:00 PM,"W.A.C.A. Ground, ",Perth,"Perth Scorchers vs Melbourne Stars, 5th Match - Live Cricket Score, Commentary",Melbourne Stars Innings,69,10,Luke Wright,1.2,0,7,1,0,0,5.83
55,"Dec 13, ",07:00 PM,"Adelaide Oval, ",Adelaide,"Adelaide Strikers vs Brisbane Heat, 6th Match - Live Cricket Score, Commentary",Brisbane Heat Innings,185,8,Nathan Hauritz,3,0,24,0,0,1,8.00
56,"Dec 13, ",07:00 PM,"Adelaide Oval, ",Adelaide,"Adelaide Strikers vs Brisbane Heat, 6th Match - Live Cricket Score, Commentary",Brisbane Heat Innings,185,8,Alister McDermott,4,0,48,3,0,1,12.00
57,"Dec 13, ",07:00 PM,"Adelaide Oval, ",Adelaide,"Adelaide Strikers vs Brisbane Heat, 6th Match - Live Cricket Score, Commentary",Brisbane Heat Innings,185,8,Daniel Christian,4,0,42,0,1,0,10.50
58,"Dec 13, ",07:00 PM,"Adelaide Oval, ",Adelaide,"Adelaide Strikers vs Brisbane Heat, 6th Match - Live Cricket Score, Commentary",Brisbane Heat Innings,185,8,Ben Cutting,4,0,37,2,0,0,9.25
59,"Dec 13, ",07:00 PM,"Adelaide Oval, ",Adelaide,"Adelaide Strikers vs Brisbane Heat, 6th Match - Live Cricket Score, Commentary",Brisbane Heat Innings,185,8,James Hopes,1,0,5,0,0,0,5.00
60,"Dec 13, ",07:00 PM,"Adelaide Oval, ",Adelaide,"Adelaide Strikers vs Brisbane Heat, 6th Match - Live Cricket Score, Commentary",Brisbane Heat Innings,185,8,Thisara Perera,4,0,27,3,0,2,6.75
61,"Dec 13, ",07:00 PM,"Adelaide Oval, ",Adelaide,"Adelaide Strikers vs Brisbane Heat, 6th Match - Live Cricket Score, Commentary",Adelaide Strikers Innings,186,7,Kane Richardson,4,0,22,1,0,3,5.50
62,"Dec 13, ",07:00 PM,"Adelaide Oval, ",Adelaide,"Adelaide Strikers vs Brisbane Heat, 6th Match - Live Cricket Score, Commentary",Adelaide Strikers Innings,186,7,Johan Botha,4,0,36,1,0,0,9.00
63,"Dec 13, ",07:00 PM,"Adelaide Oval, ",Adelaide,"Adelaide Strikers vs Brisbane Heat, 6th Match - Live Cricket Score, Commentary",Adelaide Strikers Innings,186,7,Gary Putland,4,0,39,0,1,0,9.75
64,"Dec 13, ",07:00 PM,"Adelaide Oval, ",Adelaide,"Adelaide Strikers vs Brisbane Heat, 6th Match - Live Cricket Score, Commentary",Adelaide Strikers Innings,186,7,Michael Neser,2,0,21,0,0,2,10.50
65,"Dec 13, ",07:00 PM,"Adelaide Oval, ",Adelaide,"Adelaide Strikers vs Brisbane Heat, 6th Match - Live Cricket Score, Commentary",Adelaide Strikers Innings,186,7,Cameron Boyce,2,0,27,1,0,0,13.50
66,"Dec 13, ",07:00 PM,"Adelaide Oval, ",Adelaide,"Adelaide Strikers vs Brisbane Heat, 6th Match - Live Cricket Score, Commentary",Adelaide Strikers Innings,186,7,Kieron Pollard,4,0,38,2,0,1,9.50
67,"Dec 14, ",07:00 PM,"Stadium Australia, ","Homebush Bay, Sydney","Sydney Thunder vs Melbourne Renegades, 7th Match - Live Cricket Score, Commentary",Melbourne Renegades Innings,116,7,William Sheridan,2,0,14,0,0,0,7.00
68,"Dec 14, ",07:00 PM,"Stadium Australia, ","Homebush Bay, Sydney","Sydney Thunder vs Melbourne Renegades, 7th Match - Live Cricket Score, Commentary",Melbourne Renegades Innings,116,7,Darren Pattinson,3,0,15,0,0,1,5.00
69,"Dec 14, ",07:00 PM,"Stadium Australia, ","Homebush Bay, Sydney","Sydney Thunder vs Melbourne Renegades, 7th Match - Live Cricket Score, Commentary",Melbourne Renegades Innings,116,7,Nathan Rimmington,3,0,17,0,0,0,5.67
70,"Dec 14, ",07:00 PM,"Stadium Australia, ","Homebush Bay, Sydney","Sydney Thunder vs Melbourne Renegades, 7th Match - Live Cricket Score, Commentary",Melbourne Renegades Innings,116,7,Marlon Samuels,4,0,28,1,0,0,7.00
71,"Dec 14, ",07:00 PM,"Stadium Australia, ","Homebush Bay, Sydney","Sydney Thunder vs Melbourne Renegades, 7th Match - Live Cricket Score, Commentary",Melbourne Renegades Innings,116,7,Muttiah Muralitharan,4,0,16,2,0,0,4.00
72,"Dec 14, ",07:00 PM,"Stadium Australia, ","Homebush Bay, Sydney","Sydney Thunder vs Melbourne Renegades, 7th Match - Live Cricket Score, Commentary",Melbourne Renegades Innings,116,7,Aaron O Brien,3,0,15,3,0,0,5.00
73,"Dec 14, ",07:00 PM,"Stadium Australia, ","Homebush Bay, Sydney","Sydney Thunder vs Melbourne Renegades, 7th Match - Live Cricket Score, Commentary",Melbourne Renegades Innings,116,7,Aaron Finch,1,0,7,0,0,0,7.00
74,"Dec 14, ",07:00 PM,"Stadium Australia, ","Homebush Bay, Sydney","Sydney Thunder vs Melbourne Renegades, 7th Match - Live Cricket Score, Commentary",Sydney Thunder Innings,117,5,Dirk Nannes,4,0,20,1,0,3,5.00
75,"Dec 14, ",07:00 PM,"Stadium Australia, ","Homebush Bay, Sydney","Sydney Thunder vs Melbourne Renegades, 7th Match - Live Cricket Score, Commentary",Sydney Thunder Innings,117,5,Chris Tremain,4,0,24,0,0,3,6.00
76,"Dec 14, ",07:00 PM,"Stadium Australia, ","Homebush Bay, Sydney","Sydney Thunder vs Melbourne Renegades, 7th Match - Live Cricket Score, Commentary",Sydney Thunder Innings,117,5,Azhar Mahmood,4,0,18,2,0,0,4.50
77,"Dec 14, ",07:00 PM,"Stadium Australia, ","Homebush Bay, Sydney","Sydney Thunder vs Melbourne Renegades, 7th Match - Live Cricket Score, Commentary",Sydney Thunder Innings,117,5,Luke Doran,2,0,12,0,0,0,6.00
78,"Dec 14, ",07:00 PM,"Stadium Australia, ","Homebush Bay, Sydney","Sydney Thunder vs Melbourne Renegades, 7th Match - Live Cricket Score, Commentary",Sydney Thunder Innings,117,5,Sean Abbott,3.2,0,28,1,0,1,8.75
79,"Dec 14, ",07:00 PM,"Stadium Australia, ","Homebush Bay, Sydney","Sydney Thunder vs Melbourne Renegades, 7th Match - Live Cricket Score, Commentary",Sydney Thunder Innings,117,5,Chris Gayle,1,0,9,0,0,2,9.00
80,"Dec 15, ",07:00 PM,"Melbourne Cricket Ground, ",Melbourne,"Melbourne Stars vs Hobart Hurricanes, 8th Match - Live Cricket Score, Commentary",Melbourne Stars Innings,134,8,Glenn Maxwell,1,0,9,0,0,0,9.00
81,"Dec 15, ",07:00 PM,"Melbourne Cricket Ground, ",Melbourne,"Melbourne Stars vs Hobart Hurricanes, 8th Match - Live Cricket Score, Commentary",Melbourne Stars Innings,134,8,Clint McKay,4,0,24,3,0,5,6.00
82,"Dec 15, ",07:00 PM,"Melbourne Cricket Ground, ",Melbourne,"Melbourne Stars vs Hobart Hurricanes, 8th Match - Live Cricket Score, Commentary",Melbourne Stars Innings,134,8,Lasith Malinga,4,0,19,2,0,0,4.75
83,"Dec 15, ",07:00 PM,"Melbourne Cricket Ground, ",Melbourne,"Melbourne Stars vs Hobart Hurricanes, 8th Match - Live Cricket Score, Commentary",Melbourne Stars Innings,134,8,James Faulkner,4,0,24,2,0,0,6.00
84,"Dec 15, ",07:00 PM,"Melbourne Cricket Ground, ",Melbourne,"Melbourne Stars vs Hobart Hurricanes, 8th Match - Live Cricket Score, Commentary",Melbourne Stars Innings,134,8,Shane Warne,4,0,31,0,0,0,7.75
85,"Dec 15, ",07:00 PM,"Melbourne Cricket Ground, ",Melbourne,"Melbourne Stars vs Hobart Hurricanes, 8th Match - Live Cricket Score, Commentary",Melbourne Stars Innings,134,8,Cameron White,2,0,12,1,0,1,6.00
86,"Dec 15, ",07:00 PM,"Melbourne Cricket Ground, ",Melbourne,"Melbourne Stars vs Hobart Hurricanes, 8th Match - Live Cricket Score, Commentary",Melbourne Stars Innings,134,8,Luke Wright,1,0,14,0,0,0,14.00
87,"Dec 15, ",07:00 PM,"Melbourne Cricket Ground, ",Melbourne,"Melbourne Stars vs Hobart Hurricanes, 8th Match - Live Cricket Score, Commentary",Hobart Hurricanes Innings,135,6,Doug Bollinger,4,2,22,2,0,0,5.50
88,"Dec 15, ",07:00 PM,"Melbourne Cricket Ground, ",Melbourne,"Melbourne Stars vs Hobart Hurricanes, 8th Match - Live Cricket Score, Commentary",Hobart Hurricanes Innings,135,6,Michael Hogan,4,0,30,1,0,0,7.50
89,"Dec 15, ",07:00 PM,"Melbourne Cricket Ground, ",Melbourne,"Melbourne Stars vs Hobart Hurricanes, 8th Match - Live Cricket Score, Commentary",Hobart Hurricanes Innings,135,6,Xavier Doherty,2,0,12,0,0,0,6.00
90,"Dec 15, ",07:00 PM,"Melbourne Cricket Ground, ",Melbourne,"Melbourne Stars vs Hobart Hurricanes, 8th Match - Live Cricket Score, Commentary",Hobart Hurricanes Innings,135,6,Ben Laughlin,4,0,14,3,0,0,3.50
91,"Dec 15, ",07:00 PM,"Melbourne Cricket Ground, ",Melbourne,"Melbourne Stars vs Hobart Hurricanes, 8th Match - Live Cricket Score, Commentary",Hobart Hurricanes Innings,135,6,Scott Styris,2,0,27,0,0,0,13.50
92,"Dec 15, ",07:00 PM,"Melbourne Cricket Ground, ",Melbourne,"Melbourne Stars vs Hobart Hurricanes, 8th Match - Live Cricket Score, Commentary",Hobart Hurricanes Innings,135,6,Evan Gulbis,3.1,0,28,0,1,0,9.03
93,"Dec 16, ",07:00 PM,"Sydney Cricket Ground, ",Sydney,"Sydney Sixers vs Perth Scorchers, 9th Match - Live Cricket Score, Commentary",Perth Scorchers Innings,113,9,Alfonso Thomas,4,0,27,2,0,1,6.75
94,"Dec 16, ",07:00 PM,"Sydney Cricket Ground, ",Sydney,"Sydney Sixers vs Perth Scorchers, 9th Match - Live Cricket Score, Commentary",Perth Scorchers Innings,113,9,Michael Beer,4,0,19,2,0,0,4.75
95,"Dec 16, ",07:00 PM,"Sydney Cricket Ground, ",Sydney,"Sydney Sixers vs Perth Scorchers, 9th Match - Live Cricket Score, Commentary",Perth Scorchers Innings,113,9,Nathan Coulter-Nile,4,0,9,1,0,0,2.25
96,"Dec 16, ",07:00 PM,"Sydney Cricket Ground, ",Sydney,"Sydney Sixers vs Perth Scorchers, 9th Match - Live Cricket Score, Commentary",Perth Scorchers Innings,113,9,Brad Hogg,4,0,15,1,0,0,3.75
97,"Dec 16, ",07:00 PM,"Sydney Cricket Ground, ",Sydney,"Sydney Sixers vs Perth Scorchers, 9th Match - Live Cricket Score, Commentary",Perth Scorchers Innings,113,9,Hilton Cartwright,4,0,41,2,0,1,10.25
98,"Dec 16, ",07:00 PM,"Sydney Cricket Ground, ",Sydney,"Sydney Sixers vs Perth Scorchers, 9th Match - Live Cricket Score, Commentary",Sydney Sixers Innings,114,3,Brett Lee,4,0,27,0,1,1,6.75
99,"Dec 16, ",07:00 PM,"Sydney Cricket Ground, ",Sydney,"Sydney Sixers vs Perth Scorchers, 9th Match - Live Cricket Score, Commentary",Sydney Sixers Innings,114,3,Luke Feldman,3.2,0,13,1,0,1,4.06
100,"Dec 16, ",07:00 PM,"Sydney Cricket Ground, ",Sydney,"Sydney Sixers vs Perth Scorchers, 9th Match - Live Cricket Score, Commentary",Sydney Sixers Innings,114,3,Sunil Narine,4,0,16,0,1,3,4.00
101,"Dec 16, ",07:00 PM,"Sydney Cricket Ground, ",Sydney,"Sydney Sixers vs Perth Scorchers, 9th Match - Live Cricket Score, Commentary",Sydney Sixers Innings,114,3,Steve OKeefe,4,0,35,1,0,1,8.75
102,"Dec 16, ",07:00 PM,"Sydney Cricket Ground, ",Sydney,"Sydney Sixers vs Perth Scorchers, 9th Match - Live Cricket Score, Commentary",Sydney Sixers Innings,114,3,Jeevan Mendis,4,0,19,1,0,0,4.75
103,"Dec 18, ",06:30 PM,"The Gabba, ",Brisbane,"Brisbane Heat vs Perth Scorchers, 10th Match - Live Cricket Score, Commentary",Perth Scorchers Innings,109,4,Alfonso Thomas,3,0,15,2,0,0,5.00
104,"Dec 18, ",06:30 PM,"The Gabba, ",Brisbane,"Brisbane Heat vs Perth Scorchers, 10th Match - Live Cricket Score, Commentary",Perth Scorchers Innings,109,4,Michael Beer,4,0,17,2,0,0,4.25
105,"Dec 18, ",06:30 PM,"The Gabba, ",Brisbane,"Brisbane Heat vs Perth Scorchers, 10th Match - Live Cricket Score, Commentary",Perth Scorchers Innings,109,4,Nathan Coulter-Nile,3,0,39,0,0,0,13.00
106,"Dec 18, ",06:30 PM,"The Gabba, ",Brisbane,"Brisbane Heat vs Perth Scorchers, 10th Match - Live Cricket Score, Commentary",Perth Scorchers Innings,109,4,Brad Hogg,2,0,18,0,0,0,9.00
107,"Dec 18, ",06:30 PM,"The Gabba, ",Brisbane,"Brisbane Heat vs Perth Scorchers, 10th Match - Live Cricket Score, Commentary",Perth Scorchers Innings,109,4,Marcus Stoinis,0,0,0,0,0,0,0.00
108,"Dec 18, ",06:30 PM,"The Gabba, ",Brisbane,"Brisbane Heat vs Perth Scorchers, 10th Match - Live Cricket Score, Commentary",Perth Scorchers Innings,109,4,Hilton Cartwright,1.1,0,18,0,0,1,16.36
109,"Dec 18, ",06:30 PM,"The Gabba, ",Brisbane,"Brisbane Heat vs Perth Scorchers, 10th Match - Live Cricket Score, Commentary",Brisbane Heat Innings,51,1,Kemar Roach,1,0,5,0,0,0,5.00
110,"Dec 18, ",06:30 PM,"The Gabba, ",Brisbane,"Brisbane Heat vs Perth Scorchers, 10th Match - Live Cricket Score, Commentary",Brisbane Heat Innings,51,1,Ben Cutting,1,0,11,0,0,0,11.00
111,"Dec 18, ",06:30 PM,"The Gabba, ",Brisbane,"Brisbane Heat vs Perth Scorchers, 10th Match - Live Cricket Score, Commentary",Brisbane Heat Innings,51,1,James Hopes,1,0,6,1,0,0,6.00
112,"Dec 18, ",06:30 PM,"The Gabba, ",Brisbane,"Brisbane Heat vs Perth Scorchers, 10th Match - Live Cricket Score, Commentary",Brisbane Heat Innings,51,1,Daniel Christian,1,0,21,0,0,0,21.00
113,"Dec 18, ",06:30 PM,"The Gabba, ",Brisbane,"Brisbane Heat vs Perth Scorchers, 10th Match - Live Cricket Score, Commentary",Brisbane Heat Innings,51,1,Thisara Perera,0.2,0,8,0,0,0,40.00
114,"Dec 19, ",07:00 PM,"Docklands Stadium, ",Melbourne,"Melbourne Renegades vs Hobart Hurricanes, 11th Match - Live Cricket Score, Commentary",Melbourne Renegades Innings,102,9,Aaron O Brien,4,0,19,1,0,2,4.75
115,"Dec 19, ",07:00 PM,"Docklands Stadium, ",Melbourne,"Melbourne Renegades vs Hobart Hurricanes, 11th Match - Live Cricket Score, Commentary",Melbourne Renegades Innings,102,9,Darren Pattinson,2,0,16,0,0,0,8.00
116,"Dec 19, ",07:00 PM,"Docklands Stadium, ",Melbourne,"Melbourne Renegades vs Hobart Hurricanes, 11th Match - Live Cricket Score, Commentary",Melbourne Renegades Innings,102,9,William Sheridan,2,0,6,0,0,0,3.00
117,"Dec 19, ",07:00 PM,"Docklands Stadium, ",Melbourne,"Melbourne Renegades vs Hobart Hurricanes, 11th Match - Live Cricket Score, Commentary",Melbourne Renegades Innings,102,9,Nathan Rimmington,4,0,18,3,0,2,4.50
118,"Dec 19, ",07:00 PM,"Docklands Stadium, ",Melbourne,"Melbourne Renegades vs Hobart Hurricanes, 11th Match - Live Cricket Score, Commentary",Melbourne Renegades Innings,102,9,Marlon Samuels,4,0,22,3,0,1,5.50
119,"Dec 19, ",07:00 PM,"Docklands Stadium, ",Melbourne,"Melbourne Renegades vs Hobart Hurricanes, 11th Match - Live Cricket Score, Commentary",Melbourne Renegades Innings,102,9,Muttiah Muralitharan,4,0,16,2,0,4,4.00
120,"Dec 19, ",07:00 PM,"Docklands Stadium, ",Melbourne,"Melbourne Renegades vs Hobart Hurricanes, 11th Match - Live Cricket Score, Commentary",Hobart Hurricanes Innings,103,3,Doug Bollinger,2,0,20,0,0,1,10.00
121,"Dec 19, ",07:00 PM,"Docklands Stadium, ",Melbourne,"Melbourne Renegades vs Hobart Hurricanes, 11th Match - Live Cricket Score, Commentary",Hobart Hurricanes Innings,103,3,Xavier Doherty,4,1,17,2,0,0,4.25
122,"Dec 19, ",07:00 PM,"Docklands Stadium, ",Melbourne,"Melbourne Renegades vs Hobart Hurricanes, 11th Match - Live Cricket Score, Commentary",Hobart Hurricanes Innings,103,3,Michael Hogan,1,0,16,1,0,0,16.00
123,"Dec 19, ",07:00 PM,"Docklands Stadium, ",Melbourne,"Melbourne Renegades vs Hobart Hurricanes, 11th Match - Live Cricket Score, Commentary",Hobart Hurricanes Innings,103,3,Ben Laughlin,3,0,19,0,0,1,6.33
124,"Dec 19, ",07:00 PM,"Docklands Stadium, ",Melbourne,"Melbourne Renegades vs Hobart Hurricanes, 11th Match - Live Cricket Score, Commentary",Hobart Hurricanes Innings,103,3,Jason Krejza,2,0,20,0,0,3,10.00
125,"Dec 19, ",07:00 PM,"Docklands Stadium, ",Melbourne,"Melbourne Renegades vs Hobart Hurricanes, 11th Match - Live Cricket Score, Commentary",Hobart Hurricanes Innings,103,3,Scott Styris,1.2,0,11,0,0,0,9.17
126,"Dec 20, ",07:00 PM,"Stadium Australia, ","Homebush Bay, Sydney","Sydney Thunder vs Adelaide Strikers, 12th Match - Live Cricket Score, Commentary",Sydney Thunder Innings,177,6,Chris Gayle,2,0,20,0,0,0,10.00
127,"Dec 20, ",07:00 PM,"Stadium Australia, ","Homebush Bay, Sydney","Sydney Thunder vs Adelaide Strikers, 12th Match - Live Cricket Score, Commentary",Sydney Thunder Innings,177,6,Dirk Nannes,4,0,17,4,0,1,4.25
128,"Dec 20, ",07:00 PM,"Stadium Australia, ","Homebush Bay, Sydney","Sydney Thunder vs Adelaide Strikers, 12th Match - Live Cricket Score, Commentary",Sydney Thunder Innings,177,6,Chris Tremain,4,0,43,1,1,0,10.75
129,"Dec 20, ",07:00 PM,"Stadium Australia, ","Homebush Bay, Sydney","Sydney Thunder vs Adelaide Strikers, 12th Match - Live Cricket Score, Commentary",Sydney Thunder Innings,177,6,Scott Coyte,3,0,32,0,0,0,10.67
130,"Dec 20, ",07:00 PM,"Stadium Australia, ","Homebush Bay, Sydney","Sydney Thunder vs Adelaide Strikers, 12th Match - Live Cricket Score, Commentary",Sydney Thunder Innings,177,6,Azhar Mahmood,2,0,18,0,0,1,9.00
131,"Dec 20, ",07:00 PM,"Stadium Australia, ","Homebush Bay, Sydney","Sydney Thunder vs Adelaide Strikers, 12th Match - Live Cricket Score, Commentary",Sydney Thunder Innings,177,6,Adam Zampa,4,0,38,1,0,0,9.50
132,"Dec 20, ",07:00 PM,"Stadium Australia, ","Homebush Bay, Sydney","Sydney Thunder vs Adelaide Strikers, 12th Match - Live Cricket Score, Commentary",Sydney Thunder Innings,177,6,Sean Abbott,1,0,6,0,0,0,6.00
133,"Dec 20, ",07:00 PM,"Stadium Australia, ","Homebush Bay, Sydney","Sydney Thunder vs Adelaide Strikers, 12th Match - Live Cricket Score, Commentary",Adelaide Strikers Innings,126,10,Johan Botha,4,0,30,0,0,0,7.50
134,"Dec 20, ",07:00 PM,"Stadium Australia, ","Homebush Bay, Sydney","Sydney Thunder vs Adelaide Strikers, 12th Match - Live Cricket Score, Commentary",Adelaide Strikers Innings,126,10,Kane Richardson,3.4,0,9,3,0,1,2.65
135,"Dec 20, ",07:00 PM,"Stadium Australia, ","Homebush Bay, Sydney","Sydney Thunder vs Adelaide Strikers, 12th Match - Live Cricket Score, Commentary",Adelaide Strikers Innings,126,10,Shaun Tait,3,0,22,3,0,4,7.33
136,"Dec 20, ",07:00 PM,"Stadium Australia, ","Homebush Bay, Sydney","Sydney Thunder vs Adelaide Strikers, 12th Match - Live Cricket Score, Commentary",Adelaide Strikers Innings,126,10,Gary Putland,2,0,21,0,0,1,10.50
137,"Dec 20, ",07:00 PM,"Stadium Australia, ","Homebush Bay, Sydney","Sydney Thunder vs Adelaide Strikers, 12th Match - Live Cricket Score, Commentary",Adelaide Strikers Innings,126,10,Kieron Pollard,3,0,19,1,0,0,6.33
138,"Dec 20, ",07:00 PM,"Stadium Australia, ","Homebush Bay, Sydney","Sydney Thunder vs Adelaide Strikers, 12th Match - Live Cricket Score, Commentary",Adelaide Strikers Innings,126,10,Cameron Boyce,3,0,24,2,0,1,8.00
139,"Dec 21, ",07:00 PM,"Melbourne Cricket Ground, ",Melbourne,"Melbourne Stars vs Sydney Sixers, 13th Match - Live Cricket Score, Commentary",Sydney Sixers Innings,177,6,Brett Lee,4,0,25,2,0,1,6.25
140,"Dec 21, ",07:00 PM,"Melbourne Cricket Ground, ",Melbourne,"Melbourne Stars vs Sydney Sixers, 13th Match - Live Cricket Score, Commentary",Sydney Sixers Innings,177,6,Steve OKeefe,3,0,11,0,0,1,3.67
141,"Dec 21, ",07:00 PM,"Melbourne Cricket Ground, ",Melbourne,"Melbourne Stars vs Sydney Sixers, 13th Match - Live Cricket Score, Commentary",Sydney Sixers Innings,177,6,Luke Feldman,2,0,23,0,0,0,11.50
142,"Dec 21, ",07:00 PM,"Melbourne Cricket Ground, ",Melbourne,"Melbourne Stars vs Sydney Sixers, 13th Match - Live Cricket Score, Commentary",Sydney Sixers Innings,177,6,Sunil Narine,4,0,31,0,1,0,7.75
143,"Dec 21, ",07:00 PM,"Melbourne Cricket Ground, ",Melbourne,"Melbourne Stars vs Sydney Sixers, 13th Match - Live Cricket Score, Commentary",Sydney Sixers Innings,177,6,Jeevan Mendis,2,0,24,0,0,0,12.00
144,"Dec 21, ",07:00 PM,"Melbourne Cricket Ground, ",Melbourne,"Melbourne Stars vs Sydney Sixers, 13th Match - Live Cricket Score, Commentary",Sydney Sixers Innings,177,6,Moises Henriques,2,0,30,0,0,0,15.00
145,"Dec 21, ",07:00 PM,"Melbourne Cricket Ground, ",Melbourne,"Melbourne Stars vs Sydney Sixers, 13th Match - Live Cricket Score, Commentary",Sydney Sixers Innings,177,6,Ian Moran,3,0,30,3,0,1,10.00
146,"Dec 21, ",07:00 PM,"Melbourne Cricket Ground, ",Melbourne,"Melbourne Stars vs Sydney Sixers, 13th Match - Live Cricket Score, Commentary",Melbourne Stars Innings,156,5,James Faulkner,4,0,24,0,1,3,6.00
147,"Dec 21, ",07:00 PM,"Melbourne Cricket Ground, ",Melbourne,"Melbourne Stars vs Sydney Sixers, 13th Match - Live Cricket Score, Commentary",Melbourne Stars Innings,156,5,Clint McKay,4,0,40,1,0,0,10.00
148,"Dec 21, ",07:00 PM,"Melbourne Cricket Ground, ",Melbourne,"Melbourne Stars vs Sydney Sixers, 13th Match - Live Cricket Score, Commentary",Melbourne Stars Innings,156,5,Lasith Malinga,4,0,18,1,0,1,4.50
149,"Dec 21, ",07:00 PM,"Melbourne Cricket Ground, ",Melbourne,"Melbourne Stars vs Sydney Sixers, 13th Match - Live Cricket Score, Commentary",Melbourne Stars Innings,156,5,David Hussey,1,0,14,0,0,0,14.00
150,"Dec 21, ",07:00 PM,"Melbourne Cricket Ground, ",Melbourne,"Melbourne Stars vs Sydney Sixers, 13th Match - Live Cricket Score, Commentary",Melbourne Stars Innings,156,5,Shane Warne,4,0,32,2,0,1,8.00
151,"Dec 21, ",07:00 PM,"Melbourne Cricket Ground, ",Melbourne,"Melbourne Stars vs Sydney Sixers, 13th Match - Live Cricket Score, Commentary",Melbourne Stars Innings,156,5,Cameron White,3,0,24,1,0,1,8.00
152,"Dec 22, ",07:00 PM,"Docklands Stadium, ",Melbourne,"Melbourne Renegades vs Brisbane Heat, 14th Match - Live Cricket Score, Commentary",Melbourne Renegades Innings,133,7,William Sheridan,4,0,27,1,0,0,6.75
153,"Dec 22, ",07:00 PM,"Docklands Stadium, ",Melbourne,"Melbourne Renegades vs Brisbane Heat, 14th Match - Live Cricket Score, Commentary",Melbourne Renegades Innings,133,7,Marlon Samuels,4,0,18,0,0,0,4.50
154,"Dec 22, ",07:00 PM,"Docklands Stadium, ",Melbourne,"Melbourne Renegades vs Brisbane Heat, 14th Match - Live Cricket Score, Commentary",Melbourne Renegades Innings,133,7,Darren Pattinson,4,0,32,2,0,1,8.00
155,"Dec 22, ",07:00 PM,"Docklands Stadium, ",Melbourne,"Melbourne Renegades vs Brisbane Heat, 14th Match - Live Cricket Score, Commentary",Melbourne Renegades Innings,133,7,Aaron O Brien,2,0,14,1,0,0,7.00
156,"Dec 22, ",07:00 PM,"Docklands Stadium, ",Melbourne,"Melbourne Renegades vs Brisbane Heat, 14th Match - Live Cricket Score, Commentary",Melbourne Renegades Innings,133,7,Nathan Rimmington,2,0,19,0,0,2,9.50
157,"Dec 22, ",07:00 PM,"Docklands Stadium, ",Melbourne,"Melbourne Renegades vs Brisbane Heat, 14th Match - Live Cricket Score, Commentary",Melbourne Renegades Innings,133,7,Muttiah Muralitharan,4,0,22,2,0,0,5.50
158,"Dec 22, ",07:00 PM,"Docklands Stadium, ",Melbourne,"Melbourne Renegades vs Brisbane Heat, 14th Match - Live Cricket Score, Commentary",Brisbane Heat Innings,134,4,Kemar Roach,3.1,0,29,1,0,0,9.35
159,"Dec 22, ",07:00 PM,"Docklands Stadium, ",Melbourne,"Melbourne Renegades vs Brisbane Heat, 14th Match - Live Cricket Score, Commentary",Brisbane Heat Innings,134,4,Daniel Christian,4,0,27,0,0,1,6.75
160,"Dec 22, ",07:00 PM,"Docklands Stadium, ",Melbourne,"Melbourne Renegades vs Brisbane Heat, 14th Match - Live Cricket Score, Commentary",Brisbane Heat Innings,134,4,Ben Cutting,4,0,12,2,0,0,3.00
161,"Dec 22, ",07:00 PM,"Docklands Stadium, ",Melbourne,"Melbourne Renegades vs Brisbane Heat, 14th Match - Live Cricket Score, Commentary",Brisbane Heat Innings,134,4,James Hopes,4,0,20,1,0,0,5.00
162,"Dec 22, ",07:00 PM,"Docklands Stadium, ",Melbourne,"Melbourne Renegades vs Brisbane Heat, 14th Match - Live Cricket Score, Commentary",Brisbane Heat Innings,134,4,Thisara Perera,4,0,38,0,0,0,9.50
163,"Dec 23, ",04:30 PM,"Bellerive Oval, ",Hobart,"Hobart Hurricanes vs Sydney Thunder, 15th Match - Live Cricket Score, Commentary",Sydney Thunder Innings,177,4,Sean Abbott,1,0,8,0,0,2,8.00
164,"Dec 23, ",04:30 PM,"Bellerive Oval, ",Hobart,"Hobart Hurricanes vs Sydney Thunder, 15th Match - Live Cricket Score, Commentary",Sydney Thunder Innings,177,4,Dirk Nannes,4,0,44,0,0,0,11.00
165,"Dec 23, ",04:30 PM,"Bellerive Oval, ",Hobart,"Hobart Hurricanes vs Sydney Thunder, 15th Match - Live Cricket Score, Commentary",Sydney Thunder Innings,177,4,Scott Coyte,3,1,17,0,0,0,5.67
166,"Dec 23, ",04:30 PM,"Bellerive Oval, ",Hobart,"Hobart Hurricanes vs Sydney Thunder, 15th Match - Live Cricket Score, Commentary",Sydney Thunder Innings,177,4,Azhar Mahmood,3,0,44,0,1,1,14.67
167,"Dec 23, ",04:30 PM,"Bellerive Oval, ",Hobart,"Hobart Hurricanes vs Sydney Thunder, 15th Match - Live Cricket Score, Commentary",Sydney Thunder Innings,177,4,Adam Zampa,4,0,26,3,0,1,6.50
168,"Dec 23, ",04:30 PM,"Bellerive Oval, ",Hobart,"Hobart Hurricanes vs Sydney Thunder, 15th Match - Live Cricket Score, Commentary",Sydney Thunder Innings,177,4,Simon Keen,1,0,10,0,0,0,10.00
169,"Dec 23, ",04:30 PM,"Bellerive Oval, ",Hobart,"Hobart Hurricanes vs Sydney Thunder, 15th Match - Live Cricket Score, Commentary",Sydney Thunder Innings,177,4,Chris Gayle,4,0,25,1,0,1,6.25
170,"Dec 23, ",04:30 PM,"Bellerive Oval, ",Hobart,"Hobart Hurricanes vs Sydney Thunder, 15th Match - Live Cricket Score, Commentary",Hobart Hurricanes Innings,147,9,Scott Styris,4,0,25,1,0,1,6.25
171,"Dec 23, ",04:30 PM,"Bellerive Oval, ",Hobart,"Hobart Hurricanes vs Sydney Thunder, 15th Match - Live Cricket Score, Commentary",Hobart Hurricanes Innings,147,9,Doug Bollinger,4,0,34,1,0,1,8.50
172,"Dec 23, ",04:30 PM,"Bellerive Oval, ",Hobart,"Hobart Hurricanes vs Sydney Thunder, 15th Match - Live Cricket Score, Commentary",Hobart Hurricanes Innings,147,9,Evan Gulbis,3,0,16,1,1,0,5.33
173,"Dec 23, ",04:30 PM,"Bellerive Oval, ",Hobart,"Hobart Hurricanes vs Sydney Thunder, 15th Match - Live Cricket Score, Commentary",Hobart Hurricanes Innings,147,9,Ben Laughlin,4,0,23,2,0,1,5.75
174,"Dec 23, ",04:30 PM,"Bellerive Oval, ",Hobart,"Hobart Hurricanes vs Sydney Thunder, 15th Match - Live Cricket Score, Commentary",Hobart Hurricanes Innings,147,9,Xavier Doherty,4,0,32,3,0,0,8.00
175,"Dec 23, ",04:30 PM,"Bellerive Oval, ",Hobart,"Hobart Hurricanes vs Sydney Thunder, 15th Match - Live Cricket Score, Commentary",Hobart Hurricanes Innings,147,9,Ricky Ponting,1,0,11,1,0,1,11.00
176,"Dec 23, ",07:00 PM,"Adelaide Oval, ",Adelaide,"Adelaide Strikers vs Sydney Sixers, 16th Match - Live Cricket Score, Commentary",Adelaide Strikers Innings,135,6,Kane Richardson,4,0,33,0,0,4,8.25
177,"Dec 23, ",07:00 PM,"Adelaide Oval, ",Adelaide,"Adelaide Strikers vs Sydney Sixers, 16th Match - Live Cricket Score, Commentary",Adelaide Strikers Innings,135,6,Brad Young,3,0,11,1,0,0,3.67
178,"Dec 23, ",07:00 PM,"Adelaide Oval, ",Adelaide,"Adelaide Strikers vs Sydney Sixers, 16th Match - Live Cricket Score, Commentary",Adelaide Strikers Innings,135,6,Shaun Tait,3,0,13,2,1,1,4.33
179,"Dec 23, ",07:00 PM,"Adelaide Oval, ",Adelaide,"Adelaide Strikers vs Sydney Sixers, 16th Match - Live Cricket Score, Commentary",Adelaide Strikers Innings,135,6,Cameron Boyce,3,0,17,0,0,0,5.67
180,"Dec 23, ",07:00 PM,"Adelaide Oval, ",Adelaide,"Adelaide Strikers vs Sydney Sixers, 16th Match - Live Cricket Score, Commentary",Adelaide Strikers Innings,135,6,Johan Botha,3,0,22,0,0,0,7.33
181,"Dec 23, ",07:00 PM,"Adelaide Oval, ",Adelaide,"Adelaide Strikers vs Sydney Sixers, 16th Match - Live Cricket Score, Commentary",Adelaide Strikers Innings,135,6,Kieron Pollard,1,0,15,0,0,0,15.00
182,"Dec 23, ",07:00 PM,"Adelaide Oval, ",Adelaide,"Adelaide Strikers vs Sydney Sixers, 16th Match - Live Cricket Score, Commentary",Adelaide Strikers Innings,135,6,Matt Johnston,3,0,22,1,0,0,7.33
183,"Dec 23, ",07:00 PM,"Adelaide Oval, ",Adelaide,"Adelaide Strikers vs Sydney Sixers, 16th Match - Live Cricket Score, Commentary",Sydney Sixers Innings,136,1,Brett Lee,4,0,32,0,1,0,8.00
184,"Dec 23, ",07:00 PM,"Adelaide Oval, ",Adelaide,"Adelaide Strikers vs Sydney Sixers, 16th Match - Live Cricket Score, Commentary",Sydney Sixers Innings,136,1,Steve OKeefe,2.5,0,24,1,0,7,9.60
185,"Dec 23, ",07:00 PM,"Adelaide Oval, ",Adelaide,"Adelaide Strikers vs Sydney Sixers, 16th Match - Live Cricket Score, Commentary",Sydney Sixers Innings,136,1,Sunil Narine,4,0,27,0,0,1,6.75
186,"Dec 23, ",07:00 PM,"Adelaide Oval, ",Adelaide,"Adelaide Strikers vs Sydney Sixers, 16th Match - Live Cricket Score, Commentary",Sydney Sixers Innings,136,1,Luke Feldman,1,0,14,0,0,0,14.00
187,"Dec 23, ",07:00 PM,"Adelaide Oval, ",Adelaide,"Adelaide Strikers vs Sydney Sixers, 16th Match - Live Cricket Score, Commentary",Sydney Sixers Innings,136,1,Josh Lalor,2,0,23,0,0,0,11.50
188,"Dec 23, ",07:00 PM,"Adelaide Oval, ",Adelaide,"Adelaide Strikers vs Sydney Sixers, 16th Match - Live Cricket Score, Commentary",Sydney Sixers Innings,136,1,Steven Smith,2,0,16,0,0,0,8.00
189,"Dec 26, ",07:00 PM,"Sydney Cricket Ground, ",Sydney,"Sydney Sixers vs Hobart Hurricanes, 17th Match - Live Cricket Score, Commentary",Hobart Hurricanes Innings,154,8,Doug Bollinger,4,0,20,1,0,0,5.00
190,"Dec 26, ",07:00 PM,"Sydney Cricket Ground, ",Sydney,"Sydney Sixers vs Hobart Hurricanes, 17th Match - Live Cricket Score, Commentary",Hobart Hurricanes Innings,154,8,Jason Krejza,4,0,26,0,0,1,6.50
191,"Dec 26, ",07:00 PM,"Sydney Cricket Ground, ",Sydney,"Sydney Sixers vs Hobart Hurricanes, 17th Match - Live Cricket Score, Commentary",Hobart Hurricanes Innings,154,8,Michael Hogan,4,0,47,1,0,0,11.75
192,"Dec 26, ",07:00 PM,"Sydney Cricket Ground, ",Sydney,"Sydney Sixers vs Hobart Hurricanes, 17th Match - Live Cricket Score, Commentary",Hobart Hurricanes Innings,154,8,Ben Laughlin,4,0,31,4,0,1,7.75
193,"Dec 26, ",07:00 PM,"Sydney Cricket Ground, ",Sydney,"Sydney Sixers vs Hobart Hurricanes, 17th Match - Live Cricket Score, Commentary",Hobart Hurricanes Innings,154,8,Xavier Doherty,4,0,26,2,0,0,6.50
194,"Dec 26, ",07:00 PM,"Sydney Cricket Ground, ",Sydney,"Sydney Sixers vs Hobart Hurricanes, 17th Match - Live Cricket Score, Commentary",Sydney Sixers Innings,158,3,Josh Lalor,3,0,28,0,0,0,9.33
195,"Dec 26, ",07:00 PM,"Sydney Cricket Ground, ",Sydney,"Sydney Sixers vs Hobart Hurricanes, 17th Match - Live Cricket Score, Commentary",Sydney Sixers Innings,158,3,Brett Lee,4,0,21,1,0,1,5.25
196,"Dec 26, ",07:00 PM,"Sydney Cricket Ground, ",Sydney,"Sydney Sixers vs Hobart Hurricanes, 17th Match - Live Cricket Score, Commentary",Sydney Sixers Innings,158,3,Sunil Narine,4,0,39,0,1,0,9.75
197,"Dec 26, ",07:00 PM,"Sydney Cricket Ground, ",Sydney,"Sydney Sixers vs Hobart Hurricanes, 17th Match - Live Cricket Score, Commentary",Sydney Sixers Innings,158,3,Steve OKeefe,2,0,18,0,0,0,9.00
198,"Dec 26, ",07:00 PM,"Sydney Cricket Ground, ",Sydney,"Sydney Sixers vs Hobart Hurricanes, 17th Match - Live Cricket Score, Commentary",Sydney Sixers Innings,158,3,Luke Feldman,4,0,21,2,0,1,5.25
199,"Dec 26, ",07:00 PM,"Sydney Cricket Ground, ",Sydney,"Sydney Sixers vs Hobart Hurricanes, 17th Match - Live Cricket Score, Commentary",Sydney Sixers Innings,158,3,Moises Henriques,2.5,0,28,0,0,1,11.20
200,"Dec 27, ",07:00 PM,"Adelaide Oval, ",Adelaide,"Adelaide Strikers vs Melbourne Stars, 18th Match - Live Cricket Score, Commentary",Adelaide Strikers Innings,175,8,Kane Richardson,4,0,27,1,0,2,6.75
201,"Dec 27, ",07:00 PM,"Adelaide Oval, ",Adelaide,"Adelaide Strikers vs Melbourne Stars, 18th Match - Live Cricket Score, Commentary",Adelaide Strikers Innings,175,8,Johan Botha,4,0,26,1,0,1,6.50
202,"Dec 27, ",07:00 PM,"Adelaide Oval, ",Adelaide,"Adelaide Strikers vs Melbourne Stars, 18th Match - Live Cricket Score, Commentary",Adelaide Strikers Innings,175,8,Shaun Tait,4,0,36,2,0,1,9.00
203,"Dec 27, ",07:00 PM,"Adelaide Oval, ",Adelaide,"Adelaide Strikers vs Melbourne Stars, 18th Match - Live Cricket Score, Commentary",Adelaide Strikers Innings,175,8,Matt Johnston,2,0,29,1,0,0,14.50
204,"Dec 27, ",07:00 PM,"Adelaide Oval, ",Adelaide,"Adelaide Strikers vs Melbourne Stars, 18th Match - Live Cricket Score, Commentary",Adelaide Strikers Innings,175,8,Brad Young,3,0,27,1,0,0,9.00
205,"Dec 27, ",07:00 PM,"Adelaide Oval, ",Adelaide,"Adelaide Strikers vs Melbourne Stars, 18th Match - Live Cricket Score, Commentary",Adelaide Strikers Innings,175,8,Cameron Boyce,1,0,8,0,0,0,8.00
206,"Dec 27, ",07:00 PM,"Adelaide Oval, ",Adelaide,"Adelaide Strikers vs Melbourne Stars, 18th Match - Live Cricket Score, Commentary",Adelaide Strikers Innings,175,8,Kieron Pollard,2,0,19,1,0,0,9.50
207,"Dec 27, ",07:00 PM,"Adelaide Oval, ",Adelaide,"Adelaide Strikers vs Melbourne Stars, 18th Match - Live Cricket Score, Commentary",Melbourne Stars Innings,167,4,Clive Rose,3,0,32,0,0,0,10.67
208,"Dec 27, ",07:00 PM,"Adelaide Oval, ",Adelaide,"Adelaide Strikers vs Melbourne Stars, 18th Match - Live Cricket Score, Commentary",Melbourne Stars Innings,167,4,Clint McKay,4,0,27,0,0,2,6.75
209,"Dec 27, ",07:00 PM,"Adelaide Oval, ",Adelaide,"Adelaide Strikers vs Melbourne Stars, 18th Match - Live Cricket Score, Commentary",Melbourne Stars Innings,167,4,James Faulkner,4,0,32,2,0,1,8.00
210,"Dec 27, ",07:00 PM,"Adelaide Oval, ",Adelaide,"Adelaide Strikers vs Melbourne Stars, 18th Match - Live Cricket Score, Commentary",Melbourne Stars Innings,167,4,Lasith Malinga,4,0,29,1,0,3,7.25
211,"Dec 27, ",07:00 PM,"Adelaide Oval, ",Adelaide,"Adelaide Strikers vs Melbourne Stars, 18th Match - Live Cricket Score, Commentary",Melbourne Stars Innings,167,4,John Hastings,4,0,37,1,0,1,9.25
212,"Dec 27, ",07:00 PM,"Adelaide Oval, ",Adelaide,"Adelaide Strikers vs Melbourne Stars, 18th Match - Live Cricket Score, Commentary",Melbourne Stars Innings,167,4,David Hussey,1,0,9,0,0,0,9.00
213,"Dec 28, ",07:00 PM,"Sydney Cricket Ground, ",Sydney,"Sydney Thunder vs Brisbane Heat, 19th Match - Live Cricket Score, Commentary",Brisbane Heat Innings,126,10,James Hopes,4,0,15,1,0,1,3.75
214,"Dec 28, ",07:00 PM,"Sydney Cricket Ground, ",Sydney,"Sydney Thunder vs Brisbane Heat, 19th Match - Live Cricket Score, Commentary",Brisbane Heat Innings,126,10,Kemar Roach,4,0,26,0,0,4,6.50
215,"Dec 28, ",07:00 PM,"Sydney Cricket Ground, ",Sydney,"Sydney Thunder vs Brisbane Heat, 19th Match - Live Cricket Score, Commentary",Brisbane Heat Innings,126,10,Ben Cutting,3,1,12,1,0,1,4.00
216,"Dec 28, ",07:00 PM,"Sydney Cricket Ground, ",Sydney,"Sydney Thunder vs Brisbane Heat, 19th Match - Live Cricket Score, Commentary",Brisbane Heat Innings,126,10,Nathan Hauritz,3,0,26,0,0,0,8.67
217,"Dec 28, ",07:00 PM,"Sydney Cricket Ground, ",Sydney,"Sydney Thunder vs Brisbane Heat, 19th Match - Live Cricket Score, Commentary",Brisbane Heat Innings,126,10,Thisara Perera,2,0,19,0,0,0,9.50
218,"Dec 28, ",07:00 PM,"Sydney Cricket Ground, ",Sydney,"Sydney Thunder vs Brisbane Heat, 19th Match - Live Cricket Score, Commentary",Brisbane Heat Innings,126,10,Daniel Christian,4,0,26,5,0,0,6.50
219,"Dec 28, ",07:00 PM,"Sydney Cricket Ground, ",Sydney,"Sydney Thunder vs Brisbane Heat, 19th Match - Live Cricket Score, Commentary",Sydney Thunder Innings,127,5,Sean Abbott,1.4,0,16,0,0,0,11.43
220,"Dec 28, ",07:00 PM,"Sydney Cricket Ground, ",Sydney,"Sydney Thunder vs Brisbane Heat, 19th Match - Live Cricket Score, Commentary",Sydney Thunder Innings,127,5,Dirk Nannes,4,1,31,2,0,1,7.75
221,"Dec 28, ",07:00 PM,"Sydney Cricket Ground, ",Sydney,"Sydney Thunder vs Brisbane Heat, 19th Match - Live Cricket Score, Commentary",Sydney Thunder Innings,127,5,Scott Coyte,3,0,13,0,0,1,4.33
222,"Dec 28, ",07:00 PM,"Sydney Cricket Ground, ",Sydney,"Sydney Thunder vs Brisbane Heat, 19th Match - Live Cricket Score, Commentary",Sydney Thunder Innings,127,5,Chris Tremain,4,0,27,2,0,1,6.75
223,"Dec 28, ",07:00 PM,"Sydney Cricket Ground, ",Sydney,"Sydney Thunder vs Brisbane Heat, 19th Match - Live Cricket Score, Commentary",Sydney Thunder Innings,127,5,Adam Zampa,4,0,34,1,0,0,8.50
224,"Dec 29, ",06:00 PM,"W.A.C.A. Ground, ",Perth,"Perth Scorchers vs Melbourne Renegades, 20th Match - Live Cricket Score, Commentary",Melbourne Renegades Innings,187,3,William Sheridan,3,0,22,1,0,0,7.33
225,"Dec 29, ",06:00 PM,"W.A.C.A. Ground, ",Perth,"Perth Scorchers vs Melbourne Renegades, 20th Match - Live Cricket Score, Commentary",Melbourne Renegades Innings,187,3,Nathan Rimmington,2,0,21,0,0,0,10.50
226,"Dec 29, ",06:00 PM,"W.A.C.A. Ground, ",Perth,"Perth Scorchers vs Melbourne Renegades, 20th Match - Live Cricket Score, Commentary",Melbourne Renegades Innings,187,3,Darren Pattinson,2,0,19,0,0,1,9.50
227,"Dec 29, ",06:00 PM,"W.A.C.A. Ground, ",Perth,"Perth Scorchers vs Melbourne Renegades, 20th Match - Live Cricket Score, Commentary",Melbourne Renegades Innings,187,3,Marlon Samuels,4,0,35,0,0,1,8.75
228,"Dec 29, ",06:00 PM,"W.A.C.A. Ground, ",Perth,"Perth Scorchers vs Melbourne Renegades, 20th Match - Live Cricket Score, Commentary",Melbourne Renegades Innings,187,3,Aaron O Brien,1,0,14,0,0,0,14.00
229,"Dec 29, ",06:00 PM,"W.A.C.A. Ground, ",Perth,"Perth Scorchers vs Melbourne Renegades, 20th Match - Live Cricket Score, Commentary",Melbourne Renegades Innings,187,3,Muttiah Muralitharan,4,0,29,0,0,0,7.25
230,"Dec 29, ",06:00 PM,"W.A.C.A. Ground, ",Perth,"Perth Scorchers vs Melbourne Renegades, 20th Match - Live Cricket Score, Commentary",Melbourne Renegades Innings,187,3,Aaron Finch,4,0,46,1,0,1,11.50
231,"Dec 29, ",06:00 PM,"W.A.C.A. Ground, ",Perth,"Perth Scorchers vs Melbourne Renegades, 20th Match - Live Cricket Score, Commentary",Perth Scorchers Innings,136,10,Michael Beer,4,0,21,1,0,5,5.25
232,"Dec 29, ",06:00 PM,"W.A.C.A. Ground, ",Perth,"Perth Scorchers vs Melbourne Renegades, 20th Match - Live Cricket Score, Commentary",Perth Scorchers Innings,136,10,Jason Behrendorff,4,0,44,3,0,2,11.00
233,"Dec 29, ",06:00 PM,"W.A.C.A. Ground, ",Perth,"Perth Scorchers vs Melbourne Renegades, 20th Match - Live Cricket Score, Commentary",Perth Scorchers Innings,136,10,Alfonso Thomas,3.1,0,8,4,0,0,2.58
234,"Dec 29, ",06:00 PM,"W.A.C.A. Ground, ",Perth,"Perth Scorchers vs Melbourne Renegades, 20th Match - Live Cricket Score, Commentary",Perth Scorchers Innings,136,10,Brad Hogg,4,0,26,0,0,1,6.50
235,"Dec 29, ",06:00 PM,"W.A.C.A. Ground, ",Perth,"Perth Scorchers vs Melbourne Renegades, 20th Match - Live Cricket Score, Commentary",Perth Scorchers Innings,136,10,Nathan Coulter-Nile,4,0,36,2,0,0,9.00
236,"Dec 30, ",07:00 PM,"Stadium Australia, ","Homebush Bay, Sydney","Sydney Thunder vs Sydney Sixers, 21st Match - Live Cricket Score, Commentary",Sydney Sixers Innings,132,6,Brett Lee,4,0,25,0,0,1,6.25
237,"Dec 30, ",07:00 PM,"Stadium Australia, ","Homebush Bay, Sydney","Sydney Thunder vs Sydney Sixers, 21st Match - Live Cricket Score, Commentary",Sydney Sixers Innings,132,6,Josh Lalor,4,0,20,2,0,1,5.00
238,"Dec 30, ",07:00 PM,"Stadium Australia, ","Homebush Bay, Sydney","Sydney Thunder vs Sydney Sixers, 21st Match - Live Cricket Score, Commentary",Sydney Sixers Innings,132,6,Luke Feldman,4,0,23,2,0,0,5.75
239,"Dec 30, ",07:00 PM,"Stadium Australia, ","Homebush Bay, Sydney","Sydney Thunder vs Sydney Sixers, 21st Match - Live Cricket Score, Commentary",Sydney Sixers Innings,132,6,Sunil Narine,4,0,23,1,1,0,5.75
240,"Dec 30, ",07:00 PM,"Stadium Australia, ","Homebush Bay, Sydney","Sydney Thunder vs Sydney Sixers, 21st Match - Live Cricket Score, Commentary",Sydney Sixers Innings,132,6,Moises Henriques,4,0,36,1,0,2,9.00
241,"Dec 30, ",07:00 PM,"Stadium Australia, ","Homebush Bay, Sydney","Sydney Thunder vs Sydney Sixers, 21st Match - Live Cricket Score, Commentary",Sydney Thunder Innings,136,6,Chris Gayle,4,0,17,2,0,0,4.25
242,"Dec 30, ",07:00 PM,"Stadium Australia, ","Homebush Bay, Sydney","Sydney Thunder vs Sydney Sixers, 21st Match - Live Cricket Score, Commentary",Sydney Thunder Innings,136,6,Dirk Nannes,4,0,24,3,0,2,6.00
243,"Dec 30, ",07:00 PM,"Stadium Australia, ","Homebush Bay, Sydney","Sydney Thunder vs Sydney Sixers, 21st Match - Live Cricket Score, Commentary",Sydney Thunder Innings,136,6,Chris Tremain,4,0,35,1,0,1,8.75
244,"Dec 30, ",07:00 PM,"Stadium Australia, ","Homebush Bay, Sydney","Sydney Thunder vs Sydney Sixers, 21st Match - Live Cricket Score, Commentary",Sydney Thunder Innings,136,6,Scott Coyte,4,0,26,0,0,0,6.50
245,"Dec 30, ",07:00 PM,"Stadium Australia, ","Homebush Bay, Sydney","Sydney Thunder vs Sydney Sixers, 21st Match - Live Cricket Score, Commentary",Sydney Thunder Innings,136,6,Sean Abbott,2,0,25,0,0,0,12.50
246,"Dec 30, ",07:00 PM,"Stadium Australia, ","Homebush Bay, Sydney","Sydney Thunder vs Sydney Sixers, 21st Match - Live Cricket Score, Commentary",Sydney Thunder Innings,136,6,Adam Zampa,1,0,8,0,0,0,8.00
247,"Jan 01, ",07:00 PM,"Bellerive Oval, ",Hobart,"Hobart Hurricanes vs Perth Scorchers, 22nd Match - Live Cricket Score, Commentary",Hobart Hurricanes Innings,152,8,Xavier Doherty,4,1,20,1,0,2,5.00
248,"Jan 01, ",07:00 PM,"Bellerive Oval, ",Hobart,"Hobart Hurricanes vs Perth Scorchers, 22nd Match - Live Cricket Score, Commentary",Hobart Hurricanes Innings,152,8,Doug Bollinger,4,0,28,1,0,0,7.00
249,"Jan 01, ",07:00 PM,"Bellerive Oval, ",Hobart,"Hobart Hurricanes vs Perth Scorchers, 22nd Match - Live Cricket Score, Commentary",Hobart Hurricanes Innings,152,8,Evan Gulbis,4,0,37,2,0,2,9.25
250,"Jan 01, ",07:00 PM,"Bellerive Oval, ",Hobart,"Hobart Hurricanes vs Perth Scorchers, 22nd Match - Live Cricket Score, Commentary",Hobart Hurricanes Innings,152,8,Jason Krejza,3,0,31,0,0,2,10.33
251,"Jan 01, ",07:00 PM,"Bellerive Oval, ",Hobart,"Hobart Hurricanes vs Perth Scorchers, 22nd Match - Live Cricket Score, Commentary",Hobart Hurricanes Innings,152,8,Ben Laughlin,4,0,19,3,0,1,4.75
252,"Jan 01, ",07:00 PM,"Bellerive Oval, ",Hobart,"Hobart Hurricanes vs Perth Scorchers, 22nd Match - Live Cricket Score, Commentary",Hobart Hurricanes Innings,152,8,Ricky Ponting,1,0,12,0,0,0,12.00
253,"Jan 01, ",07:00 PM,"Bellerive Oval, ",Hobart,"Hobart Hurricanes vs Perth Scorchers, 22nd Match - Live Cricket Score, Commentary",Perth Scorchers Innings,153,4,Michael Beer,4,0,25,0,0,0,6.25
254,"Jan 01, ",07:00 PM,"Bellerive Oval, ",Hobart,"Hobart Hurricanes vs Perth Scorchers, 22nd Match - Live Cricket Score, Commentary",Perth Scorchers Innings,153,4,Alfonso Thomas,4,0,35,1,0,3,8.75
255,"Jan 01, ",07:00 PM,"Bellerive Oval, ",Hobart,"Hobart Hurricanes vs Perth Scorchers, 22nd Match - Live Cricket Score, Commentary",Perth Scorchers Innings,153,4,Jason Behrendorff,3,0,34,0,0,1,11.33
256,"Jan 01, ",07:00 PM,"Bellerive Oval, ",Hobart,"Hobart Hurricanes vs Perth Scorchers, 22nd Match - Live Cricket Score, Commentary",Perth Scorchers Innings,153,4,Nathan Coulter-Nile,3.3,0,41,0,0,1,12.42
257,"Jan 01, ",07:00 PM,"Bellerive Oval, ",Hobart,"Hobart Hurricanes vs Perth Scorchers, 22nd Match - Live Cricket Score, Commentary",Perth Scorchers Innings,153,4,Brad Hogg,4,0,17,3,0,1,4.25
258,"Jan 02, ",07:00 PM,"Docklands Stadium, ",Melbourne,"Melbourne Renegades vs Adelaide Strikers, 23rd Match - Live Cricket Score, Commentary",Adelaide Strikers Innings,155,6,Gary Putland,3,1,21,0,1,1,7.00
259,"Jan 02, ",07:00 PM,"Docklands Stadium, ",Melbourne,"Melbourne Renegades vs Adelaide Strikers, 23rd Match - Live Cricket Score, Commentary",Adelaide Strikers Innings,155,6,Brad Young,4,0,37,2,0,0,9.25
260,"Jan 02, ",07:00 PM,"Docklands Stadium, ",Melbourne,"Melbourne Renegades vs Adelaide Strikers, 23rd Match - Live Cricket Score, Commentary",Adelaide Strikers Innings,155,6,Kane Richardson,3,0,23,1,0,1,7.67
261,"Jan 02, ",07:00 PM,"Docklands Stadium, ",Melbourne,"Melbourne Renegades vs Adelaide Strikers, 23rd Match - Live Cricket Score, Commentary",Adelaide Strikers Innings,155,6,Michael Neser,4,0,36,1,1,2,9.00
262,"Jan 02, ",07:00 PM,"Docklands Stadium, ",Melbourne,"Melbourne Renegades vs Adelaide Strikers, 23rd Match - Live Cricket Score, Commentary",Adelaide Strikers Innings,155,6,Johan Botha,4,0,17,1,0,0,4.25
263,"Jan 02, ",07:00 PM,"Docklands Stadium, ",Melbourne,"Melbourne Renegades vs Adelaide Strikers, 23rd Match - Live Cricket Score, Commentary",Adelaide Strikers Innings,155,6,Kieron Pollard,2,0,17,1,0,1,8.50
264,"Jan 02, ",07:00 PM,"Docklands Stadium, ",Melbourne,"Melbourne Renegades vs Adelaide Strikers, 23rd Match - Live Cricket Score, Commentary",Melbourne Renegades Innings,107,10,Aaron O Brien,3,0,19,0,0,0,6.33
265,"Jan 02, ",07:00 PM,"Docklands Stadium, ",Melbourne,"Melbourne Renegades vs Adelaide Strikers, 23rd Match - Live Cricket Score, Commentary",Melbourne Renegades Innings,107,10,Darren Pattinson,3,0,27,0,0,0,9.00
266,"Jan 02, ",07:00 PM,"Docklands Stadium, ",Melbourne,"Melbourne Renegades vs Adelaide Strikers, 23rd Match - Live Cricket Score, Commentary",Melbourne Renegades Innings,107,10,Nathan Rimmington,4,0,22,2,0,0,5.50
267,"Jan 02, ",07:00 PM,"Docklands Stadium, ",Melbourne,"Melbourne Renegades vs Adelaide Strikers, 23rd Match - Live Cricket Score, Commentary",Melbourne Renegades Innings,107,10,Muttiah Muralitharan,4,0,18,3,0,1,4.50
268,"Jan 02, ",07:00 PM,"Docklands Stadium, ",Melbourne,"Melbourne Renegades vs Adelaide Strikers, 23rd Match - Live Cricket Score, Commentary",Melbourne Renegades Innings,107,10,Marlon Samuels,3,0,16,3,0,0,5.33
269,"Jan 02, ",07:00 PM,"Docklands Stadium, ",Melbourne,"Melbourne Renegades vs Adelaide Strikers, 23rd Match - Live Cricket Score, Commentary",Melbourne Renegades Innings,107,10,William Sheridan,1.3,0,2,1,0,0,1.54
270,"Jan 03, ",06:30 PM,"The Gabba, ",Brisbane,"Brisbane Heat vs Melbourne Stars, 24th Match - Live Cricket Score, Commentary",Melbourne Stars Innings,171,5,James Faulkner,4,0,33,0,0,1,8.25
271,"Jan 03, ",06:30 PM,"The Gabba, ",Brisbane,"Brisbane Heat vs Melbourne Stars, 24th Match - Live Cricket Score, Commentary",Melbourne Stars Innings,171,5,Clint McKay,4,0,39,1,0,1,9.75
272,"Jan 03, ",06:30 PM,"The Gabba, ",Brisbane,"Brisbane Heat vs Melbourne Stars, 24th Match - Live Cricket Score, Commentary",Melbourne Stars Innings,171,5,John Hastings,4,0,32,0,1,2,8.00
273,"Jan 03, ",06:30 PM,"The Gabba, ",Brisbane,"Brisbane Heat vs Melbourne Stars, 24th Match - Live Cricket Score, Commentary",Melbourne Stars Innings,171,5,Lasith Malinga,4,1,26,3,0,7,6.50
274,"Jan 03, ",06:30 PM,"The Gabba, ",Brisbane,"Brisbane Heat vs Melbourne Stars, 24th Match - Live Cricket Score, Commentary",Melbourne Stars Innings,171,5,Shane Warne,3,0,22,0,0,1,7.33
275,"Jan 03, ",06:30 PM,"The Gabba, ",Brisbane,"Brisbane Heat vs Melbourne Stars, 24th Match - Live Cricket Score, Commentary",Melbourne Stars Innings,171,5,David Hussey,1,0,11,0,0,0,11.00
276,"Jan 03, ",06:30 PM,"The Gabba, ",Brisbane,"Brisbane Heat vs Melbourne Stars, 24th Match - Live Cricket Score, Commentary",Brisbane Heat Innings,147,9,Kemar Roach,4,0,23,1,0,0,5.75
277,"Jan 03, ",06:30 PM,"The Gabba, ",Brisbane,"Brisbane Heat vs Melbourne Stars, 24th Match - Live Cricket Score, Commentary",Brisbane Heat Innings,147,9,Alister McDermott,4,0,21,2,0,1,5.25
278,"Jan 03, ",06:30 PM,"The Gabba, ",Brisbane,"Brisbane Heat vs Melbourne Stars, 24th Match - Live Cricket Score, Commentary",Brisbane Heat Innings,147,9,Ben Cutting,3,0,27,0,0,1,9.00
279,"Jan 03, ",06:30 PM,"The Gabba, ",Brisbane,"Brisbane Heat vs Melbourne Stars, 24th Match - Live Cricket Score, Commentary",Brisbane Heat Innings,147,9,James Hopes,4,0,28,3,0,2,7.00
280,"Jan 03, ",06:30 PM,"The Gabba, ",Brisbane,"Brisbane Heat vs Melbourne Stars, 24th Match - Live Cricket Score, Commentary",Brisbane Heat Innings,147,9,Nathan Hauritz,1,0,13,0,0,0,13.00
281,"Jan 03, ",06:30 PM,"The Gabba, ",Brisbane,"Brisbane Heat vs Melbourne Stars, 24th Match - Live Cricket Score, Commentary",Brisbane Heat Innings,147,9,Daniel Christian,2,0,16,0,0,0,8.00
282,"Jan 03, ",06:30 PM,"The Gabba, ",Brisbane,"Brisbane Heat vs Melbourne Stars, 24th Match - Live Cricket Score, Commentary",Brisbane Heat Innings,147,9,Thisara Perera,2,0,18,3,0,0,9.00
283,"Jan 04, ",06:00 PM,"W.A.C.A. Ground, ",Perth,"Perth Scorchers vs Sydney Thunder, 25th Match - Live Cricket Score, Commentary",Perth Scorchers Innings,113,9,Alfonso Thomas,4,0,21,0,0,2,5.25
284,"Jan 04, ",06:00 PM,"W.A.C.A. Ground, ",Perth,"Perth Scorchers vs Sydney Thunder, 25th Match - Live Cricket Score, Commentary",Perth Scorchers Innings,113,9,Jason Behrendorff,4,0,16,2,0,1,4.00
285,"Jan 04, ",06:00 PM,"W.A.C.A. Ground, ",Perth,"Perth Scorchers vs Sydney Thunder, 25th Match - Live Cricket Score, Commentary",Perth Scorchers Innings,113,9,Nathan Coulter-Nile,4,0,22,1,0,0,5.50
286,"Jan 04, ",06:00 PM,"W.A.C.A. Ground, ",Perth,"Perth Scorchers vs Sydney Thunder, 25th Match - Live Cricket Score, Commentary",Perth Scorchers Innings,113,9,Michael Beer,4,0,23,2,0,0,5.75
287,"Jan 04, ",06:00 PM,"W.A.C.A. Ground, ",Perth,"Perth Scorchers vs Sydney Thunder, 25th Match - Live Cricket Score, Commentary",Perth Scorchers Innings,113,9,Brad Hogg,4,0,29,4,0,0,7.25
288,"Jan 04, ",06:00 PM,"W.A.C.A. Ground, ",Perth,"Perth Scorchers vs Sydney Thunder, 25th Match - Live Cricket Score, Commentary",Sydney Thunder Innings,117,1,Dirk Nannes,4,0,38,0,0,0,9.50
289,"Jan 04, ",06:00 PM,"W.A.C.A. Ground, ",Perth,"Perth Scorchers vs Sydney Thunder, 25th Match - Live Cricket Score, Commentary",Sydney Thunder Innings,117,1,Gurinder Sandhu,4,0,18,1,0,2,4.50
290,"Jan 04, ",06:00 PM,"W.A.C.A. Ground, ",Perth,"Perth Scorchers vs Sydney Thunder, 25th Match - Live Cricket Score, Commentary",Sydney Thunder Innings,117,1,Scott Coyte,1,0,11,0,1,5,11.00
291,"Jan 04, ",06:00 PM,"W.A.C.A. Ground, ",Perth,"Perth Scorchers vs Sydney Thunder, 25th Match - Live Cricket Score, Commentary",Sydney Thunder Innings,117,1,Adam Zampa,3.2,0,34,0,0,0,10.63
292,"Jan 04, ",06:00 PM,"W.A.C.A. Ground, ",Perth,"Perth Scorchers vs Sydney Thunder, 25th Match - Live Cricket Score, Commentary",Sydney Thunder Innings,117,1,Chris Gayle,1,0,8,0,0,0,8.00
293,"Jan 05, ",07:00 PM,"Bellerive Oval, ",Hobart,"Hobart Hurricanes vs Adelaide Strikers, 26th Match - Live Cricket Score, Commentary",Hobart Hurricanes Innings,162,4,Xavier Doherty,4,0,25,1,0,0,6.25
294,"Jan 05, ",07:00 PM,"Bellerive Oval, ",Hobart,"Hobart Hurricanes vs Adelaide Strikers, 26th Match - Live Cricket Score, Commentary",Hobart Hurricanes Innings,162,4,Doug Bollinger,4,0,30,0,0,0,7.50
295,"Jan 05, ",07:00 PM,"Bellerive Oval, ",Hobart,"Hobart Hurricanes vs Adelaide Strikers, 26th Match - Live Cricket Score, Commentary",Hobart Hurricanes Innings,162,4,Evan Gulbis,4,0,35,1,0,0,8.75
296,"Jan 05, ",07:00 PM,"Bellerive Oval, ",Hobart,"Hobart Hurricanes vs Adelaide Strikers, 26th Match - Live Cricket Score, Commentary",Hobart Hurricanes Innings,162,4,Scott Styris,4,0,42,1,0,1,10.50
297,"Jan 05, ",07:00 PM,"Bellerive Oval, ",Hobart,"Hobart Hurricanes vs Adelaide Strikers, 26th Match - Live Cricket Score, Commentary",Hobart Hurricanes Innings,162,4,Ben Laughlin,4,0,25,0,0,0,6.25
298,"Jan 05, ",07:00 PM,"Bellerive Oval, ",Hobart,"Hobart Hurricanes vs Adelaide Strikers, 26th Match - Live Cricket Score, Commentary",Adelaide Strikers Innings,124,8,Brad Young,4,0,17,0,0,0,4.25
299,"Jan 05, ",07:00 PM,"Bellerive Oval, ",Hobart,"Hobart Hurricanes vs Adelaide Strikers, 26th Match - Live Cricket Score, Commentary",Adelaide Strikers Innings,124,8,Shaun Tait,4,0,23,1,0,0,5.75
300,"Jan 05, ",07:00 PM,"Bellerive Oval, ",Hobart,"Hobart Hurricanes vs Adelaide Strikers, 26th Match - Live Cricket Score, Commentary",Adelaide Strikers Innings,124,8,Kane Richardson,4,0,26,2,0,1,6.50
301,"Jan 05, ",07:00 PM,"Bellerive Oval, ",Hobart,"Hobart Hurricanes vs Adelaide Strikers, 26th Match - Live Cricket Score, Commentary",Adelaide Strikers Innings,124,8,Johan Botha,4,0,23,1,0,1,5.75
302,"Jan 05, ",07:00 PM,"Bellerive Oval, ",Hobart,"Hobart Hurricanes vs Adelaide Strikers, 26th Match - Live Cricket Score, Commentary",Adelaide Strikers Innings,124,8,Cameron Boyce,3,0,17,3,0,0,5.67
303,"Jan 05, ",07:00 PM,"Bellerive Oval, ",Hobart,"Hobart Hurricanes vs Adelaide Strikers, 26th Match - Live Cricket Score, Commentary",Adelaide Strikers Innings,124,8,Michael Neser,1,0,8,1,0,0,8.00
304,"Jan 06, ",07:00 PM,"Melbourne Cricket Ground, ",Melbourne,"Melbourne Stars vs Melbourne Renegades, 27th Match - Live Cricket Score, Commentary",Melbourne Renegades Innings,146,9,Aaron O Brien,4,0,22,1,0,1,5.50
305,"Jan 06, ",07:00 PM,"Melbourne Cricket Ground, ",Melbourne,"Melbourne Stars vs Melbourne Renegades, 27th Match - Live Cricket Score, Commentary",Melbourne Renegades Innings,146,9,William Sheridan,4,0,36,3,1,2,9.00
306,"Jan 06, ",07:00 PM,"Melbourne Cricket Ground, ",Melbourne,"Melbourne Stars vs Melbourne Renegades, 27th Match - Live Cricket Score, Commentary",Melbourne Renegades Innings,146,9,Darren Pattinson,3,0,12,2,0,0,4.00
307,"Jan 06, ",07:00 PM,"Melbourne Cricket Ground, ",Melbourne,"Melbourne Stars vs Melbourne Renegades, 27th Match - Live Cricket Score, Commentary",Melbourne Renegades Innings,146,9,Nathan Rimmington,2,0,23,0,0,0,11.50
308,"Jan 06, ",07:00 PM,"Melbourne Cricket Ground, ",Melbourne,"Melbourne Stars vs Melbourne Renegades, 27th Match - Live Cricket Score, Commentary",Melbourne Renegades Innings,146,9,Marlon Samuels,3,0,26,1,0,0,8.67
309,"Jan 06, ",07:00 PM,"Melbourne Cricket Ground, ",Melbourne,"Melbourne Stars vs Melbourne Renegades, 27th Match - Live Cricket Score, Commentary",Melbourne Renegades Innings,146,9,Muttiah Muralitharan,4,0,27,1,0,5,6.75
310,"Jan 06, ",07:00 PM,"Melbourne Cricket Ground, ",Melbourne,"Melbourne Stars vs Melbourne Renegades, 27th Match - Live Cricket Score, Commentary",Melbourne Stars Innings,147,1,John Hastings,3.5,0,31,0,0,1,8.86
311,"Jan 06, ",07:00 PM,"Melbourne Cricket Ground, ",Melbourne,"Melbourne Stars vs Melbourne Renegades, 27th Match - Live Cricket Score, Commentary",Melbourne Stars Innings,147,1,Lasith Malinga,4,0,20,0,0,1,5.00
312,"Jan 06, ",07:00 PM,"Melbourne Cricket Ground, ",Melbourne,"Melbourne Stars vs Melbourne Renegades, 27th Match - Live Cricket Score, Commentary",Melbourne Stars Innings,147,1,James Faulkner,2,0,26,0,0,0,13.00
313,"Jan 06, ",07:00 PM,"Melbourne Cricket Ground, ",Melbourne,"Melbourne Stars vs Melbourne Renegades, 27th Match - Live Cricket Score, Commentary",Melbourne Stars Innings,147,1,Clint McKay,3,0,26,0,0,3,8.67
314,"Jan 06, ",07:00 PM,"Melbourne Cricket Ground, ",Melbourne,"Melbourne Stars vs Melbourne Renegades, 27th Match - Live Cricket Score, Commentary",Melbourne Stars Innings,147,1,Shane Warne,4,0,24,1,0,1,6.00
315,"Jan 06, ",07:00 PM,"Melbourne Cricket Ground, ",Melbourne,"Melbourne Stars vs Melbourne Renegades, 27th Match - Live Cricket Score, Commentary",Melbourne Stars Innings,147,1,Glenn Maxwell,1,0,7,0,0,1,7.00
316,"Jan 06, ",07:00 PM,"Melbourne Cricket Ground, ",Melbourne,"Melbourne Stars vs Melbourne Renegades, 27th Match - Live Cricket Score, Commentary",Melbourne Stars Innings,147,1,Cameron White,1,0,11,0,0,0,11.00
317,"Jan 07, ",06:30 PM,"The Gabba, ",Brisbane,"Brisbane Heat vs Sydney Sixers, 28th Match - Live Cricket Score, Commentary",Sydney Sixers Innings,127,9,Sachithra Senanayake,4,1,19,0,0,0,4.75
318,"Jan 07, ",06:30 PM,"The Gabba, ",Brisbane,"Brisbane Heat vs Sydney Sixers, 28th Match - Live Cricket Score, Commentary",Sydney Sixers Innings,127,9,Steve OKeefe,4,0,21,3,0,0,5.25
319,"Jan 07, ",06:30 PM,"The Gabba, ",Brisbane,"Brisbane Heat vs Sydney Sixers, 28th Match - Live Cricket Score, Commentary",Sydney Sixers Innings,127,9,Brett Lee,4,0,29,1,0,1,7.25
320,"Jan 07, ",06:30 PM,"The Gabba, ",Brisbane,"Brisbane Heat vs Sydney Sixers, 28th Match - Live Cricket Score, Commentary",Sydney Sixers Innings,127,9,Luke Feldman,4,0,26,2,0,0,6.50
321,"Jan 07, ",06:30 PM,"The Gabba, ",Brisbane,"Brisbane Heat vs Sydney Sixers, 28th Match - Live Cricket Score, Commentary",Sydney Sixers Innings,127,9,Josh Hazlewood,4,0,32,3,0,0,8.00
322,"Jan 07, ",06:30 PM,"The Gabba, ",Brisbane,"Brisbane Heat vs Sydney Sixers, 28th Match - Live Cricket Score, Commentary",Brisbane Heat Innings,128,5,Nathan Hauritz,3,0,27,0,0,0,9.00
323,"Jan 07, ",06:30 PM,"The Gabba, ",Brisbane,"Brisbane Heat vs Sydney Sixers, 28th Match - Live Cricket Score, Commentary",Brisbane Heat Innings,128,5,Kemar Roach,4,0,23,0,0,0,5.75
324,"Jan 07, ",06:30 PM,"The Gabba, ",Brisbane,"Brisbane Heat vs Sydney Sixers, 28th Match - Live Cricket Score, Commentary",Brisbane Heat Innings,128,5,Alister McDermott,2,0,17,1,0,0,8.50
325,"Jan 07, ",06:30 PM,"The Gabba, ",Brisbane,"Brisbane Heat vs Sydney Sixers, 28th Match - Live Cricket Score, Commentary",Brisbane Heat Innings,128,5,Daniel Christian,3,0,21,2,0,1,7.00
326,"Jan 07, ",06:30 PM,"The Gabba, ",Brisbane,"Brisbane Heat vs Sydney Sixers, 28th Match - Live Cricket Score, Commentary",Brisbane Heat Innings,128,5,James Hopes,4,0,28,0,0,1,7.00
327,"Jan 07, ",06:30 PM,"The Gabba, ",Brisbane,"Brisbane Heat vs Sydney Sixers, 28th Match - Live Cricket Score, Commentary",Brisbane Heat Innings,128,5,Ben Cutting,3,0,9,2,0,0,3.00
328,"Jan 08, ",07:00 PM,"Melbourne Cricket Ground, ",Melbourne,"Melbourne Stars vs Sydney Thunder, 29th Match - Live Cricket Score, Commentary",Sydney Thunder Innings,145,8,Luke Doran,2,0,13,0,0,0,6.50
329,"Jan 08, ",07:00 PM,"Melbourne Cricket Ground, ",Melbourne,"Melbourne Stars vs Sydney Thunder, 29th Match - Live Cricket Score, Commentary",Sydney Thunder Innings,145,8,Gurinder Sandhu,4,0,33,2,0,2,8.25
330,"Jan 08, ",07:00 PM,"Melbourne Cricket Ground, ",Melbourne,"Melbourne Stars vs Sydney Thunder, 29th Match - Live Cricket Score, Commentary",Sydney Thunder Innings,145,8,Dirk Nannes,4,0,18,1,0,0,4.50
331,"Jan 08, ",07:00 PM,"Melbourne Cricket Ground, ",Melbourne,"Melbourne Stars vs Sydney Thunder, 29th Match - Live Cricket Score, Commentary",Sydney Thunder Innings,145,8,Sean Abbott,4,0,31,1,0,2,7.75
332,"Jan 08, ",07:00 PM,"Melbourne Cricket Ground, ",Melbourne,"Melbourne Stars vs Sydney Thunder, 29th Match - Live Cricket Score, Commentary",Sydney Thunder Innings,145,8,Adam Zampa,2,0,14,0,0,0,7.00
333,"Jan 08, ",07:00 PM,"Melbourne Cricket Ground, ",Melbourne,"Melbourne Stars vs Sydney Thunder, 29th Match - Live Cricket Score, Commentary",Sydney Thunder Innings,145,8,Simon Keen,3,0,28,1,1,0,9.33
334,"Jan 08, ",07:00 PM,"Melbourne Cricket Ground, ",Melbourne,"Melbourne Stars vs Sydney Thunder, 29th Match - Live Cricket Score, Commentary",Sydney Thunder Innings,145,8,Chris Gayle,1,0,5,2,0,0,5.00
335,"Jan 08, ",07:00 PM,"Melbourne Cricket Ground, ",Melbourne,"Melbourne Stars vs Sydney Thunder, 29th Match - Live Cricket Score, Commentary",Melbourne Stars Innings,132,10,James Faulkner,3.4,0,24,3,0,0,7.06
336,"Jan 08, ",07:00 PM,"Melbourne Cricket Ground, ",Melbourne,"Melbourne Stars vs Sydney Thunder, 29th Match - Live Cricket Score, Commentary",Melbourne Stars Innings,132,10,Jackson Bird,4,0,20,1,0,0,5.00
337,"Jan 08, ",07:00 PM,"Melbourne Cricket Ground, ",Melbourne,"Melbourne Stars vs Sydney Thunder, 29th Match - Live Cricket Score, Commentary",Melbourne Stars Innings,132,10,John Hastings,3,0,33,1,0,0,11.00
338,"Jan 08, ",07:00 PM,"Melbourne Cricket Ground, ",Melbourne,"Melbourne Stars vs Sydney Thunder, 29th Match - Live Cricket Score, Commentary",Melbourne Stars Innings,132,10,Dimitri Mascarenhas,4,0,27,2,0,0,6.75
339,"Jan 08, ",07:00 PM,"Melbourne Cricket Ground, ",Melbourne,"Melbourne Stars vs Sydney Thunder, 29th Match - Live Cricket Score, Commentary",Melbourne Stars Innings,132,10,Clint McKay,4,0,21,1,0,0,5.25
340,"Jan 08, ",07:00 PM,"Melbourne Cricket Ground, ",Melbourne,"Melbourne Stars vs Sydney Thunder, 29th Match - Live Cricket Score, Commentary",Melbourne Stars Innings,132,10,Glenn Maxwell,1,0,5,1,0,0,5.00
341,"Jan 09, ",07:00 PM,"Sydney Cricket Ground, ",Sydney,"Sydney Sixers vs Melbourne Renegades, 30th Match - Live Cricket Score, Commentary",Sydney Sixers Innings,178,5,Brett Lee,4,0,19,0,0,2,4.75
342,"Jan 09, ",07:00 PM,"Sydney Cricket Ground, ",Sydney,"Sydney Sixers vs Melbourne Renegades, 30th Match - Live Cricket Score, Commentary",Sydney Sixers Innings,178,5,Sachithra Senanayake,4,1,19,1,0,1,4.75
343,"Jan 09, ",07:00 PM,"Sydney Cricket Ground, ",Sydney,"Sydney Sixers vs Melbourne Renegades, 30th Match - Live Cricket Score, Commentary",Sydney Sixers Innings,178,5,Josh Hazlewood,4,0,44,1,0,0,11.00
344,"Jan 09, ",07:00 PM,"Sydney Cricket Ground, ",Sydney,"Sydney Sixers vs Melbourne Renegades, 30th Match - Live Cricket Score, Commentary",Sydney Sixers Innings,178,5,Luke Feldman,4,0,33,1,0,1,8.25
345,"Jan 09, ",07:00 PM,"Sydney Cricket Ground, ",Sydney,"Sydney Sixers vs Melbourne Renegades, 30th Match - Live Cricket Score, Commentary",Sydney Sixers Innings,178,5,Steve OKeefe,3,0,50,0,0,0,16.67
346,"Jan 09, ",07:00 PM,"Sydney Cricket Ground, ",Sydney,"Sydney Sixers vs Melbourne Renegades, 30th Match - Live Cricket Score, Commentary",Sydney Sixers Innings,178,5,Moises Henriques,1,0,9,1,0,1,9.00
347,"Jan 09, ",07:00 PM,"Sydney Cricket Ground, ",Sydney,"Sydney Sixers vs Melbourne Renegades, 30th Match - Live Cricket Score, Commentary",Melbourne Renegades Innings,149,10,William Sheridan,4,0,28,3,0,8,7.00
348,"Jan 09, ",07:00 PM,"Sydney Cricket Ground, ",Sydney,"Sydney Sixers vs Melbourne Renegades, 30th Match - Live Cricket Score, Commentary",Melbourne Renegades Innings,149,10,Nathan Rimmington,4,0,27,3,0,0,6.75
349,"Jan 09, ",07:00 PM,"Sydney Cricket Ground, ",Sydney,"Sydney Sixers vs Melbourne Renegades, 30th Match - Live Cricket Score, Commentary",Melbourne Renegades Innings,149,10,Darren Pattinson,4,0,34,3,0,5,8.50
350,"Jan 09, ",07:00 PM,"Sydney Cricket Ground, ",Sydney,"Sydney Sixers vs Melbourne Renegades, 30th Match - Live Cricket Score, Commentary",Melbourne Renegades Innings,149,10,Aaron O Brien,3,0,11,1,0,0,3.67
351,"Jan 09, ",07:00 PM,"Sydney Cricket Ground, ",Sydney,"Sydney Sixers vs Melbourne Renegades, 30th Match - Live Cricket Score, Commentary",Melbourne Renegades Innings,149,10,Fawad Ahmed,4,0,34,0,0,0,8.50
352,"Jan 09, ",07:00 PM,"Sydney Cricket Ground, ",Sydney,"Sydney Sixers vs Melbourne Renegades, 30th Match - Live Cricket Score, Commentary",Melbourne Renegades Innings,149,10,Daniel Harris,1,0,10,0,0,0,10.00
353,"Jan 10, ",07:00 PM,"Adelaide Oval, ",Adelaide,"Adelaide Strikers vs Perth Scorchers, 31st Match - Live Cricket Score, Commentary",Adelaide Strikers Innings,189,4,Brad Young,4,0,28,1,0,0,7.00
354,"Jan 10, ",07:00 PM,"Adelaide Oval, ",Adelaide,"Adelaide Strikers vs Perth Scorchers, 31st Match - Live Cricket Score, Commentary",Adelaide Strikers Innings,189,4,Nathan Lyon,1,0,17,0,0,0,17.00
355,"Jan 10, ",07:00 PM,"Adelaide Oval, ",Adelaide,"Adelaide Strikers vs Perth Scorchers, 31st Match - Live Cricket Score, Commentary",Adelaide Strikers Innings,189,4,Shaun Tait,4,0,36,1,0,9,9.00
356,"Jan 10, ",07:00 PM,"Adelaide Oval, ",Adelaide,"Adelaide Strikers vs Perth Scorchers, 31st Match - Live Cricket Score, Commentary",Adelaide Strikers Innings,189,4,Kane Richardson,4,0,42,2,0,0,10.50
357,"Jan 10, ",07:00 PM,"Adelaide Oval, ",Adelaide,"Adelaide Strikers vs Perth Scorchers, 31st Match - Live Cricket Score, Commentary",Adelaide Strikers Innings,189,4,Cameron Boyce,3,0,28,0,0,0,9.33
358,"Jan 10, ",07:00 PM,"Adelaide Oval, ",Adelaide,"Adelaide Strikers vs Perth Scorchers, 31st Match - Live Cricket Score, Commentary",Adelaide Strikers Innings,189,4,Johan Botha,4,0,37,0,0,0,9.25
359,"Jan 10, ",07:00 PM,"Adelaide Oval, ",Adelaide,"Adelaide Strikers vs Perth Scorchers, 31st Match - Live Cricket Score, Commentary",Perth Scorchers Innings,91,10,Michael Beer,4,0,14,2,0,0,3.50
360,"Jan 10, ",07:00 PM,"Adelaide Oval, ",Adelaide,"Adelaide Strikers vs Perth Scorchers, 31st Match - Live Cricket Score, Commentary",Perth Scorchers Innings,91,10,Jason Behrendorff,4,0,26,1,0,2,6.50
361,"Jan 10, ",07:00 PM,"Adelaide Oval, ",Adelaide,"Adelaide Strikers vs Perth Scorchers, 31st Match - Live Cricket Score, Commentary",Perth Scorchers Innings,91,10,Alfonso Thomas,3.3,0,14,3,0,0,4.24
362,"Jan 10, ",07:00 PM,"Adelaide Oval, ",Adelaide,"Adelaide Strikers vs Perth Scorchers, 31st Match - Live Cricket Score, Commentary",Perth Scorchers Innings,91,10,Nathan Coulter-Nile,3,0,13,3,0,1,4.33
363,"Jan 10, ",07:00 PM,"Adelaide Oval, ",Adelaide,"Adelaide Strikers vs Perth Scorchers, 31st Match - Live Cricket Score, Commentary",Perth Scorchers Innings,91,10,Brad Hogg,4,0,22,1,0,1,5.50
364,"Jan 12, ",07:00 PM,"Bellerive Oval, ",Hobart,"Hobart Hurricanes vs Brisbane Heat, 32nd Match - Live Cricket Score, Commentary",Brisbane Heat Innings,150,3,Nathan Hauritz,2,0,15,0,0,1,7.50
365,"Jan 12, ",07:00 PM,"Bellerive Oval, ",Hobart,"Hobart Hurricanes vs Brisbane Heat, 32nd Match - Live Cricket Score, Commentary",Brisbane Heat Innings,150,3,Alister McDermott,4,0,35,0,0,0,8.75
366,"Jan 12, ",07:00 PM,"Bellerive Oval, ",Hobart,"Hobart Hurricanes vs Brisbane Heat, 32nd Match - Live Cricket Score, Commentary",Brisbane Heat Innings,150,3,Kemar Roach,4,0,36,0,0,0,9.00
367,"Jan 12, ",07:00 PM,"Bellerive Oval, ",Hobart,"Hobart Hurricanes vs Brisbane Heat, 32nd Match - Live Cricket Score, Commentary",Brisbane Heat Innings,150,3,James Hopes,4,0,18,1,0,0,4.50
368,"Jan 12, ",07:00 PM,"Bellerive Oval, ",Hobart,"Hobart Hurricanes vs Brisbane Heat, 32nd Match - Live Cricket Score, Commentary",Brisbane Heat Innings,150,3,Daniel Christian,4,0,32,2,0,1,8.00
369,"Jan 12, ",07:00 PM,"Bellerive Oval, ",Hobart,"Hobart Hurricanes vs Brisbane Heat, 32nd Match - Live Cricket Score, Commentary",Brisbane Heat Innings,150,3,Chris Lynn,2,0,11,0,0,1,5.50
370,"Jan 12, ",07:00 PM,"Bellerive Oval, ",Hobart,"Hobart Hurricanes vs Brisbane Heat, 32nd Match - Live Cricket Score, Commentary",Hobart Hurricanes Innings,152,2,Mark Higgs,2,0,20,0,0,0,10.00
371,"Jan 12, ",07:00 PM,"Bellerive Oval, ",Hobart,"Hobart Hurricanes vs Brisbane Heat, 32nd Match - Live Cricket Score, Commentary",Hobart Hurricanes Innings,152,2,Michael Hogan,3,0,20,0,0,0,6.67
372,"Jan 12, ",07:00 PM,"Bellerive Oval, ",Hobart,"Hobart Hurricanes vs Brisbane Heat, 32nd Match - Live Cricket Score, Commentary",Hobart Hurricanes Innings,152,2,Doug Bollinger,4,0,41,1,0,0,10.25
373,"Jan 12, ",07:00 PM,"Bellerive Oval, ",Hobart,"Hobart Hurricanes vs Brisbane Heat, 32nd Match - Live Cricket Score, Commentary",Hobart Hurricanes Innings,152,2,Jason Krejza,2,0,31,0,0,0,15.50
374,"Jan 12, ",07:00 PM,"Bellerive Oval, ",Hobart,"Hobart Hurricanes vs Brisbane Heat, 32nd Match - Live Cricket Score, Commentary",Hobart Hurricanes Innings,152,2,Ben Laughlin,3,0,35,1,0,5,11.67
375,"Jan 12, ",07:00 PM,"Bellerive Oval, ",Hobart,"Hobart Hurricanes vs Brisbane Heat, 32nd Match - Live Cricket Score, Commentary",Hobart Hurricanes Innings,152,2,Jonathan Wells,0.1,0,4,0,0,0,40.00
376,"Jan 15, ",07:00 PM,"Docklands Stadium, ",Melbourne,"Melbourne Renegades vs Brisbane Heat, 1st semi-final - Live Cricket Score, Commentary",Melbourne Renegades Innings,183,3,Aaron O Brien,4,0,31,0,0,0,7.75
377,"Jan 15, ",07:00 PM,"Docklands Stadium, ",Melbourne,"Melbourne Renegades vs Brisbane Heat, 1st semi-final - Live Cricket Score, Commentary",Melbourne Renegades Innings,183,3,William Sheridan,4,0,41,0,0,1,10.25
378,"Jan 15, ",07:00 PM,"Docklands Stadium, ",Melbourne,"Melbourne Renegades vs Brisbane Heat, 1st semi-final - Live Cricket Score, Commentary",Melbourne Renegades Innings,183,3,Darren Pattinson,3,0,27,1,0,0,9.00
379,"Jan 15, ",07:00 PM,"Docklands Stadium, ",Melbourne,"Melbourne Renegades vs Brisbane Heat, 1st semi-final - Live Cricket Score, Commentary",Melbourne Renegades Innings,183,3,Nathan Rimmington,3,0,25,0,0,0,8.33
380,"Jan 15, ",07:00 PM,"Docklands Stadium, ",Melbourne,"Melbourne Renegades vs Brisbane Heat, 1st semi-final - Live Cricket Score, Commentary",Melbourne Renegades Innings,183,3,Muttiah Muralitharan,4,0,35,1,0,1,8.75
381,"Jan 15, ",07:00 PM,"Docklands Stadium, ",Melbourne,"Melbourne Renegades vs Brisbane Heat, 1st semi-final - Live Cricket Score, Commentary",Melbourne Renegades Innings,183,3,Aaron Finch,2,0,23,1,1,0,11.50
382,"Jan 15, ",07:00 PM,"Docklands Stadium, ",Melbourne,"Melbourne Renegades vs Brisbane Heat, 1st semi-final - Live Cricket Score, Commentary",Brisbane Heat Innings,168,9,Kemar Roach,4,0,31,0,0,2,7.75
383,"Jan 15, ",07:00 PM,"Docklands Stadium, ",Melbourne,"Melbourne Renegades vs Brisbane Heat, 1st semi-final - Live Cricket Score, Commentary",Brisbane Heat Innings,168,9,Alister McDermott,4,0,31,2,0,0,7.75
384,"Jan 15, ",07:00 PM,"Docklands Stadium, ",Melbourne,"Melbourne Renegades vs Brisbane Heat, 1st semi-final - Live Cricket Score, Commentary",Brisbane Heat Innings,168,9,Ben Cutting,4,0,24,3,0,0,6.00
385,"Jan 15, ",07:00 PM,"Docklands Stadium, ",Melbourne,"Melbourne Renegades vs Brisbane Heat, 1st semi-final - Live Cricket Score, Commentary",Brisbane Heat Innings,168,9,Daniel Christian,2,0,28,0,1,2,14.00
386,"Jan 15, ",07:00 PM,"Docklands Stadium, ",Melbourne,"Melbourne Renegades vs Brisbane Heat, 1st semi-final - Live Cricket Score, Commentary",Brisbane Heat Innings,168,9,Nathan Hauritz,4,0,35,1,0,3,8.75
387,"Jan 15, ",07:00 PM,"Docklands Stadium, ",Melbourne,"Melbourne Renegades vs Brisbane Heat, 1st semi-final - Live Cricket Score, Commentary",Brisbane Heat Innings,168,9,Chris Lynn,2,0,15,2,0,0,7.50
388,"Jan 16, ",06:00 PM,"W.A.C.A. Ground, ",Perth,"Perth Scorchers vs Melbourne Stars, 2nd semi-final - Live Cricket Score, Commentary",Perth Scorchers Innings,183,2,Alfonso Thomas,3,0,27,0,0,0,9.00
389,"Jan 16, ",06:00 PM,"W.A.C.A. Ground, ",Perth,"Perth Scorchers vs Melbourne Stars, 2nd semi-final - Live Cricket Score, Commentary",Perth Scorchers Innings,183,2,Jason Behrendorff,4,0,47,1,1,0,11.75
390,"Jan 16, ",06:00 PM,"W.A.C.A. Ground, ",Perth,"Perth Scorchers vs Melbourne Stars, 2nd semi-final - Live Cricket Score, Commentary",Perth Scorchers Innings,183,2,Nathan Coulter-Nile,4,0,24,1,1,0,6.00
391,"Jan 16, ",06:00 PM,"W.A.C.A. Ground, ",Perth,"Perth Scorchers vs Melbourne Stars, 2nd semi-final - Live Cricket Score, Commentary",Perth Scorchers Innings,183,2,Michael Beer,4,0,39,0,0,1,9.75
392,"Jan 16, ",06:00 PM,"W.A.C.A. Ground, ",Perth,"Perth Scorchers vs Melbourne Stars, 2nd semi-final - Live Cricket Score, Commentary",Perth Scorchers Innings,183,2,Brad Hogg,3,0,44,0,1,0,14.67
393,"Jan 16, ",06:00 PM,"W.A.C.A. Ground, ",Perth,"Perth Scorchers vs Melbourne Stars, 2nd semi-final - Live Cricket Score, Commentary",Melbourne Stars Innings,142,2,James Faulkner,3,0,25,1,2,1,8.33
394,"Jan 16, ",06:00 PM,"W.A.C.A. Ground, ",Perth,"Perth Scorchers vs Melbourne Stars, 2nd semi-final - Live Cricket Score, Commentary",Melbourne Stars Innings,142,2,Jackson Bird,2,0,22,0,0,0,11.00
395,"Jan 16, ",06:00 PM,"W.A.C.A. Ground, ",Perth,"Perth Scorchers vs Melbourne Stars, 2nd semi-final - Live Cricket Score, Commentary",Melbourne Stars Innings,142,2,Dimitri Mascarenhas,3,0,27,0,0,0,9.00
396,"Jan 16, ",06:00 PM,"W.A.C.A. Ground, ",Perth,"Perth Scorchers vs Melbourne Stars, 2nd semi-final - Live Cricket Score, Commentary",Melbourne Stars Innings,142,2,John Hastings,3,0,22,1,0,0,7.33
397,"Jan 16, ",06:00 PM,"W.A.C.A. Ground, ",Perth,"Perth Scorchers vs Melbourne Stars, 2nd semi-final - Live Cricket Score, Commentary",Melbourne Stars Innings,142,2,Alex Keath,1,0,27,0,0,0,27.00
398,"Jan 16, ",06:00 PM,"W.A.C.A. Ground, ",Perth,"Perth Scorchers vs Melbourne Stars, 2nd semi-final - Live Cricket Score, Commentary",Melbourne Stars Innings,142,2,Luke Wright,1,0,12,0,0,0,12.00
399,"Jan 19, ",05:00 PM,"W.A.C.A. Ground, ",Perth,"Perth Scorchers vs Brisbane Heat, Final - Live Cricket Score, Commentary",Perth Scorchers Innings,167,5,Michael Beer,4,0,26,1,0,1,6.50
400,"Jan 19, ",05:00 PM,"W.A.C.A. Ground, ",Perth,"Perth Scorchers vs Brisbane Heat, Final - Live Cricket Score, Commentary",Perth Scorchers Innings,167,5,Alfonso Thomas,4,0,32,0,0,3,8.00
401,"Jan 19, ",05:00 PM,"W.A.C.A. Ground, ",Perth,"Perth Scorchers vs Brisbane Heat, Final - Live Cricket Score, Commentary",Perth Scorchers Innings,167,5,Jason Behrendorff,4,0,38,2,1,0,9.50
402,"Jan 19, ",05:00 PM,"W.A.C.A. Ground, ",Perth,"Perth Scorchers vs Brisbane Heat, Final - Live Cricket Score, Commentary",Perth Scorchers Innings,167,5,Nathan Coulter-Nile,4,0,46,1,0,3,11.50
403,"Jan 19, ",05:00 PM,"W.A.C.A. Ground, ",Perth,"Perth Scorchers vs Brisbane Heat, Final - Live Cricket Score, Commentary",Perth Scorchers Innings,167,5,Brad Hogg,4,0,19,1,0,0,4.75
404,"Jan 19, ",05:00 PM,"W.A.C.A. Ground, ",Perth,"Perth Scorchers vs Brisbane Heat, Final - Live Cricket Score, Commentary",Brisbane Heat Innings,133,9,Nathan Hauritz,3,0,11,0,0,1,3.67
405,"Jan 19, ",05:00 PM,"W.A.C.A. Ground, ",Perth,"Perth Scorchers vs Brisbane Heat, Final - Live Cricket Score, Commentary",Brisbane Heat Innings,133,9,Kemar Roach,4,0,18,3,1,1,4.50
406,"Jan 19, ",05:00 PM,"W.A.C.A. Ground, ",Perth,"Perth Scorchers vs Brisbane Heat, Final - Live Cricket Score, Commentary",Brisbane Heat Innings,133,9,Alister McDermott,4,0,21,2,0,1,5.25
407,"Jan 19, ",05:00 PM,"W.A.C.A. Ground, ",Perth,"Perth Scorchers vs Brisbane Heat, Final - Live Cricket Score, Commentary",Brisbane Heat Innings,133,9,Ben Cutting,4,0,31,2,0,1,7.75
408,"Jan 19, ",05:00 PM,"W.A.C.A. Ground, ",Perth,"Perth Scorchers vs Brisbane Heat, Final - Live Cricket Score, Commentary",Brisbane Heat Innings,133,9,Daniel Christian,2,0,24,1,0,0,12.00
409,"Jan 19, ",05:00 PM,"W.A.C.A. Ground, ",Perth,"Perth Scorchers vs Brisbane Heat, Final - Live Cricket Score, Commentary",Brisbane Heat Innings,133,9,Chris Lynn,3,0,23,1,0,0,7.67
