,Date,Time,Teams,Winners,Links
0,"Dec 07, Fri",1:30 PM,"MELBOURNE RENEGADES vs MELBOURNE STARS, 1st Match",Melbourne Renegades won by 8 wkts,https://www.cricbuzz.com/cricket-scores/11654/mlr-vs-mls-1st-match-big-bash-league-2012-13
1,"Dec 08, Sat",1:30 PM,"SYDNEY SIXERS vs SYDNEY THUNDER, 2nd Match",Sydney Sixers won by 7 wkts,https://www.cricbuzz.com/cricket-scores/11655/sys-vs-syt-2nd-match-big-bash-league-2012-13
2,"Dec 09, Sun",12:30 PM,"BRISBANE HEAT vs HOBART HURRICANES, 3rd Match",Hobart Hurricanes won by 8 wkts,https://www.cricbuzz.com/cricket-scores/11656/brh-vs-hbh-3rd-match-big-bash-league-2012-13
3,,3:30 PM,"PERTH SCORCHERS vs ADELAIDE STRIKERS, 4th Match",Adelaide Strikers won by 6 wkts,https://www.cricbuzz.com/cricket-scores/11657/prs-vs-ads-4th-match-big-bash-league-2012-13
4,"Dec 12, Wed",2:30 PM,"PERTH SCORCHERS vs MELBOURNE STARS, 5th Match",Melbourne Stars won by 10 wickets (D/L method),https://www.cricbuzz.com/cricket-scores/11658/prs-vs-mls-5th-match-big-bash-league-2012-13
5,"Dec 13, Thu",2:00 PM,"ADELAIDE STRIKERS vs BRISBANE HEAT, 6th Match",Brisbane Heat won by 3 wkts,https://www.cricbuzz.com/cricket-scores/11659/ads-vs-brh-6th-match-big-bash-league-2012-13
6,"Dec 14, Fri",1:30 PM,"SYDNEY THUNDER vs MELBOURNE RENEGADES, 7th Match",Melbourne Renegades won by 5 wkts,https://www.cricbuzz.com/cricket-scores/11660/syt-vs-mlr-7th-match-big-bash-league-2012-13
7,"Dec 15, Sat",1:30 PM,"MELBOURNE STARS vs HOBART HURRICANES, 8th Match",Melbourne Stars won by 4 wkts,https://www.cricbuzz.com/cricket-scores/11661/mls-vs-hbh-8th-match-big-bash-league-2012-13
8,"Dec 16, Sun",1:30 PM,"SYDNEY SIXERS vs PERTH SCORCHERS, 9th Match",Perth Scorchers won by 7 wkts,https://www.cricbuzz.com/cricket-scores/11662/sys-vs-prs-9th-match-big-bash-league-2012-13
9,"Dec 18, Tue",2:00 PM,"BRISBANE HEAT vs PERTH SCORCHERS, 10th Match",Perth Scorchers won by 9 wickets( D/L method),https://www.cricbuzz.com/cricket-scores/11663/brh-vs-prs-10th-match-big-bash-league-2012-13
10,"Dec 19, Wed",1:30 PM,"MELBOURNE RENEGADES vs HOBART HURRICANES, 11th Match",Melbourne Renegades won by 7 wkts,https://www.cricbuzz.com/cricket-scores/11664/mlr-vs-hbh-11th-match-big-bash-league-2012-13
11,"Dec 20, Thu",1:30 PM,"SYDNEY THUNDER vs ADELAIDE STRIKERS, 12th Match",Adelaide Strikers won by 51 runs,https://www.cricbuzz.com/cricket-scores/11665/syt-vs-ads-12th-match-big-bash-league-2012-13
12,"Dec 21, Fri",1:30 PM,"MELBOURNE STARS vs SYDNEY SIXERS, 13th Match",Melbourne Stars won by 21 runs,https://www.cricbuzz.com/cricket-scores/11666/mls-vs-sys-13th-match-big-bash-league-2012-13
13,"Dec 22, Sat",1:30 PM,"MELBOURNE RENEGADES vs BRISBANE HEAT, 14th Match",Melbourne Renegades won by 6 wkts,https://www.cricbuzz.com/cricket-scores/11667/mlr-vs-brh-14th-match-big-bash-league-2012-13
14,"Dec 23, Sun",11:00 AM,"HOBART HURRICANES vs SYDNEY THUNDER, 15th Match",Hobart Hurricanes won by 30 runs,https://www.cricbuzz.com/cricket-scores/11668/hbh-vs-syt-15th-match-big-bash-league-2012-13
15,,2:00 PM,"ADELAIDE STRIKERS vs SYDNEY SIXERS, 16th Match",Adelaide Strikers won by 9 wkts,https://www.cricbuzz.com/cricket-scores/11669/ads-vs-sys-16th-match-big-bash-league-2012-13
16,"Dec 26, Wed",1:30 PM,"SYDNEY SIXERS vs HOBART HURRICANES, 17th Match",Hobart Hurricanes won by 7 wkts,https://www.cricbuzz.com/cricket-scores/11670/sys-vs-hbh-17th-match-big-bash-league-2012-13
17,"Dec 27, Thu",2:00 PM,"ADELAIDE STRIKERS vs MELBOURNE STARS, 18th Match",Melbourne Stars won by 8 runs,https://www.cricbuzz.com/cricket-scores/11671/ads-vs-mls-18th-match-big-bash-league-2012-13
18,"Dec 28, Fri",1:30 PM,"SYDNEY THUNDER vs BRISBANE HEAT, 19th Match",Brisbane Heat won by 5 wkts,https://www.cricbuzz.com/cricket-scores/11672/syt-vs-brh-19th-match-big-bash-league-2012-13
19,"Dec 29, Sat",3:30 PM,"PERTH SCORCHERS vs MELBOURNE RENEGADES, 20th Match",Perth Scorchers won by 51 runs,https://www.cricbuzz.com/cricket-scores/11673/prs-vs-mlr-20th-match-big-bash-league-2012-13
20,"Dec 30, Sun",1:30 PM,"SYDNEY THUNDER vs SYDNEY SIXERS, 21st Match",Sydney Sixers won by 4 wkts,https://www.cricbuzz.com/cricket-scores/11674/syt-vs-sys-21st-match-big-bash-league-2012-13
21,"Jan 01, Tue",1:30 PM,"HOBART HURRICANES vs PERTH SCORCHERS, 22nd Match",Hobart Hurricanes won by 6 wkts,https://www.cricbuzz.com/cricket-scores/11675/hbh-vs-prs-22nd-match-big-bash-league-2012-13
22,"Jan 02, Wed",1:30 PM,"MELBOURNE RENEGADES vs ADELAIDE STRIKERS, 23rd Match",Melbourne Renegades won by 48 runs,https://www.cricbuzz.com/cricket-scores/11676/mlr-vs-ads-23rd-match-big-bash-league-2012-13
23,"Jan 03, Thu",2:00 PM,"BRISBANE HEAT vs MELBOURNE STARS, 24th Match",Brisbane Heat won by 24 runs,https://www.cricbuzz.com/cricket-scores/11677/brh-vs-mls-24th-match-big-bash-league-2012-13
24,"Jan 04, Fri",3:30 PM,"PERTH SCORCHERS vs SYDNEY THUNDER, 25th Match",Perth Scorchers won by 9 wkts,https://www.cricbuzz.com/cricket-scores/11678/prs-vs-syt-25th-match-big-bash-league-2012-13
25,"Jan 05, Sat",1:30 PM,"HOBART HURRICANES vs ADELAIDE STRIKERS, 26th Match",Adelaide Strikers won by 38 runs,https://www.cricbuzz.com/cricket-scores/11679/hbh-vs-ads-26th-match-big-bash-league-2012-13
26,"Jan 06, Sun",1:30 PM,"MELBOURNE STARS vs MELBOURNE RENEGADES, 27th Match",Melbourne Renegades won by 9 wkts,https://www.cricbuzz.com/cricket-scores/11680/mls-vs-mlr-27th-match-big-bash-league-2012-13
27,"Jan 07, Mon",2:00 PM,"BRISBANE HEAT vs SYDNEY SIXERS, 28th Match",Sydney Sixers won by 5 wkts,https://www.cricbuzz.com/cricket-scores/11681/brh-vs-sys-28th-match-big-bash-league-2012-13
28,"Jan 08, Tue",1:30 PM,"MELBOURNE STARS vs SYDNEY THUNDER, 29th Match",Melbourne Stars won by 13 runs,https://www.cricbuzz.com/cricket-scores/11682/mls-vs-syt-29th-match-big-bash-league-2012-13
29,"Jan 09, Wed",1:30 PM,"SYDNEY SIXERS vs MELBOURNE RENEGADES, 30th Match",Melbourne Renegades won by 29 runs,https://www.cricbuzz.com/cricket-scores/11683/sys-vs-mlr-30th-match-big-bash-league-2012-13
30,"Jan 10, Thu",2:00 PM,"ADELAIDE STRIKERS vs PERTH SCORCHERS, 31st Match",Perth Scorchers won by 98 runs,https://www.cricbuzz.com/cricket-scores/11684/ads-vs-prs-31st-match-big-bash-league-2012-13
31,"Jan 12, Sat",1:30 PM,"HOBART HURRICANES vs BRISBANE HEAT, 32nd Match",Brisbane Heat won by 8 wkts,https://www.cricbuzz.com/cricket-scores/11685/hbh-vs-brh-32nd-match-big-bash-league-2012-13
32,"Jan 15, Tue",1:30 PM,"MELBOURNE RENEGADES vs BRISBANE HEAT, 1st semi-final",Brisbane Heat won by 15 runs,https://www.cricbuzz.com/cricket-scores/11686/mlr-vs-brh-1st-semi-final-big-bash-league-2012-13
33,"Jan 16, Wed",3:30 PM,"PERTH SCORCHERS vs MELBOURNE STARS, 2nd semi-final",Perth won by 8 wickets (D/L method),https://www.cricbuzz.com/cricket-scores/11687/prs-vs-mls-2nd-semi-final-big-bash-league-2012-13
34,"Jan 19, Sat",2:30 PM,"PERTH SCORCHERS vs BRISBANE HEAT, Final",Brisbane Heat won by 34 runs,https://www.cricbuzz.com/cricket-scores/11688/prs-vs-brh-final-big-bash-league-2012-13
