,Date,Time,Teams,Winners,Links
0,"Dec 05, Sun",2:05 PM,"SYDNEY SIXERS vs MELBOURNE STARS, 1st Match",Sydney Sixers won by 152 runs,https://www.cricbuzz.com/cricket-scores/36986/sys-vs-mls-1st-match-big-bash-league-2021-22
1,"Dec 06, Mon",1:45 PM,"SYDNEY THUNDER vs BRISBANE HEAT, 2nd Match",Sydney Thunder won by 7 wkts,https://www.cricbuzz.com/cricket-scores/36987/syt-vs-brh-2nd-match-big-bash-league-2021-22
2,"Dec 07, Tue",1:45 PM,"MELBOURNE RENEGADES vs ADELAIDE STRIKERS, 3rd Match",Melbourne Renegades won by 2 runs,https://www.cricbuzz.com/cricket-scores/36991/mlr-vs-ads-3rd-match-big-bash-league-2021-22
3,"Dec 08, Wed",1:05 PM,"HOBART HURRICANES vs SYDNEY SIXERS, 4th Match",Sydney Sixers won by 14 runs,https://www.cricbuzz.com/cricket-scores/36996/hbh-vs-sys-4th-match-big-bash-league-2021-22
4,,4:05 PM,"PERTH SCORCHERS vs BRISBANE HEAT, 5th Match",Perth Scorchers won by 6 runs,https://www.cricbuzz.com/cricket-scores/36997/prs-vs-brh-5th-match-big-bash-league-2021-22
5,"Dec 09, Thu",1:45 PM,"ADELAIDE STRIKERS vs MELBOURNE RENEGADES, 6th Match",Adelaide Strikers won by 49 runs,https://www.cricbuzz.com/cricket-scores/37002/ads-vs-mlr-6th-match-big-bash-league-2021-22
6,"Dec 10, Fri",1:45 PM,"MELBOURNE STARS vs SYDNEY THUNDER, 7th Match",Melbourne Stars won by 4 runs,https://www.cricbuzz.com/cricket-scores/37007/mls-vs-syt-7th-match-big-bash-league-2021-22
7,"Dec 11, Sat",1:05 PM,"SYDNEY SIXERS vs HOBART HURRICANES, 8th Match","Hobart Hurricanes won by 44 runs by DLS Method (Match reduced to 18 overs due to rain, target 196)",https://www.cricbuzz.com/cricket-scores/37011/sys-vs-hbh-8th-match-big-bash-league-2021-22
8,,4:00 PM,"PERTH SCORCHERS vs ADELAIDE STRIKERS, 9th Match",Perth Scorchers won by 49 runs,https://www.cricbuzz.com/cricket-scores/37012/prs-vs-ads-9th-match-big-bash-league-2021-22
9,"Dec 12, Sun",1:45 PM,"SYDNEY THUNDER vs MELBOURNE STARS, 10th Match",Melbourne Stars won by 6 wkts,https://www.cricbuzz.com/cricket-scores/37017/syt-vs-mls-10th-match-big-bash-league-2021-22
10,"Dec 13, Mon",1:45 PM,"BRISBANE HEAT vs MELBOURNE RENEGADES, 11th Match",Brisbane Heat won by 5 wkts,https://www.cricbuzz.com/cricket-scores/37021/brh-vs-mlr-11th-match-big-bash-league-2021-22
11,"Dec 14, Tue",1:45 PM,"HOBART HURRICANES vs PERTH SCORCHERS, 12th Match",Perth Scorchers won by 53 runs,https://www.cricbuzz.com/cricket-scores/37022/hbh-vs-prs-12th-match-big-bash-league-2021-22
12,"Dec 15, Wed",1:45 PM,"MELBOURNE STARS vs SYDNEY SIXERS, 13th Match",Sydney Sixers won by 7 wkts,https://www.cricbuzz.com/cricket-scores/37026/mls-vs-sys-13th-match-big-bash-league-2021-22
13,"Dec 19, Sun",2:10 PM,"BRISBANE HEAT vs SYDNEY THUNDER, 14th Match",Sydney Thunder won by 53 runs,https://www.cricbuzz.com/cricket-scores/37031/brh-vs-syt-14th-match-big-bash-league-2021-22
14,"Dec 20, Mon",1:45 PM,"PERTH SCORCHERS vs HOBART HURRICANES, 15th Match",Perth Scorchers won by 42 runs,https://www.cricbuzz.com/cricket-scores/37036/prs-vs-hbh-15th-match-big-bash-league-2021-22
15,"Dec 21, Tue",1:45 PM,"SYDNEY SIXERS vs ADELAIDE STRIKERS, 16th Match",Sydney Sixers won by 4 wkts,https://www.cricbuzz.com/cricket-scores/37037/sys-vs-ads-16th-match-big-bash-league-2021-22
16,"Dec 22, Wed",1:45 PM,"MELBOURNE RENEGADES vs PERTH SCORCHERS, 17th Match",Perth Scorchers won by 21 runs,https://www.cricbuzz.com/cricket-scores/37042/mlr-vs-prs-17th-match-big-bash-league-2021-22
17,"Dec 23, Thu",1:45 PM,"ADELAIDE STRIKERS vs BRISBANE HEAT, 18th Match",Brisbane Heat won by 39 runs,https://www.cricbuzz.com/cricket-scores/37047/ads-vs-brh-18th-match-big-bash-league-2021-22
18,"Dec 24, Fri",10:00 AM,"HOBART HURRICANES vs MELBOURNE STARS, 19th Match",Hobart Hurricanes won by 24 runs,https://www.cricbuzz.com/cricket-scores/37052/hbh-vs-mls-19th-match-big-bash-league-2021-22
19,"Dec 26, Sun",12:35 PM,"SYDNEY THUNDER vs SYDNEY SIXERS, 20th Match",Sydney Sixers won by 30 runs by DLS Method,https://www.cricbuzz.com/cricket-scores/37056/syt-vs-sys-20th-match-big-bash-league-2021-22
20,,3:45 PM,"PERTH SCORCHERS vs MELBOURNE RENEGADES, 21st Match",Perth Scorchers won by 8 wkts,https://www.cricbuzz.com/cricket-scores/37057/prs-vs-mlr-21st-match-big-bash-league-2021-22
21,"Dec 27, Mon",12:35 PM,"HOBART HURRICANES vs ADELAIDE STRIKERS, 22nd Match",Hobart Hurricanes won by 7 wkts,https://www.cricbuzz.com/cricket-scores/37061/hbh-vs-ads-22nd-match-big-bash-league-2021-22
22,,3:35 PM,"BRISBANE HEAT vs MELBOURNE STARS, 23rd Match",Melbourne Stars won by 20 runs,https://www.cricbuzz.com/cricket-scores/37062/brh-vs-mls-23rd-match-big-bash-league-2021-22
23,"Dec 28, Tue",1:45 PM,"SYDNEY THUNDER vs PERTH SCORCHERS, 24th Match",Sydney Thunder won by 34 runs,https://www.cricbuzz.com/cricket-scores/37067/syt-vs-prs-24th-match-big-bash-league-2021-22
24,"Dec 29, Wed",12:35 PM,"SYDNEY SIXERS vs BRISBANE HEAT, 25th Match",Sydney Sixers won by 2 wkts,https://www.cricbuzz.com/cricket-scores/37071/sys-vs-brh-25th-match-big-bash-league-2021-22
25,,1:45 PM,"MELBOURNE RENEGADES vs HOBART HURRICANES, 26th Match",Hobart Hurricanes won by 85 runs,https://www.cricbuzz.com/cricket-scores/37072/mlr-vs-hbh-26th-match-big-bash-league-2021-22
26,"Dec 30, Thu",1:45 PM,"PERTH SCORCHERS vs MELBOURNE STARS, 27th Match",Match Postponed due to COVID-19 pandemic,https://www.cricbuzz.com/cricket-scores/37076/prs-vs-mls-27th-match-big-bash-league-2021-22
27,"Dec 31, Fri",1:45 PM,"ADELAIDE STRIKERS vs SYDNEY THUNDER, 28th Match",Sydney Thunder won by 22 runs,https://www.cricbuzz.com/cricket-scores/37081/ads-vs-syt-28th-match-big-bash-league-2021-22
28,"Jan 01, Sat",10:30 AM,"HOBART HURRICANES vs BRISBANE HEAT, 29th Match",Brisbane Heat won by 14 runs,https://www.cricbuzz.com/cricket-scores/37082/hbh-vs-brh-29th-match-big-bash-league-2021-22
29,,2:00 PM,"SYDNEY SIXERS vs MELBOURNE RENEGADES, 30th Match",No result (Match abandoned with a toss due to rain),https://www.cricbuzz.com/cricket-scores/37087/sys-vs-mlr-30th-match-big-bash-league-2021-22
30,"Jan 02, Sun",10:00 AM,"MELBOURNE STARS vs PERTH SCORCHERS, 31st Match",Perth Scorchers won by 50 runs,https://www.cricbuzz.com/cricket-scores/37091/mls-vs-prs-31st-match-big-bash-league-2021-22
31,,1:45 PM,"SYDNEY THUNDER vs ADELAIDE STRIKERS, 32nd Match",Sydney Thunder won by 28 runs,https://www.cricbuzz.com/cricket-scores/37092/syt-vs-ads-32nd-match-big-bash-league-2021-22
32,"Jan 03, Mon",1:45 PM,"MELBOURNE STARS vs MELBOURNE RENEGADES, 33rd Match",Melbourne Renegades won by 5 wkts,https://www.cricbuzz.com/cricket-scores/37097/mls-vs-mlr-33rd-match-big-bash-league-2021-22
33,"Jan 04, Tue",1:45 PM,"PERTH SCORCHERS vs SYDNEY SIXERS, 34th Match",Perth Scorchers won by 10 runs,https://www.cricbuzz.com/cricket-scores/37101/prs-vs-sys-34th-match-big-bash-league-2021-22
34,"Jan 05, Wed",1:45 PM,"ADELAIDE STRIKERS vs HOBART HURRICANES, 35th Match",Adelaide Strikers won by 7 wkts,https://www.cricbuzz.com/cricket-scores/37102/ads-vs-hbh-35th-match-big-bash-league-2021-22
35,,3:45 PM,"BRISBANE HEAT vs SYDNEY SIXERS, 36th Match",Match Postponed due to COVID-19 pandemic,https://www.cricbuzz.com/cricket-scores/37107/brh-vs-sys-36th-match-big-bash-league-2021-22
36,"Jan 06, Thu",12:35 PM,"MELBOURNE RENEGADES vs BRISBANE HEAT, 37th Match",Melbourne Renegades won by 5 wkts,https://www.cricbuzz.com/cricket-scores/37112/mlr-vs-brh-37th-match-big-bash-league-2021-22
37,,3:45 PM,"PERTH SCORCHERS vs SYDNEY THUNDER, 38th Match","Sydney Thunder won by 6 wickets by DLS method (Match reduced to 18 overs due to rain, target 135)",https://www.cricbuzz.com/cricket-scores/37117/prs-vs-syt-38th-match-big-bash-league-2021-22
38,"Jan 07, Fri",1:45 PM,"ADELAIDE STRIKERS vs MELBOURNE STARS, 39th Match",Match postponed due to Covid-19 pandemic,https://www.cricbuzz.com/cricket-scores/37121/ads-vs-mls-39th-match-big-bash-league-2021-22
39,"Jan 08, Sat",12:35 PM,"MELBOURNE RENEGADES vs SYDNEY THUNDER, 40th Match",Sydney Thunder won by 129 runs,https://www.cricbuzz.com/cricket-scores/37122/mlr-vs-syt-40th-match-big-bash-league-2021-22
40,,3:00 PM,"BRISBANE HEAT vs HOBART HURRICANES, 41st Match",Hobart Hurricanes won by 8 wkts,https://www.cricbuzz.com/cricket-scores/37127/brh-vs-hbh-41st-match-big-bash-league-2021-22
41,"Jan 09, Sun",1:45 PM,"SYDNEY SIXERS vs PERTH SCORCHERS, 42nd Match",Perth Scorchers won by 5 wkts,https://www.cricbuzz.com/cricket-scores/37131/sys-vs-prs-42nd-match-big-bash-league-2021-22
42,"Jan 10, Mon",8:40 AM,"HOBART HURRICANES vs SYDNEY THUNDER, 44th Match",Sydney Thunder won by 9 wkts,https://www.cricbuzz.com/cricket-scores/37137/hbh-vs-syt-44th-match-big-bash-league-2021-22
43,,1:45 PM,"MELBOURNE STARS vs ADELAIDE STRIKERS, 43rd Match",Melbourne Stars won by 5 wkts,https://www.cricbuzz.com/cricket-scores/37136/mls-vs-ads-43rd-match-big-bash-league-2021-22
44,"Jan 11, Tue",8:40 AM,"PERTH SCORCHERS vs MELBOURNE STARS, 27th Match (Rescheduled)",Perth Scorchers won by 47 runs,https://www.cricbuzz.com/cricket-scores/42651/prs-vs-mls-27th-match-rescheduled-big-bash-league-2021-22
45,,1:45 PM,"MELBOURNE RENEGADES vs SYDNEY SIXERS, 45th Match",Sydney Sixers won by 45 runs,https://www.cricbuzz.com/cricket-scores/37142/mlr-vs-sys-45th-match-big-bash-league-2021-22
46,"Jan 12, Wed",1:45 PM,"BRISBANE HEAT vs ADELAIDE STRIKERS, 46th Match",Adelaide Strikers won by 71 runs,https://www.cricbuzz.com/cricket-scores/37146/brh-vs-ads-46th-match-big-bash-league-2021-22
47,"Jan 13, Thu",10:15 AM,"SYDNEY THUNDER vs HOBART HURRICANES, 47th Match",Hobart Hurricanes won by 9 runs,https://www.cricbuzz.com/cricket-scores/37147/syt-vs-hbh-47th-match-big-bash-league-2021-22
48,,2:05 PM,"MELBOURNE RENEGADES vs MELBOURNE STARS, 48th Match",Melbourne Stars won by 6 wkts,https://www.cricbuzz.com/cricket-scores/37152/mlr-vs-mls-48th-match-big-bash-league-2021-22
49,"Jan 14, Fri",5:10 AM (Jan 14),"ADELAIDE STRIKERS vs PERTH SCORCHERS, 49th Match",Adelaide Strikers won by 6 wkts,https://www.cricbuzz.com/cricket-scores/37156/ads-vs-prs-49th-match-big-bash-league-2021-22
50,"Jan 15, Sat",5:10 AM (Jan 15),"ADELAIDE STRIKERS vs MELBOURNE STARS, 39th Match (Rescheduled)",Adelaide Strikers won by 23 runs,https://www.cricbuzz.com/cricket-scores/42656/ads-vs-mls-39th-match-rescheduled-big-bash-league-2021-22
51,,1:10 PM,"SYDNEY SIXERS vs SYDNEY THUNDER, 50th Match",Sydney Sixers won by 60 runs,https://www.cricbuzz.com/cricket-scores/37157/sys-vs-syt-50th-match-big-bash-league-2021-22
52,"Jan 16, Sun",1:45 PM,"MELBOURNE STARS vs BRISBANE HEAT, 51st Match",Melbourne Stars won by 8 wkts,https://www.cricbuzz.com/cricket-scores/37161/mls-vs-brh-51st-match-big-bash-league-2021-22
53,"Jan 17, Mon",11:35 AM,"ADELAIDE STRIKERS vs SYDNEY SIXERS, 52nd Match",Adelaide Strikers won by 8 wkts,https://www.cricbuzz.com/cricket-scores/37166/ads-vs-sys-52nd-match-big-bash-league-2021-22
54,,2:45 PM,"BRISBANE HEAT vs PERTH SCORCHERS, 53rd Match",Perth Scorchers won by 6 wkts,https://www.cricbuzz.com/cricket-scores/37171/brh-vs-prs-53rd-match-big-bash-league-2021-22
55,"Jan 18, Tue",1:45 PM,"HOBART HURRICANES vs MELBOURNE RENEGADES, 54th Match",Hobart Hurricanes won by 6 runs,https://www.cricbuzz.com/cricket-scores/37176/hbh-vs-mlr-54th-match-big-bash-league-2021-22
56,"Jan 19, Wed",7:35 AM,"BRISBANE HEAT vs SYDNEY SIXERS, 36th Match (Rescheduled)",Sydney Sixers won by 27 runs,https://www.cricbuzz.com/cricket-scores/37181/brh-vs-sys-36th-match-rescheduled-big-bash-league-2021-22
57,,10:40 AM,"SYDNEY THUNDER vs MELBOURNE RENEGADES, 55th Match",Sydney Thunder won by 1 run,https://www.cricbuzz.com/cricket-scores/37182/syt-vs-mlr-55th-match-big-bash-league-2021-22
58,,2:20 PM,"MELBOURNE STARS vs HOBART HURRICANES, 56th Match",Melbourne Stars won by 106 runs,https://www.cricbuzz.com/cricket-scores/42776/mls-vs-hbh-56th-match-big-bash-league-2021-22
59,"Jan 21, Fri",1:45 PM,"ADELAIDE STRIKERS vs HOBART HURRICANES, Eliminator",Adelaide Strikers won by 22 runs,https://www.cricbuzz.com/cricket-scores/37186/ads-vs-hbh-eliminator-big-bash-league-2021-22
60,"Jan 22, Sat",1:45 PM,"PERTH SCORCHERS vs SYDNEY SIXERS, Qualifier",Perth Scorchers won by 48 runs,https://www.cricbuzz.com/cricket-scores/37187/prs-vs-sys-qualifier-big-bash-league-2021-22
61,"Jan 23, Sun",1:45 PM,"SYDNEY THUNDER vs ADELAIDE STRIKERS, Knockout",Adelaide Strikers won by 6 runs,https://www.cricbuzz.com/cricket-scores/37192/syt-vs-ads-knockout-big-bash-league-2021-22
62,"Jan 26, Wed",1:55 PM,"SYDNEY SIXERS vs ADELAIDE STRIKERS, Challenger",Sydney Sixers won by 4 wkts,https://www.cricbuzz.com/cricket-scores/37197/sys-vs-ads-challenger-big-bash-league-2021-22
63,"Jan 28, Fri",2:10 PM,"PERTH SCORCHERS vs SYDNEY SIXERS, Final",Perth Scorchers won by 79 runs,https://www.cricbuzz.com/cricket-scores/37202/prs-vs-sys-final-big-bash-league-2021-22
